student_id,usn,student_name,videos_watched,total_video_time_minutes,quiz_avg_score,assignment_avg_marks,attendance_percentage,participation_score,previous_gpa,final_exam_score,performance_label,appended_at
DB_1162_PY,2024IT0001,Nisha Mishra,5,111.5,6.4,16.1,95.0,6.0,6.39,70.8,Medium,
DB_1162_CN,2024IT0001,Nisha Mishra,5,161.9,6.03,11.7,80.0,6.3,6.39,65.6,Medium,
DB_1163_PY,2025AI0002,Reyansh Vashistha,9,194.3,8.8,20.9,100.0,9.3,9.43,91.5,High,
DB_1163_ML,2025AI0002,Reyansh Vashistha,3,202.0,5.0,20.0,80.0,9.2,9.43,91.6,High,
DB_1164_WD,2023DS0003,Santosh Menon,5,131.8,7.66,34.7,95.0,7.7,8.28,86.8,High,
DB_1164_DSC,2023DS0003,Santosh Menon,10,238.7,9.1,25.53,90.0,8.2,8.28,85.3,High,
DB_1164_AIML,2023DS0003,Santosh Menon,4,103.3,8.5,34.22,85.0,8.3,8.28,86.8,High,
DB_1164_ML,2023DS0003,Santosh Menon,3,200.1,3.5,16.75,90.0,8.0,8.28,81.0,High,
DB_1165_DS,2024EC0004,Ashish Kulkarni,9,227.9,6.6,21.88,80.0,5.8,5.99,64.0,Medium,
DB_1165_PY,2024EC0004,Ashish Kulkarni,11,160.4,5.47,14.63,90.0,5.5,5.99,63.0,Medium,
DB_1166_PY,2025EE0005,Ojaswi Agarwal,7,122.8,5.05,11.6,80.0,4.3,5.21,57.0,Medium,
DB_1166_DSC,2025EE0005,Ojaswi Agarwal,7,207.8,4.33,16.5,65.0,4.0,5.21,49.4,Low,
DB_1166_AIML,2025EE0005,Ojaswi Agarwal,4,105.9,3.8,19.23,85.0,4.7,5.21,54.3,Medium,
DB_1166_ML,2025EE0005,Ojaswi Agarwal,1,133.9,1.7,7.6,80.0,4.0,5.21,46.7,Low,
DB_1167_DS,2023ME0006,Suman Vashistha,17,395.0,7.6,24.15,90.0,7.1,6.96,80.0,High,
DB_1167_WD,2023ME0006,Suman Vashistha,4,74.4,6.6,23.16,95.0,7.2,6.96,81.2,High,
DB_1167_CN,2023ME0006,Suman Vashistha,12,268.7,6.6,18.96,90.0,7.3,6.96,76.9,High,
DB_1167_ML,2023ME0006,Suman Vashistha,3,192.3,3.7,15.7,90.0,7.2,6.96,76.9,High,
DB_1168_PY,2024CE0007,Kriti Mehta,22,463.8,9.76,27.82,95.0,9.8,9.56,94.4,High,
DB_1168_WD,2024CE0007,Kriti Mehta,12,343.3,9.3,31.01,95.0,9.7,9.56,96.5,High,
DB_1168_AIML,2024CE0007,Kriti Mehta,16,318.3,9.6,43.33,90.0,9.4,9.56,93.5,High,
DB_1168_ML,2024CE0007,Kriti Mehta,3,190.1,4.6,20.0,100.0,9.3,9.56,98.0,High,
DB_1169_PY,2025CS0008,Tanisha Bansal,5,96.2,5.97,11.87,85.0,5.5,6.39,65.4,Medium,
DB_1169_CN,2025CS0008,Tanisha Bansal,5,106.4,4.57,14.36,85.0,5.5,6.39,62.9,Medium,
DB_1169_DSC,2025CS0008,Tanisha Bansal,5,165.6,6.67,17.83,50.0,4.9,6.39,56.2,Medium,
DB_1170_DS,2023IT0009,Krishna Patel,7,176.9,5.2,22.2,85.0,5.2,5.84,60.3,Medium,
DB_1170_WD,2023IT0009,Krishna Patel,10,288.6,2.4,11.5,75.0,5.4,5.84,57.7,Medium,
DB_1170_CN,2023IT0009,Krishna Patel,7,172.4,6.7,12.1,80.0,5.1,5.84,65.3,Medium,
DB_1171_DS,2024AI0010,Nikhil Bose,14,395.5,8.9,24.3,90.0,8.4,9.01,87.8,High,
DB_1171_WD,2024AI0010,Nikhil Bose,16,412.7,8.5,26.0,95.0,8.1,9.01,86.1,High,
DB_1171_AIML,2024AI0010,Nikhil Bose,6,134.9,7.87,34.34,80.0,7.9,9.01,85.0,High,
DB_1172_DS,2025DS0011,Rajesh Arora,6,124.3,7.0,19.82,90.0,6.2,6.57,71.9,Medium,
DB_1172_PY,2025DS0011,Rajesh Arora,12,331.6,6.3,20.07,100.0,6.5,6.57,69.8,Medium,
DB_1172_DSC,2025DS0011,Rajesh Arora,8,196.5,6.13,24.17,85.0,6.4,6.57,73.0,Medium,
DB_1173_PY,2023EC0012,Shruti Patel,4,80.8,4.66,13.18,90.0,4.6,5.54,56.3,Medium,
DB_1173_CN,2023EC0012,Shruti Patel,7,197.0,4.76,13.95,90.0,4.5,5.54,61.0,Medium,
DB_1173_ML,2023EC0012,Shruti Patel,0,85.2,2.6,10.0,75.0,5.0,5.54,55.2,Medium,
DB_1174_WD,2024EE0013,Jyoti Dutta,4,96.9,4.4,16.2,70.0,4.6,5.76,55.1,Medium,
DB_1174_ML,2024EE0013,Jyoti Dutta,3,194.8,2.6,11.9,85.0,5.1,5.76,60.2,Medium,
DB_1175_DS,2025ME0014,Jaya Kaushik,7,178.2,6.3,23.46,95.0,7.0,8.45,77.1,High,
DB_1175_PY,2025ME0014,Jaya Kaushik,12,314.0,8.02,25.05,95.0,7.1,8.45,84.2,High,
DB_1175_CN,2025ME0014,Jaya Kaushik,5,89.6,7.72,24.95,90.0,7.2,8.45,79.6,High,
DB_1176_DS,2023CE0015,Ekta Bajaj,9,225.6,6.74,20.7,75.0,6.0,7.1,67.7,Medium,
DB_1176_DSC,2023CE0015,Ekta Bajaj,6,214.1,6.43,20.26,80.0,6.2,7.1,65.7,Medium,
DB_1177_DS,2024CS0016,Jagdish Choudhury,22,509.7,8.75,25.65,100.0,8.8,8.99,89.9,High,
DB_1177_PY,2024CS0016,Jagdish Choudhury,17,402.1,8.34,25.5,95.0,8.9,8.99,88.1,High,
DB_1178_WD,2025IT0017,Saanvi Ahuja,4,172.2,5.5,15.59,65.0,4.9,5.78,56.6,Medium,
DB_1178_DSC,2025IT0017,Saanvi Ahuja,5,92.8,4.88,13.5,80.0,4.8,5.78,57.3,Medium,
DB_1178_AIML,2025IT0017,Saanvi Ahuja,5,96.5,5.75,23.1,80.0,4.8,5.78,62.5,Medium,
DB_1178_ML,2025IT0017,Saanvi Ahuja,3,198.1,2.8,11.6,80.0,4.5,5.78,61.7,Medium,
DB_1179_PY,2023AI0018,Pramod Sharma,14,217.7,9.32,25.83,95.0,8.8,9.12,95.2,High,
DB_1179_WD,2023AI0018,Pramod Sharma,7,145.5,9.5,31.63,95.0,9.3,9.12,95.8,High,
DB_1179_CN,2023AI0018,Pramod Sharma,13,248.4,9.4,17.5,90.0,9.4,9.12,94.3,High,
DB_1179_AIML,2023AI0018,Pramod Sharma,9,176.1,9.95,38.77,100.0,9.0,9.12,97.1,High,
DB_1180_DS,2024DS0019,Vaishnavi Chatterjee,6,180.9,7.37,25.4,85.0,7.3,7.9,78.1,High,
DB_1180_WD,2024DS0019,Vaishnavi Chatterjee,8,202.5,6.48,18.48,85.0,6.5,7.9,76.1,High,
DB_1180_CN,2024DS0019,Vaishnavi Chatterjee,13,281.4,6.38,18.8,95.0,7.3,7.9,76.0,High,
DB_1180_AIML,2024DS0019,Vaishnavi Chatterjee,12,240.9,6.63,30.35,95.0,6.7,7.9,71.0,Medium,
DB_1181_PY,2025EC0020,Devanshi Bansal,10,170.6,5.08,15.85,80.0,5.3,6.03,60.4,Medium,
DB_1181_CN,2025EC0020,Devanshi Bansal,7,137.3,4.97,12.76,75.0,4.7,6.03,58.8,Medium,
DB_1181_AIML,2025EC0020,Devanshi Bansal,7,135.2,4.94,20.32,85.0,4.8,6.03,61.0,Medium,
DB_1182_DS,2023EE0021,Rajendra Mathew,13,309.1,7.22,23.67,80.0,7.2,6.78,77.6,High,
DB_1182_PY,2023EE0021,Rajendra Mathew,10,197.0,6.85,18.11,95.0,6.8,6.78,73.7,Medium,
DB_1182_DSC,2023EE0021,Rajendra Mathew,12,327.9,6.7,25.74,70.0,7.4,6.78,68.5,Medium,
DB_1182_ML,2023EE0021,Rajendra Mathew,3,199.4,4.4,14.2,75.0,6.9,6.78,76.8,High,
DB_1183_CN,2024ME0022,Abhishek Bose,5,86.0,8.58,24.16,100.0,8.8,8.62,90.9,High,
DB_1183_DSC,2024ME0022,Abhishek Bose,10,217.2,8.97,25.1,100.0,8.5,8.62,86.9,High,
DB_1183_ML,2024ME0022,Abhishek Bose,2,166.9,3.9,18.3,95.0,9.1,8.62,88.1,High,
DB_1184_DS,2025CE0023,Yamini Rajput,14,334.8,7.93,22.9,85.0,7.1,8.18,76.6,High,
DB_1184_PY,2025CE0023,Yamini Rajput,16,364.1,7.6,21.65,95.0,7.4,8.18,81.6,High,
DB_1184_WD,2025CE0023,Yamini Rajput,6,111.2,6.7,19.8,80.0,7.2,8.18,73.0,Medium,
DB_1184_DSC,2025CE0023,Yamini Rajput,9,226.4,6.49,24.5,85.0,7.3,8.18,78.0,High,
DB_1185_WD,2023CS0024,Yash Mehta,16,422.0,8.9,27.54,95.0,8.1,8.83,92.4,High,
DB_1185_DSC,2023CS0024,Yash Mehta,14,301.8,8.68,18.9,90.0,8.9,8.83,91.1,High,
DB_1186_DS,2024IT0025,Parag Shah,10,232.5,6.23,20.03,95.0,5.6,6.76,66.9,Medium,
DB_1186_CN,2024IT0025,Parag Shah,9,201.5,7.0,20.5,80.0,6.4,6.76,65.0,Medium,
DB_1187_CN,2025AI0026,Brijesh Rathore,4,84.3,5.45,14.86,75.0,5.3,6.59,62.1,Medium,
DB_1187_DSC,2025AI0026,Brijesh Rathore,4,126.1,5.6,22.7,90.0,5.8,6.59,62.6,Medium,
DB_1187_ML,2025AI0026,Brijesh Rathore,2,171.4,3.6,10.75,75.0,5.3,6.59,64.4,Medium,
DB_1188_PY,2023DS0027,Shruti Kurian,11,185.0,7.4,21.57,85.0,7.5,6.93,75.4,High,
DB_1188_AIML,2023DS0027,Shruti Kurian,6,105.2,8.6,26.05,95.0,7.9,6.93,80.3,High,
DB_1189_CN,2024EC0028,Juhi Kumar,12,250.0,7.8,21.22,95.0,7.8,8.99,83.9,High,
DB_1189_AIML,2024EC0028,Juhi Kumar,12,261.5,8.46,33.35,90.0,8.2,8.99,85.2,High,
DB_1190_WD,2025EE0029,Madhuri Jindal,4,67.9,7.71,26.2,95.0,7.8,7.26,82.7,High,
DB_1190_AIML,2025EE0029,Madhuri Jindal,12,244.3,7.86,31.85,100.0,7.7,7.26,81.4,High,
DB_1190_ML,2025EE0029,Madhuri Jindal,3,199.4,4.6,17.0,95.0,7.5,7.26,85.5,High,
DB_1191_WD,2023ME0030,Sonam Bhat,3,99.8,6.47,21.16,90.0,6.1,6.89,72.8,Medium,
DB_1191_CN,2023ME0030,Sonam Bhat,11,254.8,6.12,18.9,80.0,6.5,6.89,69.5,Medium,
DB_1191_ML,2023ME0030,Sonam Bhat,3,192.5,2.7,11.9,85.0,6.4,6.89,67.1,Medium,
DB_1192_DS,2024CE0031,Neeraj Joshi,16,394.0,9.9,31.0,100.0,9.2,9.49,95.9,High,
DB_1192_PY,2024CE0031,Neeraj Joshi,6,162.9,9.3,27.5,95.0,9.7,9.49,94.6,High,
DB_1192_CN,2024CE0031,Neeraj Joshi,5,79.3,9.05,26.15,95.0,9.3,9.49,96.9,High,
DB_1192_AIML,2024CE0031,Neeraj Joshi,15,304.6,10.0,39.17,100.0,9.3,9.49,97.5,High,
DB_1193_DSC,2025CS0032,Pallavi Joseph,10,252.6,6.27,24.17,95.0,7.2,6.64,78.6,High,
DB_1193_ML,2025CS0032,Pallavi Joseph,2,154.0,3.4,16.4,90.0,7.5,6.64,79.0,High,
DB_1194_DS,2023IT0033,Pragya Talwar,13,243.1,7.15,29.2,85.0,7.3,7.99,73.4,Medium,
DB_1194_CN,2023IT0033,Pragya Talwar,9,238.9,7.6,19.01,85.0,6.6,7.99,75.2,High,
DB_1194_AIML,2023IT0033,Pragya Talwar,8,158.3,7.0,32.53,75.0,7.1,7.99,76.0,High,
DB_1195_WD,2024AI0034,Gautam Suri,15,294.1,8.85,26.16,95.0,9.3,8.95,92.5,High,
DB_1195_CN,2024AI0034,Gautam Suri,12,234.4,9.5,25.16,100.0,8.9,8.95,97.4,High,
DB_1196_DS,2025DS0035,Pradeep Awasthi,21,486.6,9.07,26.05,90.0,8.1,9.23,87.0,High,
DB_1196_WD,2025DS0035,Pradeep Awasthi,8,146.1,8.53,28.65,100.0,8.4,9.23,89.3,High,
DB_1196_ML,2025DS0035,Pradeep Awasthi,3,194.0,4.1,18.8,95.0,8.1,9.23,89.3,High,
DB_1197_CN,2023EC0036,Ritvik Kumar,6,85.5,5.45,13.93,80.0,4.9,5.08,58.2,Medium,
DB_1197_DSC,2023EC0036,Ritvik Kumar,8,154.7,5.39,17.79,85.0,5.0,5.08,58.9,Medium,
DB_1198_DS,2024EE0037,Harshita Chakraborty,6,190.4,6.72,19.5,85.0,5.8,6.48,70.6,Medium,
DB_1198_PY,2024EE0037,Harshita Chakraborty,12,287.3,5.8,15.72,80.0,6.0,6.48,61.8,Medium,
DB_1198_CN,2024EE0037,Harshita Chakraborty,6,107.8,7.0,15.69,80.0,6.6,6.48,69.5,Medium,
DB_1199_WD,2025ME0038,Aarti Joseph,9,307.1,7.97,26.2,85.0,7.9,7.48,81.5,High,
DB_1199_DSC,2025ME0038,Aarti Joseph,13,275.3,7.57,25.62,95.0,7.9,7.48,78.3,High,
DB_1199_AIML,2025ME0038,Aarti Joseph,11,243.2,7.67,32.8,90.0,7.4,7.48,78.9,High,
DB_1199_ML,2025ME0038,Aarti Joseph,3,204.4,3.4,16.4,95.0,7.5,7.48,77.4,High,
DB_1200_CN,2023CE0039,Rahul Chakraborty,7,127.0,8.6,21.48,95.0,7.5,8.05,84.2,High,
DB_1200_DSC,2023CE0039,Rahul Chakraborty,8,215.3,9.2,22.45,95.0,7.3,8.05,85.2,High,
DB_1200_ML,2023CE0039,Rahul Chakraborty,3,200.9,4.4,17.7,85.0,7.8,8.05,83.8,High,
DB_1201_DS,2024CS0040,Harsh Maurya,10,237.5,4.78,14.85,75.0,4.1,5.25,51.6,Medium,
DB_1201_PY,2024CS0040,Harsh Maurya,2,63.3,4.4,12.9,70.0,4.4,5.25,52.4,Medium,
DB_1201_WD,2024CS0040,Harsh Maurya,7,184.9,3.63,13.05,75.0,4.0,5.25,47.1,Low,
DB_1201_CN,2024CS0040,Harsh Maurya,6,132.1,3.48,9.8,75.0,4.2,5.25,47.2,Low,
DB_1202_WD,2025IT0041,Pramod Jindal,8,222.0,4.9,16.9,85.0,6.4,7.07,66.9,Medium,
DB_1202_CN,2025IT0041,Pramod Jindal,11,229.1,6.0,15.08,80.0,6.0,7.07,62.5,Medium,
DB_1203_DS,2023AI0042,Ritika Tomar,4,70.6,7.0,17.7,75.0,6.2,5.66,64.5,Medium,
DB_1203_DSC,2023AI0042,Ritika Tomar,9,246.2,5.32,18.96,90.0,6.3,5.66,62.6,Medium,
DB_1203_ML,2023AI0042,Ritika Tomar,3,202.1,3.4,14.0,80.0,6.1,5.66,66.3,Medium,
DB_1204_DSC,2024DS0043,Vikram Yadav,6,241.0,5.74,19.51,90.0,5.4,5.81,66.2,Medium,
DB_1204_AIML,2024DS0043,Vikram Yadav,6,156.6,5.71,22.17,85.0,5.6,5.81,64.7,Medium,
DB_1205_AIML,2025EC0044,Yogesh Roy,14,258.7,9.09,36.19,95.0,8.2,9.3,88.6,High,
DB_1205_ML,2025EC0044,Yogesh Roy,3,195.0,4.8,19.1,95.0,8.8,9.3,96.0,High,
DB_1206_DS,2023EE0045,Urvashi Thomas,13,248.6,6.06,17.16,80.0,6.1,7.34,67.9,Medium,
DB_1206_WD,2023EE0045,Urvashi Thomas,8,279.7,6.47,20.4,100.0,6.0,7.34,75.6,High,
DB_1207_DS,2024ME0046,Ekta Shukla,13,269.9,8.6,31.04,100.0,9.1,8.95,93.7,High,
DB_1207_PY,2024ME0046,Ekta Shukla,6,137.4,9.76,29.0,100.0,9.0,8.95,96.2,High,
DB_1207_DSC,2024ME0046,Ekta Shukla,9,200.4,9.43,35.42,100.0,9.8,8.95,94.0,High,
DB_1207_ML,2024ME0046,Ekta Shukla,2,166.5,5.0,20.0,95.0,9.7,8.95,96.5,High,
DB_1208_PY,2025CE0047,Shilpa Iyer,6,135.2,7.19,13.9,80.0,6.1,6.1,72.0,Medium,
DB_1208_CN,2025CE0047,Shilpa Iyer,5,78.7,6.4,17.88,90.0,6.7,6.1,70.3,Medium,
DB_1208_DSC,2025CE0047,Shilpa Iyer,9,256.5,5.67,26.0,90.0,6.4,6.1,67.2,Medium,
DB_1208_AIML,2025CE0047,Shilpa Iyer,9,201.7,7.36,25.5,70.0,7.1,6.1,67.2,Medium,
DB_1209_DS,2023CS0048,Rashmi Garg,13,346.6,6.33,19.31,80.0,6.5,6.94,65.5,Medium,
DB_1209_WD,2023CS0048,Rashmi Garg,8,216.2,6.34,14.5,95.0,6.2,6.94,70.8,Medium,
DB_1209_CN,2023CS0048,Rashmi Garg,9,217.0,5.9,18.9,90.0,5.8,6.94,71.8,Medium,
DB_1209_AIML,2023CS0048,Rashmi Garg,6,122.2,6.85,19.3,85.0,6.0,6.94,69.7,Medium,
DB_1210_WD,2024IT0049,Sanket Anand,5,99.3,8.4,16.2,95.0,7.8,9.19,89.3,High,
DB_1210_DSC,2024IT0049,Sanket Anand,6,115.0,8.52,23.33,95.0,8.0,9.19,85.5,High,
DB_1210_ML,2024IT0049,Sanket Anand,3,194.2,3.9,15.4,95.0,8.0,9.19,86.1,High,
DB_1211_WD,2025AI0050,Madhuri Menon,10,205.6,8.6,23.45,85.0,7.3,6.79,76.2,High,
DB_1211_CN,2025AI0050,Madhuri Menon,4,73.0,5.9,19.2,100.0,7.0,6.79,83.9,High,
DB_1211_ML,2025AI0050,Madhuri Menon,3,205.3,3.3,14.8,95.0,7.2,6.79,76.5,High,
DB_1212_PY,2023DS0051,Vikram Goel,10,237.7,6.65,18.48,90.0,5.9,6.12,69.5,Medium,
DB_1212_DSC,2023DS0051,Vikram Goel,1,57.0,5.2,23.8,90.0,5.9,6.12,67.9,Medium,
DB_1212_AIML,2023DS0051,Vikram Goel,14,265.7,7.47,29.08,95.0,6.4,6.12,73.3,Medium,
DB_1212_ML,2023DS0051,Vikram Goel,3,199.2,3.2,11.95,90.0,6.2,6.12,68.8,Medium,
DB_1213_CN,2024EC0052,Parag Thomas,8,149.2,6.99,29.5,80.0,6.7,6.13,73.7,Medium,
DB_1213_AIML,2024EC0052,Parag Thomas,11,238.9,6.81,26.27,100.0,6.8,6.13,71.1,Medium,
DB_1213_ML,2024EC0052,Parag Thomas,1,137.0,2.8,13.0,90.0,7.2,6.13,67.6,Medium,
DB_1214_PY,2025EE0053,Nisha Tripathi,9,259.0,9.57,26.34,95.0,9.8,9.51,94.3,High,
DB_1214_AIML,2025EE0053,Nisha Tripathi,13,249.2,9.75,45.0,90.0,9.3,9.51,96.3,High,
DB_1215_WD,2023ME0054,Chetna Choudhury,15,426.1,8.39,22.07,85.0,8.8,9.54,86.2,High,
DB_1215_DSC,2023ME0054,Chetna Choudhury,14,311.3,8.12,30.8,90.0,8.0,9.54,89.3,High,
DB_1215_ML,2023ME0054,Chetna Choudhury,3,200.4,4.0,18.4,95.0,8.7,9.54,91.4,High,
DB_1216_PY,2024CE0055,Anjali Pinto,8,183.9,8.06,22.08,80.0,7.8,8.03,82.6,High,
DB_1216_DSC,2024CE0055,Anjali Pinto,9,293.1,6.27,25.06,85.0,7.0,8.03,77.0,High,
DB_1216_AIML,2024CE0055,Anjali Pinto,11,228.9,8.23,37.3,100.0,7.7,8.03,84.1,High,
DB_1216_ML,2024CE0055,Anjali Pinto,3,194.5,3.4,17.5,85.0,7.4,8.03,79.2,High,
DB_1217_CN,2025CS0056,Zoya Majumdar,6,203.5,4.95,10.83,75.0,5.3,5.17,59.6,Medium,
DB_1217_ML,2025CS0056,Zoya Majumdar,2,137.5,2.0,8.9,85.0,4.7,5.17,55.7,Medium,
DB_1218_DS,2023IT0057,Aryan Chakraborty,10,343.6,7.0,19.69,100.0,6.3,5.31,72.0,Medium,
DB_1218_PY,2023IT0057,Aryan Chakraborty,5,92.0,6.33,15.18,85.0,5.7,5.31,63.7,Medium,
DB_1218_WD,2023IT0057,Aryan Chakraborty,5,131.8,7.0,18.3,85.0,5.7,5.31,71.2,Medium,
DB_1218_CN,2023IT0057,Aryan Chakraborty,9,217.7,5.78,15.9,100.0,6.2,5.31,68.8,Medium,
DB_1219_WD,2024AI0058,Krishna Lobo,6,129.8,6.8,14.05,90.0,6.4,7.86,76.7,High,
DB_1219_DSC,2024AI0058,Krishna Lobo,8,243.9,8.3,20.1,80.0,6.6,7.86,72.4,Medium,
DB_1220_WD,2025DS0059,Vikas Thomas,7,192.7,6.39,21.53,95.0,7.4,7.07,73.6,Medium,
DB_1220_AIML,2025DS0059,Vikas Thomas,5,117.1,6.69,29.77,95.0,6.7,7.07,73.1,Medium,
DB_1220_ML,2025DS0059,Vikas Thomas,3,203.5,4.3,15.9,90.0,6.6,7.07,79.5,High,
DB_1221_WD,2023EC0060,Kabir Bose,3,113.6,4.86,14.45,95.0,4.6,5.37,53.6,Medium,
DB_1221_AIML,2023EC0060,Kabir Bose,1,50.2,5.1,19.3,90.0,4.3,5.37,54.2,Medium,
DB_1221_ML,2023EC0060,Kabir Bose,2,148.9,2.4,10.15,85.0,4.8,5.37,56.3,Medium,
DB_1222_DS,2024EE0061,Preeti Dwivedi,6,226.1,7.7,20.66,70.0,5.9,5.64,63.5,Medium,
DB_1222_WD,2024EE0061,Preeti Dwivedi,6,116.2,7.8,19.55,70.0,5.9,5.64,69.1,Medium,
DB_1222_AIML,2024EE0061,Preeti Dwivedi,6,135.7,6.7,16.7,90.0,5.9,5.64,64.1,Medium,
DB_1223_PY,2025ME0062,Bhavin Bose,5,125.5,4.47,12.65,85.0,4.4,5.0,55.3,Medium,
DB_1223_AIML,2025ME0062,Bhavin Bose,7,147.8,4.27,15.75,90.0,5.1,5.0,55.9,Medium,
DB_1224_DS,2023CE0063,Lavanya Khanna,10,253.2,6.15,19.58,90.0,6.0,6.63,66.2,Medium,
DB_1224_PY,2023CE0063,Lavanya Khanna,11,189.8,6.5,13.75,85.0,5.9,6.63,68.3,Medium,
DB_1224_CN,2023CE0063,Lavanya Khanna,7,161.3,5.49,15.79,80.0,6.1,6.63,66.8,Medium,
DB_1225_PY,2024CS0064,Vaibhav Sood,9,253.6,7.7,21.46,95.0,7.2,8.6,83.2,High,
DB_1225_DSC,2024CS0064,Vaibhav Sood,10,213.1,7.3,25.2,90.0,7.9,8.6,83.5,High,
DB_1225_AIML,2024CS0064,Vaibhav Sood,12,249.4,8.47,32.83,80.0,7.5,8.6,84.3,High,
DB_1226_PY,2025IT0065,Riya Patil,7,213.9,6.5,14.8,95.0,6.0,6.45,75.0,High,
DB_1226_WD,2025IT0065,Riya Patil,10,301.4,5.76,17.95,85.0,6.8,6.45,68.0,Medium,
DB_1226_CN,2025IT0065,Riya Patil,6,144.9,6.14,20.95,90.0,6.1,6.45,68.9,Medium,
DB_1226_DSC,2025IT0065,Riya Patil,8,176.5,7.15,21.55,85.0,6.4,6.45,68.9,Medium,
DB_1227_DS,2023AI0066,Tushar Kulkarni,11,373.7,4.86,13.3,70.0,4.3,5.9,53.5,Medium,
DB_1227_WD,2023AI0066,Tushar Kulkarni,6,104.7,4.72,15.88,85.0,4.4,5.9,60.5,Medium,
DB_1227_CN,2023AI0066,Tushar Kulkarni,5,73.0,3.96,8.4,85.0,5.0,5.9,58.0,Medium,
DB_1227_ML,2023AI0066,Tushar Kulkarni,2,171.6,2.6,8.8,100.0,4.9,5.9,60.5,Medium,
DB_1228_PY,2024DS0067,Ajay Bhattacharya,18,374.4,9.8,32.4,100.0,9.8,9.36,93.8,High,
DB_1228_CN,2024DS0067,Ajay Bhattacharya,6,226.7,9.32,25.07,95.0,9.8,9.36,92.5,High,
DB_1228_AIML,2024DS0067,Ajay Bhattacharya,11,218.2,9.6,37.4,100.0,9.6,9.36,97.4,High,
DB_1229_DS,2025EC0068,Jyoti Anand,11,279.2,6.64,20.46,90.0,7.0,6.17,70.0,Medium,
DB_1229_CN,2025EC0068,Jyoti Anand,6,139.6,4.6,16.71,90.0,6.2,6.17,67.6,Medium,
DB_1230_DSC,2023EE0069,Tushar Bhattacharya,8,150.0,6.36,25.25,80.0,5.9,5.57,67.6,Medium,
DB_1230_ML,2023EE0069,Tushar Bhattacharya,2,175.3,3.6,14.4,90.0,6.3,5.57,73.8,Medium,
DB_1231_PY,2024ME0070,Nidhi Bansal,11,311.0,5.79,15.0,80.0,5.6,5.74,61.4,Medium,
DB_1231_CN,2024ME0070,Nidhi Bansal,4,86.9,7.3,15.0,70.0,6.1,5.74,63.5,Medium,
DB_1232_DS,2025CE0071,Nidhi Prajapat,2,71.4,7.62,26.34,95.0,7.7,8.84,86.1,High,
DB_1232_WD,2025CE0071,Nidhi Prajapat,8,189.7,7.17,24.31,85.0,7.8,8.84,81.0,High,
DB_1233_DS,2023CS0072,Gautam Choudhury,5,112.0,9.28,16.2,95.0,8.5,8.5,89.1,High,
DB_1233_DSC,2023CS0072,Gautam Choudhury,9,165.5,8.55,31.11,85.0,8.5,8.5,91.7,High,
DB_1233_ML,2023CS0072,Gautam Choudhury,2,160.0,3.8,20.0,100.0,8.5,8.5,88.7,High,
DB_1234_AIML,2024IT0073,Mohit Sethi,8,159.8,4.18,19.93,55.0,3.9,5.29,48.2,Low,
DB_1234_ML,2024IT0073,Mohit Sethi,3,205.9,2.2,8.5,65.0,4.3,5.29,49.7,Low,
DB_1235_WD,2025AI0074,Kavya Mehta,11,264.4,8.95,29.93,90.0,8.1,9.16,89.0,High,
DB_1235_CN,2025AI0074,Kavya Mehta,8,210.2,8.22,24.09,90.0,8.6,9.16,85.8,High,
DB_1235_DSC,2025AI0074,Kavya Mehta,10,292.9,8.43,18.9,95.0,8.6,9.16,88.5,High,
DB_1235_AIML,2025AI0074,Kavya Mehta,12,244.0,8.78,31.48,95.0,8.1,9.16,91.4,High,
DB_1236_PY,2023DS0075,Upasana Rao,4,87.0,7.5,19.1,95.0,7.5,8.59,77.5,High,
DB_1236_CN,2023DS0075,Upasana Rao,8,214.7,7.86,20.69,75.0,7.5,8.59,79.0,High,
DB_1236_DSC,2023DS0075,Upasana Rao,9,212.2,7.69,27.27,85.0,7.2,8.59,81.5,High,
DB_1237_DS,2024EC0076,Gaurav Banerjee,13,405.3,7.4,25.61,95.0,7.6,8.34,82.3,High,
DB_1237_PY,2024EC0076,Gaurav Banerjee,7,178.1,9.19,26.55,100.0,7.7,8.34,88.5,High,
DB_1237_CN,2024EC0076,Gaurav Banerjee,15,275.9,8.8,26.0,95.0,8.2,8.34,84.1,High,
DB_1237_ML,2024EC0076,Gaurav Banerjee,3,201.6,5.0,17.3,95.0,8.1,8.34,92.8,High,
DB_1238_DS,2025EE0077,Pragya Chatterjee,13,257.1,6.65,20.1,90.0,6.3,7.3,70.8,Medium,
DB_1238_WD,2025EE0077,Pragya Chatterjee,9,219.6,5.53,27.1,95.0,6.3,7.3,75.4,High,
DB_1238_CN,2025EE0077,Pragya Chatterjee,9,208.3,4.0,22.63,70.0,6.5,7.3,75.8,High,
DB_1238_DSC,2025EE0077,Pragya Chatterjee,13,229.7,4.35,28.47,80.0,6.8,7.3,69.5,Medium,
DB_1239_PY,2023ME0078,Falguni Shukla,16,322.9,8.9,16.74,95.0,8.0,7.76,81.9,High,
DB_1239_ML,2023ME0078,Falguni Shukla,3,198.5,4.5,18.6,95.0,8.2,7.76,87.5,High,
DB_1240_PY,2024CE0079,Kapil Lamba,13,263.6,8.4,24.45,85.0,8.7,9.14,89.0,High,
DB_1240_WD,2024CE0079,Kapil Lamba,7,208.4,9.2,26.07,95.0,8.9,9.14,89.3,High,
DB_1240_CN,2024CE0079,Kapil Lamba,12,293.2,7.9,22.53,100.0,8.6,9.14,92.2,High,
DB_1240_AIML,2024CE0079,Kapil Lamba,8,157.7,8.67,37.08,95.0,8.6,9.14,89.4,High,
DB_1241_DS,2025CS0080,Kabir Saini,8,257.5,8.43,13.2,95.0,6.7,7.93,79.5,High,
DB_1241_PY,2025CS0080,Kabir Saini,13,256.9,7.7,20.88,90.0,6.5,7.93,76.6,High,
DB_1241_WD,2025CS0080,Kabir Saini,6,199.6,4.4,21.95,70.0,7.2,7.93,76.6,High,
DB_1241_CN,2025CS0080,Kabir Saini,11,236.7,6.52,18.02,100.0,7.4,7.93,80.6,High,
DB_1242_DS,2023IT0081,Parag Lamba,6,240.5,7.16,20.47,90.0,6.5,6.42,73.6,Medium,
DB_1242_CN,2023IT0081,Parag Lamba,6,147.8,6.17,21.52,85.0,6.3,6.42,74.1,Medium,
DB_1242_DSC,2023IT0081,Parag Lamba,10,276.3,6.58,22.94,95.0,6.8,6.42,73.9,Medium,
DB_1242_AIML,2023IT0081,Parag Lamba,6,124.7,7.53,27.1,90.0,6.8,6.42,71.3,Medium,
DB_1243_AIML,2024AI0082,Avani Batra,8,148.5,6.46,22.45,95.0,6.4,7.18,71.8,Medium,
DB_1243_ML,2024AI0082,Avani Batra,2,150.3,2.8,13.0,95.0,5.6,7.18,70.2,Medium,
DB_1244_PY,2025DS0083,Vinay Chopra,6,141.9,4.64,12.25,80.0,4.9,5.96,56.7,Medium,
DB_1244_DSC,2025DS0083,Vinay Chopra,7,131.0,4.66,16.7,85.0,5.2,5.96,59.3,Medium,
DB_1245_PY,2023EC0084,Aditya Shukla,8,214.8,5.8,19.4,85.0,5.9,6.08,66.9,Medium,
DB_1245_WD,2023EC0084,Aditya Shukla,9,166.5,6.5,18.04,75.0,6.1,6.08,63.3,Medium,
DB_1245_CN,2023EC0084,Aditya Shukla,9,238.0,5.03,24.5,90.0,6.1,6.08,63.8,Medium,
DB_1245_AIML,2023EC0084,Aditya Shukla,5,99.6,5.75,28.2,80.0,5.7,6.08,60.6,Medium,
DB_1246_DS,2024EE0085,Kanika Mishra,11,348.4,6.94,21.95,90.0,7.2,6.75,72.2,Medium,
DB_1246_PY,2024EE0085,Kanika Mishra,9,161.6,8.6,18.63,100.0,6.8,6.75,80.7,High,
DB_1246_CN,2024EE0085,Kanika Mishra,12,272.0,6.8,20.2,95.0,6.9,6.75,72.1,Medium,
DB_1247_DS,2025ME0086,Geeta Anand,2,121.4,5.03,17.54,80.0,5.2,5.62,55.3,Medium,
DB_1247_PY,2025ME0086,Geeta Anand,5,91.3,4.58,11.6,75.0,5.0,5.62,58.0,Medium,
DB_1247_CN,2025ME0086,Geeta Anand,10,224.9,4.55,14.43,85.0,4.8,5.62,58.1,Medium,
DB_1248_DS,2023CE0087,Tejaswi Thomas,11,177.3,7.5,22.07,85.0,6.9,7.9,78.7,High,
DB_1248_CN,2023CE0087,Tejaswi Thomas,10,175.6,8.2,27.2,95.0,7.0,7.9,77.2,High,
DB_1249_DSC,2024CS0088,Zoya Sood,12,264.9,8.24,27.02,95.0,7.6,8.24,88.2,High,
DB_1249_AIML,2024CS0088,Zoya Sood,10,213.1,8.12,47.5,95.0,8.2,8.24,85.4,High,
DB_1250_DS,2025IT0089,Rajendra Mishra,5,93.1,7.04,23.42,85.0,7.3,8.47,76.9,High,
DB_1250_WD,2025IT0089,Rajendra Mishra,7,177.7,6.27,23.52,100.0,6.9,8.47,81.5,High,
DB_1250_DSC,2025IT0089,Rajendra Mishra,9,266.2,7.25,24.7,85.0,6.7,8.47,77.2,High,
DB_1251_DS,2023AI0090,Ganesh Goyal,15,342.7,6.21,18.79,80.0,5.8,7.23,65.9,Medium,
DB_1251_ML,2023AI0090,Ganesh Goyal,2,148.1,2.8,13.1,80.0,6.4,7.23,64.1,Medium,
DB_1252_DS,2024DS0091,Suresh Jindal,11,256.8,8.9,27.33,80.0,7.7,8.26,79.4,High,
DB_1252_PY,2024DS0091,Suresh Jindal,3,63.9,8.23,23.52,95.0,7.6,8.26,85.7,High,
DB_1252_WD,2024DS0091,Suresh Jindal,8,211.5,8.0,31.8,90.0,8.2,8.26,83.2,High,
DB_1252_AIML,2024DS0091,Suresh Jindal,4,84.7,7.6,34.66,95.0,7.3,8.26,85.4,High,
DB_1253_PY,2025EC0092,Aarav Upadhyay,7,107.0,10.0,26.2,95.0,9.9,9.8,95.0,High,
DB_1253_AIML,2025EC0092,Aarav Upadhyay,5,95.6,9.84,39.06,95.0,9.1,9.8,98.0,High,
DB_1253_ML,2025EC0092,Aarav Upadhyay,3,190.4,4.5,19.0,90.0,9.7,9.8,91.0,High,
DB_1254_WD,2023EE0093,Kanika Kurian,10,221.8,9.35,28.34,100.0,9.1,9.17,95.7,High,
DB_1254_AIML,2023EE0093,Kanika Kurian,6,103.1,8.62,38.52,100.0,8.5,9.17,90.1,High,
DB_1254_ML,2023EE0093,Kanika Kurian,2,138.6,4.0,18.3,90.0,8.6,9.17,88.3,High,
DB_1255_PY,2024ME0094,Meera Ganguly,5,77.5,7.0,18.73,85.0,6.7,6.59,72.3,Medium,
DB_1255_CN,2024ME0094,Meera Ganguly,3,110.5,7.67,14.07,90.0,6.5,6.59,74.0,Medium,
DB_1255_DSC,2024ME0094,Meera Ganguly,5,106.5,6.17,20.69,85.0,6.4,6.59,70.0,Medium,
DB_1256_DS,2025CE0095,Tejas Arora,9,216.1,6.27,18.33,95.0,5.7,5.98,68.7,Medium,
DB_1256_DSC,2025CE0095,Tejas Arora,7,181.3,6.15,18.88,85.0,6.3,5.98,67.3,Medium,
DB_1257_DS,2023CS0096,Kunal Bhatia,5,65.5,6.75,20.27,90.0,6.8,6.55,71.4,Medium,
DB_1257_WD,2023CS0096,Kunal Bhatia,12,325.0,7.25,22.01,95.0,6.7,6.55,74.0,Medium,
DB_1257_AIML,2023CS0096,Kunal Bhatia,6,131.7,7.04,40.7,90.0,7.1,6.55,79.8,High,
DB_1258_WD,2024IT0097,Mahesh Garg,5,101.6,8.0,23.55,100.0,9.5,8.68,94.8,High,
DB_1258_AIML,2024IT0097,Mahesh Garg,17,330.8,9.63,40.65,100.0,9.4,8.68,96.0,High,
DB_1259_WD,2025AI0098,Pooja Bhasin,14,343.5,8.03,25.53,85.0,7.7,8.9,81.6,High,
DB_1259_DSC,2025AI0098,Pooja Bhasin,4,124.1,8.05,20.6,70.0,8.1,8.9,79.7,High,
DB_1260_PY,2023DS0099,Dinesh Banerjee,7,176.0,5.4,13.8,85.0,5.0,6.29,61.6,Medium,
DB_1260_DSC,2023DS0099,Dinesh Banerjee,4,179.4,5.36,18.4,80.0,4.9,6.29,62.0,Medium,
DB_1260_AIML,2023DS0099,Dinesh Banerjee,7,153.4,4.9,27.9,75.0,5.6,6.29,58.5,Medium,
DB_1261_PY,2024EC0100,Madhav Ganguly,6,106.9,4.37,12.96,85.0,4.5,5.32,56.0,Medium,
DB_1261_WD,2024EC0100,Madhav Ganguly,3,56.8,5.04,14.74,85.0,4.4,5.32,54.5,Medium,
DB_1261_DSC,2024EC0100,Madhav Ganguly,8,259.4,4.8,20.5,90.0,5.2,5.32,55.1,Medium,
DB_1261_ML,2024EC0100,Madhav Ganguly,2,177.5,2.7,11.1,80.0,4.5,5.32,57.4,Medium,
DB_1262_DS,2025EE0101,Vikram Bajaj,13,365.0,8.55,28.8,95.0,8.5,8.07,89.8,High,
DB_1262_WD,2025EE0101,Vikram Bajaj,8,153.6,8.97,32.7,95.0,8.6,8.07,88.1,High,
DB_1262_CN,2025EE0101,Vikram Bajaj,10,251.4,8.5,24.28,95.0,8.6,8.07,84.3,High,
DB_1263_PY,2023ME0102,Chaitali Batra,6,139.8,8.67,22.37,100.0,8.3,8.86,88.1,High,
DB_1263_ML,2023ME0102,Chaitali Batra,3,186.4,4.7,17.95,85.0,8.3,8.86,88.8,High,
DB_1264_PY,2024CE0103,Aarav Lamba,15,283.4,10.0,26.43,95.0,8.8,9.79,97.6,High,
DB_1264_WD,2024CE0103,Aarav Lamba,10,198.8,10.0,27.88,95.0,8.3,9.79,94.2,High,
DB_1265_WD,2025CS0104,Kartik Malhotra,14,334.9,7.33,21.1,90.0,8.3,7.87,81.9,High,
DB_1265_CN,2025CS0104,Kartik Malhotra,8,173.0,8.07,27.9,90.0,8.2,7.87,85.2,High,
DB_1265_DSC,2025CS0104,Kartik Malhotra,5,102.8,6.9,34.0,100.0,8.1,7.87,84.3,High,
DB_1265_ML,2025CS0104,Kartik Malhotra,2,166.4,4.8,17.6,80.0,7.9,7.87,84.9,High,
DB_1266_DS,2023IT0105,Arjun Mishra,16,334.7,8.8,24.06,85.0,7.3,8.79,81.6,High,
DB_1266_CN,2023IT0105,Arjun Mishra,11,242.3,7.4,16.68,85.0,7.5,8.79,81.7,High,
DB_1266_DSC,2023IT0105,Arjun Mishra,9,261.7,7.32,19.68,95.0,7.1,8.79,83.9,High,
DB_1267_PY,2024AI0106,Gautam D'Souza,8,181.5,7.12,16.73,90.0,6.1,7.15,69.8,Medium,
DB_1267_WD,2024AI0106,Gautam D'Souza,7,178.8,6.17,19.1,75.0,6.8,7.15,68.9,Medium,
DB_1267_CN,2024AI0106,Gautam D'Souza,7,119.5,5.74,17.53,90.0,6.3,7.15,72.1,Medium,
DB_1267_AIML,2024AI0106,Gautam D'Souza,10,199.0,6.72,24.74,95.0,6.8,7.15,74.3,Medium,
DB_1268_DS,2025DS0107,Sanjay Reddy,7,151.0,6.5,18.25,85.0,5.7,7.05,67.1,Medium,
DB_1268_CN,2025DS0107,Sanjay Reddy,5,93.1,6.25,15.81,90.0,5.5,7.05,66.3,Medium,
DB_1268_DSC,2025DS0107,Sanjay Reddy,10,231.4,4.97,15.78,85.0,5.5,7.05,65.4,Medium,
DB_1269_PY,2023EC0108,Sanjay Kohli,8,181.6,8.93,23.5,100.0,8.0,8.85,89.3,High,
DB_1269_DSC,2023EC0108,Sanjay Kohli,8,235.8,8.6,29.16,90.0,8.7,8.85,90.7,High,
DB_1269_AIML,2023EC0108,Sanjay Kohli,7,127.3,9.04,37.65,100.0,8.9,8.85,93.1,High,
DB_1269_ML,2023EC0108,Sanjay Kohli,3,209.9,5.0,17.15,95.0,8.6,8.85,89.1,High,
DB_1270_CN,2024EE0109,Rahul Joshi,9,182.2,6.6,16.12,90.0,7.1,8.47,79.7,High,
DB_1270_ML,2024EE0109,Rahul Joshi,3,192.3,3.3,15.2,100.0,7.5,8.47,78.4,High,
DB_1271_DS,2025ME0110,Nandini Malhotra,5,103.4,6.05,17.19,90.0,5.3,5.44,65.7,Medium,
DB_1271_PY,2025ME0110,Nandini Malhotra,3,121.5,5.71,18.75,75.0,5.3,5.44,62.8,Medium,
DB_1271_DSC,2025ME0110,Nandini Malhotra,9,158.4,5.95,20.47,80.0,5.3,5.44,62.8,Medium,
DB_1271_ML,2025ME0110,Nandini Malhotra,3,209.7,2.7,13.25,80.0,5.5,5.44,62.9,Medium,
DB_1272_DS,2023CE0111,Lata Nair,4,136.7,6.13,17.56,65.0,5.9,5.56,58.8,Medium,
DB_1272_CN,2023CE0111,Lata Nair,6,137.6,3.87,15.38,95.0,5.9,5.56,66.9,Medium,
DB_1273_DS,2024CS0112,Vaishnavi Anand,12,328.7,7.41,20.58,75.0,6.3,7.6,68.8,Medium,
DB_1273_PY,2024CS0112,Vaishnavi Anand,7,118.0,6.0,21.7,90.0,6.7,7.6,72.4,Medium,
DB_1273_WD,2024CS0112,Vaishnavi Anand,7,265.4,7.2,23.95,75.0,7.1,7.6,72.4,Medium,
DB_1273_DSC,2024CS0112,Vaishnavi Anand,5,79.9,6.47,24.36,95.0,6.6,7.6,75.6,High,
DB_1274_DS,2025IT0113,Zoya Deshmukh,8,133.6,7.58,20.95,100.0,8.1,9.28,86.6,High,
DB_1274_CN,2025IT0113,Zoya Deshmukh,14,270.6,7.57,21.3,95.0,7.8,9.28,86.0,High,
DB_1275_DSC,2023AI0114,Chirag Pandey,6,114.1,9.45,24.6,100.0,9.5,9.43,96.8,High,
DB_1275_AIML,2023AI0114,Chirag Pandey,9,186.1,9.87,30.0,100.0,9.0,9.43,96.7,High,
DB_1276_DS,2024DS0115,Riddhi Chopra,14,407.7,8.82,29.2,90.0,8.7,8.47,86.7,High,
DB_1276_PY,2024DS0115,Riddhi Chopra,20,439.9,8.7,22.33,100.0,8.5,8.47,88.5,High,
DB_1276_DSC,2024DS0115,Riddhi Chopra,7,139.6,9.57,27.94,90.0,8.6,8.47,86.8,High,
DB_1276_ML,2024DS0115,Riddhi Chopra,3,190.6,4.5,17.4,85.0,9.0,8.47,86.4,High,
DB_1277_WD,2025EC0116,Aniket Kurian,17,384.1,8.65,25.43,100.0,9.3,8.72,92.7,High,
DB_1277_DSC,2025EC0116,Aniket Kurian,14,347.3,9.4,30.42,95.0,8.4,8.72,91.7,High,
DB_1277_AIML,2025EC0116,Aniket Kurian,11,204.6,9.9,27.45,100.0,9.2,8.72,94.8,High,
DB_1278_CN,2023EE0117,Mansi Bhasin,7,168.8,7.3,18.99,85.0,6.9,6.32,71.6,Medium,
DB_1278_ML,2023EE0117,Mansi Bhasin,3,191.2,3.4,14.6,85.0,6.3,6.32,70.5,Medium,
DB_1279_CN,2024ME0118,Kapil Bose,5,130.7,8.5,23.22,95.0,8.1,8.62,86.2,High,
DB_1279_DSC,2024ME0118,Kapil Bose,9,276.1,8.0,33.94,85.0,8.2,8.62,87.0,High,
DB_1279_AIML,2024ME0118,Kapil Bose,16,322.8,9.05,40.33,100.0,8.8,8.62,93.7,High,
DB_1280_PY,2025CE0119,Muskan Sanyal,4,83.1,5.67,9.6,90.0,5.5,6.3,62.3,Medium,
DB_1280_AIML,2025CE0119,Muskan Sanyal,3,65.9,5.71,21.57,95.0,5.4,6.3,63.5,Medium,
DB_1281_WD,2023CS0120,Madhuri Tripathi,10,219.0,5.95,17.5,95.0,6.4,6.78,67.3,Medium,
DB_1281_CN,2023CS0120,Madhuri Tripathi,7,134.7,5.58,17.76,90.0,6.1,6.78,70.0,Medium,
DB_1281_AIML,2023CS0120,Madhuri Tripathi,7,160.5,6.55,25.8,75.0,6.8,6.78,66.1,Medium,
DB_1282_DSC,2024IT0121,Manoj Dwivedi,12,290.3,7.2,21.3,80.0,6.9,6.91,77.5,High,
DB_1282_AIML,2024IT0121,Manoj Dwivedi,9,194.3,7.21,34.1,95.0,7.3,6.91,79.4,High,
DB_1283_DSC,2025AI0122,Satish Prajapat,3,60.4,5.8,20.75,85.0,6.0,6.69,64.2,Medium,
DB_1283_AIML,2025AI0122,Satish Prajapat,8,181.3,5.88,26.47,75.0,5.9,6.69,67.6,Medium,
DB_1283_ML,2025AI0122,Satish Prajapat,3,194.0,3.1,12.9,65.0,6.3,6.69,64.8,Medium,
DB_1284_WD,2023DS0123,Urvashi Kaushik,10,209.4,7.61,25.72,85.0,7.0,8.3,77.2,High,
DB_1284_CN,2023DS0123,Urvashi Kaushik,2,60.1,7.26,20.22,90.0,7.8,8.3,82.9,High,
DB_1285_DS,2024EC0124,Madhav Singhal,14,343.5,6.1,20.76,75.0,6.0,6.42,68.9,Medium,
DB_1285_DSC,2024EC0124,Madhav Singhal,10,269.7,6.39,16.3,80.0,6.6,6.42,69.9,Medium,
DB_1285_AIML,2024EC0124,Madhav Singhal,8,180.2,6.06,26.44,85.0,6.0,6.42,65.4,Medium,
DB_1285_ML,2024EC0124,Madhav Singhal,3,185.6,3.6,12.2,95.0,6.6,6.42,74.0,Medium,
DB_1286_WD,2025EE0125,Shreya Garg,7,178.0,6.15,24.71,100.0,8.1,8.34,86.6,High,
DB_1286_CN,2025EE0125,Shreya Garg,11,271.4,7.4,23.39,90.0,8.2,8.34,82.5,High,
DB_1287_DS,2023ME0126,Ayush Menon,8,143.0,7.85,22.58,100.0,7.9,7.22,80.6,High,
DB_1287_WD,2023ME0126,Ayush Menon,8,151.6,5.25,25.86,95.0,7.1,7.22,77.2,High,
DB_1287_DSC,2023ME0126,Ayush Menon,6,205.2,7.5,26.36,80.0,7.3,7.22,78.9,High,
DB_1288_CN,2024CE0127,Ashish Nair,8,150.6,7.99,21.68,90.0,7.9,8.67,84.0,High,
DB_1288_ML,2024CE0127,Ashish Nair,2,147.5,4.8,17.65,85.0,8.0,8.67,90.7,High,
DB_1289_PY,2025CS0128,Prateek Gupta,9,224.7,5.75,16.02,75.0,5.4,5.46,57.5,Medium,
DB_1289_DSC,2025CS0128,Prateek Gupta,6,119.0,5.2,20.18,80.0,5.1,5.46,62.7,Medium,
DB_1289_ML,2025CS0128,Prateek Gupta,2,147.3,3.3,12.7,75.0,5.3,5.46,64.7,Medium,
DB_1290_WD,2023IT0129,Bhavya Chopra,5,112.8,6.22,25.7,80.0,7.3,7.37,76.2,High,
DB_1290_DSC,2023IT0129,Bhavya Chopra,8,249.8,6.89,24.78,95.0,7.5,7.37,81.8,High,
DB_1291_DS,2024AI0130,Anand Ahuja,13,297.5,7.1,19.9,80.0,6.9,8.39,72.6,Medium,
DB_1291_CN,2024AI0130,Anand Ahuja,5,87.9,6.1,19.32,100.0,6.8,8.39,76.6,High,
DB_1291_DSC,2024AI0130,Anand Ahuja,11,287.3,6.7,24.65,90.0,7.4,8.39,84.8,High,
DB_1292_DSC,2025DS0131,Vishal Sharma,11,307.6,6.73,17.05,100.0,6.7,6.6,83.2,High,
DB_1292_ML,2025DS0131,Vishal Sharma,3,195.1,3.9,13.8,85.0,7.2,6.6,76.1,High,
DB_1293_WD,2023EC0132,Darsh Awasthi,5,155.2,5.1,18.1,90.0,5.5,6.61,65.2,Medium,
DB_1293_CN,2023EC0132,Darsh Awasthi,3,77.3,5.9,20.35,90.0,5.8,6.61,70.3,Medium,
DB_1293_ML,2023EC0132,Darsh Awasthi,3,193.6,2.4,12.1,85.0,6.1,6.61,62.4,Medium,
DB_1294_WD,2024EE0133,Srishti Reddy,14,382.9,8.29,26.3,100.0,8.3,9.07,90.2,High,
DB_1294_DSC,2024EE0133,Srishti Reddy,6,116.0,8.51,27.9,95.0,9.0,9.07,91.6,High,
DB_1295_PY,2025ME0134,Anand Nair,4,89.4,5.27,15.36,85.0,4.5,5.99,59.4,Medium,
DB_1295_CN,2025ME0134,Anand Nair,5,130.6,4.72,12.7,70.0,4.6,5.99,55.5,Medium,
DB_1295_AIML,2025ME0134,Anand Nair,4,88.3,5.47,20.68,70.0,4.4,5.99,58.5,Medium,
DB_1296_DS,2023CE0135,Krishna Chauhan,7,217.0,7.56,23.94,85.0,7.6,8.29,79.8,High,
DB_1296_PY,2023CE0135,Krishna Chauhan,6,167.5,7.13,21.1,90.0,7.1,8.29,79.6,High,
DB_1296_WD,2023CE0135,Krishna Chauhan,10,291.1,7.48,23.36,85.0,6.8,8.29,82.1,High,
DB_1296_ML,2023CE0135,Krishna Chauhan,3,200.6,3.2,14.3,80.0,6.9,8.29,71.5,Medium,
DB_1297_DSC,2024CS0136,Darsh Sethi,7,197.2,6.15,23.36,90.0,6.5,6.37,72.4,Medium,
DB_1297_AIML,2024CS0136,Darsh Sethi,8,147.4,7.04,28.43,100.0,6.8,6.37,76.9,High,
DB_1297_ML,2024CS0136,Darsh Sethi,3,188.4,4.0,12.7,90.0,6.9,6.37,72.9,Medium,
DB_1298_CN,2025IT0137,Ravi Mathew,6,136.6,4.85,14.5,80.0,5.3,5.46,57.4,Medium,
DB_1298_DSC,2025IT0137,Ravi Mathew,6,169.8,5.54,18.93,85.0,5.4,5.46,61.2,Medium,
DB_1298_AIML,2025IT0137,Ravi Mathew,9,209.8,5.4,21.26,75.0,4.9,5.46,58.1,Medium,
DB_1298_ML,2025IT0137,Ravi Mathew,2,169.9,3.3,11.8,70.0,5.4,5.46,64.8,Medium,
DB_1299_DS,2023AI0138,Urvashi Malhotra,19,489.7,9.3,17.3,95.0,8.5,8.24,89.0,High,
DB_1299_PY,2023AI0138,Urvashi Malhotra,15,315.6,8.3,23.41,90.0,8.7,8.24,86.3,High,
DB_1299_DSC,2023AI0138,Urvashi Malhotra,13,330.5,8.1,30.58,95.0,8.4,8.24,87.1,High,
DB_1299_ML,2023AI0138,Urvashi Malhotra,3,196.7,4.2,18.25,95.0,8.4,8.24,90.6,High,
DB_1300_DS,2024DS0139,Deepak Bajaj,11,280.0,6.07,18.86,90.0,5.6,5.91,69.0,Medium,
DB_1300_PY,2024DS0139,Deepak Bajaj,7,171.3,6.22,15.45,100.0,5.8,5.91,67.7,Medium,
DB_1300_AIML,2024DS0139,Deepak Bajaj,5,103.1,5.86,23.63,95.0,6.2,5.91,67.5,Medium,
DB_1301_WD,2025EC0140,Karan Upadhyay,11,342.1,6.44,20.25,100.0,7.2,6.53,71.9,Medium,
DB_1301_CN,2025EC0140,Karan Upadhyay,8,166.3,6.12,18.84,90.0,7.1,6.53,74.1,Medium,
DB_1302_PY,2023EE0141,Komal Suri,15,341.2,9.28,22.55,100.0,9.0,8.43,89.9,High,
DB_1302_DSC,2023EE0141,Komal Suri,7,165.2,8.48,30.5,90.0,8.6,8.43,89.4,High,
DB_1303_PY,2024ME0142,Riddhi Menon,12,273.9,8.03,22.21,95.0,7.4,7.93,81.9,High,
DB_1303_WD,2024ME0142,Riddhi Menon,8,281.6,8.5,21.64,85.0,7.7,7.93,82.6,High,
DB_1303_AIML,2024ME0142,Riddhi Menon,12,233.3,8.6,30.5,90.0,7.7,7.93,87.2,High,
DB_1304_DS,2025CE0143,Deepa Mahajan,9,247.7,6.11,19.39,80.0,6.1,6.52,64.9,Medium,
DB_1304_CN,2025CE0143,Deepa Mahajan,7,184.4,6.75,14.95,65.0,6.3,6.52,66.8,Medium,
DB_1304_DSC,2025CE0143,Deepa Mahajan,5,105.4,5.72,20.32,80.0,5.7,6.52,62.5,Medium,
DB_1304_ML,2025CE0143,Deepa Mahajan,3,194.5,2.7,13.6,95.0,5.4,6.52,71.1,Medium,
DB_1305_PY,2023CS0144,Juhi Bishnoi,6,156.3,7.7,15.5,85.0,6.3,6.53,71.9,Medium,
DB_1305_ML,2023CS0144,Juhi Bishnoi,2,149.8,3.4,13.3,90.0,6.6,6.53,69.9,Medium,
DB_1306_DS,2024IT0145,Prathamesh Shah,12,350.4,8.67,29.16,95.0,8.8,8.59,90.8,High,
DB_1306_PY,2024IT0145,Prathamesh Shah,11,209.5,8.58,25.05,90.0,8.9,8.59,89.1,High,
DB_1307_DS,2025AI0146,Siddharth Pandey,7,190.7,9.03,35.0,95.0,8.3,7.94,90.9,High,
DB_1307_CN,2025AI0146,Siddharth Pandey,9,272.1,8.51,25.04,100.0,8.5,7.94,90.1,High,
DB_1307_ML,2025AI0146,Siddharth Pandey,3,198.8,5.0,17.4,95.0,8.7,7.94,91.2,High,
DB_1308_PY,2023DS0147,Ananya Solanki,10,152.3,8.24,23.03,85.0,7.3,8.01,81.0,High,
DB_1308_WD,2023DS0147,Ananya Solanki,6,160.1,6.9,36.75,95.0,7.5,8.01,78.8,High,
DB_1308_DSC,2023DS0147,Ananya Solanki,12,291.8,7.8,30.92,85.0,7.4,8.01,83.9,High,
DB_1308_AIML,2023DS0147,Ananya Solanki,4,74.0,9.5,33.17,85.0,8.2,8.01,86.4,High,
DB_1309_DSC,2024EC0148,Kapil Bishnoi,8,195.6,8.4,27.77,100.0,9.2,9.01,93.3,High,
DB_1309_ML,2024EC0148,Kapil Bishnoi,3,196.9,4.1,18.8,100.0,9.2,9.01,88.8,High,
DB_1310_CN,2025EE0149,Avani Chaubey,8,134.4,10.0,26.18,95.0,9.1,9.79,93.2,High,
DB_1310_DSC,2025EE0149,Avani Chaubey,11,302.6,9.12,31.0,100.0,9.0,9.79,98.0,High,
DB_1311_DS,2023ME0150,Pranav Dubey,11,269.3,4.64,14.93,70.0,4.9,5.01,54.9,Medium,
DB_1311_AIML,2023ME0150,Pranav Dubey,4,96.6,5.57,17.03,75.0,4.4,5.01,56.0,Medium,
DB_1312_DS,2024CE0151,Lavanya Sood,10,285.4,7.9,20.46,95.0,7.2,7.65,76.2,High,
DB_1312_WD,2024CE0151,Lavanya Sood,7,242.8,6.1,26.77,85.0,6.5,7.65,74.1,Medium,
DB_1312_DSC,2024CE0151,Lavanya Sood,12,217.8,5.96,23.55,85.0,6.8,7.65,74.1,Medium,
DB_1313_DS,2025CS0152,Harsh Reddy,9,245.1,5.78,17.77,90.0,5.1,5.75,61.7,Medium,
DB_1313_PY,2025CS0152,Harsh Reddy,4,122.5,5.5,11.44,75.0,4.9,5.75,55.9,Medium,
DB_1313_AIML,2025CS0152,Harsh Reddy,4,82.7,5.8,20.3,80.0,4.8,5.75,56.5,Medium,
DB_1314_WD,2023IT0153,Bhupendra Chaubey,7,196.2,6.14,20.47,80.0,6.5,7.38,70.8,Medium,
DB_1314_CN,2023IT0153,Bhupendra Chaubey,10,203.2,6.35,16.25,85.0,6.2,7.38,71.9,Medium,
DB_1314_AIML,2023IT0153,Bhupendra Chaubey,8,176.8,7.25,26.77,80.0,6.2,7.38,71.5,Medium,
DB_1314_ML,2023IT0153,Bhupendra Chaubey,2,149.3,3.6,14.5,70.0,5.9,7.38,70.6,Medium,
DB_1315_DS,2024AI0154,Prateek Agarwal,10,204.6,4.6,16.76,80.0,5.2,5.5,56.8,Medium,
DB_1315_PY,2024AI0154,Prateek Agarwal,10,308.3,6.34,17.38,75.0,5.1,5.5,63.0,Medium,
DB_1315_AIML,2024AI0154,Prateek Agarwal,4,137.9,6.23,21.0,80.0,5.1,5.5,61.8,Medium,
DB_1316_CN,2025DS0155,Ajay Sen,5,160.1,4.58,10.97,80.0,4.5,5.43,53.9,Medium,
DB_1316_DSC,2025DS0155,Ajay Sen,5,112.5,4.5,15.49,60.0,4.2,5.43,49.9,Low,
DB_1317_PY,2023EC0156,Prathamesh Anand,9,228.5,5.47,15.33,80.0,4.8,5.8,60.5,Medium,
DB_1317_AIML,2023EC0156,Prathamesh Anand,9,182.4,5.44,14.9,75.0,4.9,5.8,58.3,Medium,
DB_1318_PY,2024EE0157,Saanvi Kulkarni,17,404.0,8.1,22.3,95.0,8.2,7.99,82.6,High,
DB_1318_WD,2024EE0157,Saanvi Kulkarni,7,166.2,7.1,24.1,85.0,8.3,7.99,81.2,High,
DB_1318_DSC,2024EE0157,Saanvi Kulkarni,11,235.8,6.82,29.08,85.0,8.0,7.99,81.6,High,
DB_1318_ML,2024EE0157,Saanvi Kulkarni,1,124.4,3.6,16.0,100.0,8.0,7.99,81.5,High,
DB_1319_DS,2025ME0158,Kapil Das,11,352.4,6.67,19.81,80.0,6.3,6.82,65.8,Medium,
DB_1319_WD,2025ME0158,Kapil Das,5,176.6,5.76,19.31,95.0,6.5,6.82,71.0,Medium,
DB_1320_PY,2023CE0159,Pramod Goel,12,227.6,6.0,16.56,90.0,5.6,6.56,67.3,Medium,
DB_1320_WD,2023CE0159,Pramod Goel,11,274.5,5.24,19.38,70.0,5.1,6.56,61.7,Medium,
DB_1320_DSC,2023CE0159,Pramod Goel,5,105.6,5.94,18.38,80.0,6.0,6.56,66.5,Medium,
DB_1320_ML,2023CE0159,Pramod Goel,2,175.1,2.5,10.1,75.0,5.6,6.56,61.0,Medium,
DB_1321_DS,2024CS0160,Ajay Iyer,9,205.6,6.7,18.33,75.0,6.0,6.2,65.8,Medium,
DB_1321_WD,2024CS0160,Ajay Iyer,8,278.1,6.02,18.06,90.0,6.3,6.2,65.2,Medium,
DB_1321_CN,2024CS0160,Ajay Iyer,9,219.2,6.18,20.23,90.0,6.0,6.2,67.4,Medium,
DB_1321_AIML,2024CS0160,Ajay Iyer,7,135.5,6.43,23.8,90.0,5.9,6.2,65.8,Medium,
DB_1322_WD,2025IT0161,Pari Chopra,16,424.6,8.7,30.97,90.0,8.7,9.38,88.8,High,
DB_1322_AIML,2025IT0161,Pari Chopra,14,306.5,8.6,36.2,95.0,9.1,9.38,90.1,High,
DB_1322_ML,2025IT0161,Pari Chopra,3,203.5,4.1,19.6,100.0,8.8,9.38,91.9,High,
DB_1323_DS,2023AI0162,Harsh Rao,11,299.7,5.34,12.6,95.0,4.8,5.25,62.2,Medium,
DB_1323_CN,2023AI0162,Harsh Rao,5,86.7,4.78,14.23,95.0,4.7,5.25,56.6,Medium,
DB_1323_AIML,2023AI0162,Harsh Rao,6,122.7,4.65,16.62,90.0,4.2,5.25,54.3,Medium,
DB_1323_ML,2023AI0162,Harsh Rao,3,205.5,2.5,10.8,60.0,4.7,5.25,56.0,Medium,
DB_1324_CN,2024DS0163,Trisha Bajaj,11,258.1,7.6,30.4,80.0,8.0,7.68,80.0,High,
DB_1324_AIML,2024DS0163,Trisha Bajaj,13,255.1,8.21,33.9,90.0,8.2,7.68,84.6,High,
DB_1325_DS,2025EC0164,Vihaan Mehta,10,227.8,4.97,13.6,100.0,5.1,6.37,63.8,Medium,
DB_1325_WD,2025EC0164,Vihaan Mehta,6,149.6,6.4,12.8,90.0,5.0,6.37,62.1,Medium,
DB_1325_DSC,2025EC0164,Vihaan Mehta,9,205.0,5.9,20.13,90.0,5.3,6.37,65.6,Medium,
DB_1325_ML,2025EC0164,Vihaan Mehta,1,134.4,3.1,9.1,80.0,5.5,6.37,59.6,Medium,
DB_1326_PY,2023EE0165,Tejaswi Pillai,12,260.2,4.4,10.97,70.0,4.6,5.13,48.9,Low,
DB_1326_WD,2023EE0165,Tejaswi Pillai,6,138.1,3.5,12.71,75.0,4.2,5.13,50.6,Medium,
DB_1326_AIML,2023EE0165,Tejaswi Pillai,3,71.7,4.5,14.65,65.0,3.8,5.13,49.7,Low,
DB_1327_DS,2024ME0166,Aniket Bishnoi,11,291.1,9.28,28.18,100.0,8.8,9.06,94.2,High,
DB_1327_PY,2024ME0166,Aniket Bishnoi,15,336.0,9.4,25.24,100.0,8.6,9.06,93.8,High,
DB_1327_CN,2024ME0166,Aniket Bishnoi,15,331.3,9.7,26.68,100.0,8.8,9.06,93.8,High,
DB_1327_ML,2024ME0166,Aniket Bishnoi,2,139.9,4.8,19.35,90.0,9.2,9.06,96.6,High,
DB_1328_DS,2025CE0167,Anika Kapoor,8,188.9,9.77,30.0,95.0,9.8,9.22,98.0,High,
DB_1328_PY,2025CE0167,Anika Kapoor,21,446.4,9.14,24.82,95.0,9.8,9.22,97.1,High,
DB_1328_WD,2025CE0167,Anika Kapoor,14,362.9,8.84,29.98,100.0,9.6,9.22,97.9,High,
DB_1329_DSC,2023CS0168,Deepak Prajapat,4,139.6,6.55,22.48,65.0,6.4,7.96,68.0,Medium,
DB_1329_AIML,2023CS0168,Deepak Prajapat,11,202.5,7.75,28.41,85.0,6.7,7.96,75.7,High,
DB_1329_ML,2023CS0168,Deepak Prajapat,3,202.5,3.0,12.5,90.0,6.8,7.96,71.8,Medium,
DB_1330_PY,2024IT0169,Dhruv Mukherjee,7,118.6,6.16,20.65,90.0,5.9,5.82,68.6,Medium,
DB_1330_WD,2024IT0169,Dhruv Mukherjee,12,327.4,6.5,16.97,80.0,5.6,5.82,63.5,Medium,
DB_1330_DSC,2024IT0169,Dhruv Mukherjee,8,235.8,5.29,18.45,80.0,5.7,5.82,61.4,Medium,
DB_1331_WD,2025AI0170,Parag Sharma,8,290.2,6.2,18.7,85.0,5.1,5.89,62.0,Medium,
DB_1331_CN,2025AI0170,Parag Sharma,9,229.4,5.36,12.9,75.0,5.8,5.89,59.7,Medium,
DB_1331_AIML,2025AI0170,Parag Sharma,8,180.0,5.92,19.67,80.0,5.6,5.89,63.0,Medium,
DB_1331_ML,2025AI0170,Parag Sharma,3,192.8,2.8,11.45,80.0,5.4,5.89,61.4,Medium,
DB_1332_DS,2023DS0171,Saurabh Kurian,8,160.4,9.75,31.81,85.0,9.8,9.05,95.6,High,
DB_1332_CN,2023DS0171,Saurabh Kurian,4,74.7,8.97,25.14,100.0,10.0,9.05,95.9,High,
DB_1332_DSC,2023DS0171,Saurabh Kurian,12,321.3,9.07,33.38,100.0,9.7,9.05,98.0,High,
DB_1333_DS,2024EC0172,Deepa Jindal,12,330.6,6.83,21.68,90.0,6.4,7.61,72.9,Medium,
DB_1333_PY,2024EC0172,Deepa Jindal,6,200.9,6.6,19.62,95.0,6.3,7.61,73.0,Medium,
DB_1334_CN,2025EE0173,Vijay Bansal,10,233.9,5.9,18.49,75.0,6.1,6.91,69.0,Medium,
DB_1334_DSC,2025EE0173,Vijay Bansal,11,264.5,6.11,27.4,75.0,6.0,6.91,70.2,Medium,
DB_1335_PY,2023ME0174,Devanshi Chaubey,7,161.3,7.0,16.11,80.0,5.6,5.05,64.0,Medium,
DB_1335_WD,2023ME0174,Devanshi Chaubey,8,170.6,5.35,23.0,75.0,5.2,5.05,57.7,Medium,
DB_1335_CN,2023ME0174,Devanshi Chaubey,10,225.7,6.6,15.88,85.0,5.3,5.05,66.2,Medium,
DB_1335_AIML,2023ME0174,Devanshi Chaubey,5,117.4,6.24,24.36,75.0,5.4,5.05,60.3,Medium,
DB_1336_DS,2024CE0175,Deepa Dhawan,4,82.6,6.1,16.62,90.0,5.2,6.82,65.7,Medium,
DB_1336_PY,2024CE0175,Deepa Dhawan,6,142.5,4.8,14.54,95.0,5.8,6.82,63.7,Medium,
DB_1337_CN,2025CS0176,Harshita Dwivedi,5,133.1,8.17,21.67,85.0,7.8,7.22,78.4,High,
DB_1337_DSC,2025CS0176,Harshita Dwivedi,8,206.4,8.47,32.33,90.0,7.9,7.22,79.6,High,
DB_1338_PY,2023IT0177,Anika Banerjee,7,110.3,9.0,23.44,95.0,8.5,8.11,89.8,High,
DB_1338_DSC,2023IT0177,Anika Banerjee,10,238.9,8.05,36.85,100.0,8.9,8.11,90.9,High,
DB_1339_DS,2024AI0178,Prathamesh Joseph,18,432.3,9.7,29.75,100.0,9.0,9.42,94.2,High,
DB_1339_CN,2024AI0178,Prathamesh Joseph,14,277.1,6.85,25.79,100.0,9.7,9.42,98.0,High,
DB_1340_PY,2025DS0179,Vivek Reddy,13,291.6,6.0,19.37,60.0,5.6,5.31,57.9,Medium,
DB_1340_WD,2025DS0179,Vivek Reddy,10,268.1,7.03,18.3,90.0,6.3,5.31,69.9,Medium,
DB_1340_DSC,2025DS0179,Vivek Reddy,11,238.9,6.45,20.9,80.0,5.7,5.31,66.3,Medium,
DB_1341_CN,2023EC0180,Sakshi Vashistha,13,281.5,7.54,21.65,95.0,7.6,8.46,79.5,High,
DB_1341_DSC,2023EC0180,Sakshi Vashistha,5,103.0,7.92,26.65,80.0,7.3,8.46,79.0,High,
DB_1341_AIML,2023EC0180,Sakshi Vashistha,10,236.2,8.2,39.9,90.0,7.1,8.46,83.6,High,
DB_1342_DSC,2024EE0181,Muskan Reddy,6,128.5,7.6,22.81,90.0,6.7,6.87,72.9,Medium,
DB_1342_AIML,2024EE0181,Muskan Reddy,6,122.0,7.0,25.83,100.0,6.6,6.87,76.0,High,
DB_1342_ML,2024EE0181,Muskan Reddy,3,198.2,4.2,16.05,90.0,7.2,6.87,81.4,High,
DB_1343_DS,2025ME0182,Saloni Lobo,5,93.5,7.0,20.62,75.0,6.1,7.53,67.3,Medium,
DB_1343_WD,2025ME0182,Saloni Lobo,5,143.1,6.17,21.21,95.0,6.0,7.53,71.7,Medium,
DB_1343_CN,2025ME0182,Saloni Lobo,10,183.8,5.6,16.6,85.0,6.8,7.53,66.9,Medium,
DB_1343_AIML,2025ME0182,Saloni Lobo,4,72.3,6.64,21.9,90.0,6.4,7.53,77.2,High,
DB_1344_WD,2023CE0183,Aryan Rao,3,98.4,8.2,21.9,90.0,6.9,7.89,77.7,High,
DB_1344_CN,2023CE0183,Aryan Rao,4,131.7,4.75,15.28,85.0,7.0,7.89,70.7,Medium,
DB_1345_PY,2024CS0184,Nidhi Kapoor,4,70.2,5.4,13.62,75.0,5.4,5.4,59.0,Medium,
DB_1345_WD,2024CS0184,Nidhi Kapoor,6,181.5,4.88,14.14,80.0,5.5,5.4,56.7,Medium,
DB_1345_CN,2024CS0184,Nidhi Kapoor,8,190.5,4.33,15.08,85.0,4.7,5.4,56.7,Medium,
DB_1345_ML,2024CS0184,Nidhi Kapoor,2,192.6,2.7,10.45,75.0,5.2,5.4,56.4,Medium,
DB_1346_PY,2025IT0185,Meera Batra,5,93.3,7.5,16.65,100.0,6.0,6.1,71.4,Medium,
DB_1346_WD,2025IT0185,Meera Batra,11,241.1,5.6,15.25,85.0,6.5,6.1,68.9,Medium,
DB_1346_AIML,2025IT0185,Meera Batra,7,164.4,6.38,25.74,95.0,6.0,6.1,70.3,Medium,
DB_1347_CN,2023AI0186,Suresh Reddy,6,143.4,8.74,29.83,100.0,9.7,9.37,94.8,High,
DB_1347_DSC,2023AI0186,Suresh Reddy,5,154.1,8.91,30.9,100.0,9.8,9.37,97.2,High,
DB_1347_AIML,2023AI0186,Suresh Reddy,11,234.2,9.85,49.1,95.0,8.9,9.37,95.1,High,
DB_1348_DS,2024DS0187,Neha Joshi,7,191.4,5.31,16.43,80.0,5.1,5.33,59.4,Medium,
DB_1348_WD,2024DS0187,Neha Joshi,4,178.6,6.1,16.5,75.0,5.0,5.33,59.2,Medium,
DB_1348_DSC,2024DS0187,Neha Joshi,9,161.1,5.77,16.96,80.0,5.4,5.33,60.2,Medium,
DB_1349_CN,2025EC0188,Omkar Nair,5,69.1,7.9,21.72,90.0,8.3,7.69,81.0,High,
DB_1349_AIML,2025EC0188,Omkar Nair,11,219.4,8.06,31.28,100.0,8.0,7.69,81.3,High,
DB_1349_ML,2025EC0188,Omkar Nair,3,197.2,4.3,16.2,90.0,8.3,7.69,81.9,High,
DB_1350_DS,2023EE0189,Shweta Nair,8,194.0,7.86,23.24,90.0,7.8,8.76,80.9,High,
DB_1350_PY,2023EE0189,Shweta Nair,15,326.5,7.47,16.66,90.0,7.5,8.76,78.8,High,
DB_1350_WD,2023EE0189,Shweta Nair,10,332.2,6.85,23.86,85.0,7.8,8.76,82.7,High,
DB_1350_ML,2023EE0189,Shweta Nair,3,194.5,3.9,14.3,80.0,7.5,8.76,75.5,High,
DB_1351_WD,2024ME0190,Kavita Pillai,11,302.3,7.38,21.1,85.0,7.7,8.57,85.1,High,
DB_1351_DSC,2024ME0190,Kavita Pillai,7,194.1,7.6,32.7,90.0,7.8,8.57,85.1,High,
DB_1351_AIML,2024ME0190,Kavita Pillai,13,258.2,8.2,37.8,85.0,7.9,8.57,80.0,High,
DB_1351_ML,2024ME0190,Kavita Pillai,3,192.8,4.1,16.5,90.0,7.7,8.57,83.7,High,
DB_1352_WD,2025CE0191,Bhupendra Bhat,19,476.1,9.0,18.7,100.0,9.1,9.02,92.1,High,
DB_1352_CN,2025CE0191,Bhupendra Bhat,11,242.1,8.69,25.56,95.0,9.3,9.02,95.4,High,
DB_1352_AIML,2025CE0191,Bhupendra Bhat,13,265.7,9.5,35.94,100.0,9.0,9.02,96.0,High,
DB_1352_ML,2025CE0191,Bhupendra Bhat,3,198.9,5.0,17.9,95.0,9.1,9.02,94.6,High,
DB_1353_DS,2023CS0192,Preeti Menon,7,241.2,5.37,17.62,80.0,4.5,5.18,60.9,Medium,
DB_1353_PY,2023CS0192,Preeti Menon,2,119.2,4.7,12.61,75.0,4.7,5.18,55.2,Medium,
DB_1353_DSC,2023CS0192,Preeti Menon,6,244.8,4.6,18.27,95.0,4.5,5.18,60.1,Medium,
DB_1353_ML,2023CS0192,Preeti Menon,3,203.1,2.6,11.4,90.0,5.1,5.18,61.5,Medium,
DB_1354_WD,2024IT0193,Sakshi Lamba,3,98.2,7.85,18.0,100.0,8.5,8.99,87.6,High,
DB_1354_CN,2024IT0193,Sakshi Lamba,6,136.0,9.1,20.84,85.0,8.3,8.99,83.9,High,
DB_1354_DSC,2024IT0193,Sakshi Lamba,10,285.8,6.15,29.61,95.0,8.4,8.99,88.0,High,
DB_1354_AIML,2024IT0193,Sakshi Lamba,8,166.6,9.2,46.7,90.0,8.5,8.99,94.0,High,
DB_1355_CN,2025AI0194,Shaurya Talwar,8,190.0,8.95,26.04,95.0,9.0,9.04,98.0,High,
DB_1355_AIML,2025AI0194,Shaurya Talwar,14,278.6,9.1,37.23,85.0,9.5,9.04,93.4,High,
DB_1356_DS,2023DS0195,Rahul Mittal,9,204.2,6.3,18.25,100.0,5.7,6.97,71.3,Medium,
DB_1356_WD,2023DS0195,Rahul Mittal,6,213.1,5.72,19.37,70.0,6.2,6.97,62.6,Medium,
DB_1356_AIML,2023DS0195,Rahul Mittal,7,154.7,4.7,25.4,90.0,6.1,6.97,67.4,Medium,
DB_1356_ML,2023DS0195,Rahul Mittal,2,142.4,2.5,12.5,80.0,5.6,6.97,65.8,Medium,
DB_1357_WD,2024EC0196,Charu Tandon,5,134.2,5.83,17.44,85.0,5.5,6.68,64.1,Medium,
DB_1357_ML,2024EC0196,Charu Tandon,3,206.0,3.3,12.7,90.0,5.7,6.68,72.0,Medium,
DB_1358_WD,2025EE0197,Vandana Grover,7,160.2,4.26,14.09,75.0,4.2,5.49,55.7,Medium,
DB_1358_DSC,2025EE0197,Vandana Grover,7,176.2,4.23,15.38,70.0,4.5,5.49,50.4,Medium,
DB_1359_DS,2023ME0198,Bhavin Kurian,17,446.1,8.27,23.22,95.0,7.2,8.85,85.5,High,
DB_1359_DSC,2023ME0198,Bhavin Kurian,10,306.4,7.37,31.25,90.0,7.5,8.85,84.8,High,
DB_1359_ML,2023ME0198,Bhavin Kurian,3,198.2,3.3,15.25,95.0,8.1,8.85,79.5,High,
DB_1360_DS,2024CE0199,Pankaj Tiwari,11,254.0,7.37,21.3,80.0,6.5,8.17,72.1,Medium,
DB_1360_CN,2024CE0199,Pankaj Tiwari,7,126.5,7.47,22.05,100.0,6.9,8.17,80.6,High,
DB_1361_PY,2025CS0200,Jaya Lobo,13,312.3,8.7,19.4,85.0,7.6,8.23,84.3,High,
DB_1361_WD,2025CS0200,Jaya Lobo,15,392.8,8.2,23.07,90.0,8.0,8.23,84.8,High,
DB_1361_CN,2025CS0200,Jaya Lobo,8,168.9,8.21,23.74,100.0,8.2,8.23,86.1,High,
DB_1361_DSC,2025CS0200,Jaya Lobo,6,114.7,8.1,27.37,90.0,8.2,8.23,84.1,High,
DB_1362_PY,2023IT0201,Sanjay Kurian,2,50.8,5.35,11.67,95.0,4.9,6.19,61.8,Medium,
DB_1362_DSC,2023IT0201,Sanjay Kurian,4,114.2,4.1,10.6,85.0,5.7,6.19,56.8,Medium,
DB_1362_AIML,2023IT0201,Sanjay Kurian,6,159.1,4.83,20.55,90.0,5.7,6.19,58.7,Medium,
DB_1362_ML,2023IT0201,Sanjay Kurian,3,193.7,3.1,12.55,80.0,5.0,6.19,65.6,Medium,
DB_1363_PY,2024AI0202,Vaibhav Deshmukh,7,113.6,6.14,17.45,80.0,6.1,6.19,65.5,Medium,
DB_1363_DSC,2024AI0202,Vaibhav Deshmukh,7,142.0,4.78,19.52,85.0,5.2,6.19,62.1,Medium,
DB_1364_DS,2025DS0203,Urvashi Sood,25,570.1,9.05,28.33,95.0,9.0,9.36,94.3,High,
DB_1364_WD,2025DS0203,Urvashi Sood,12,349.8,8.74,30.26,100.0,9.7,9.36,95.9,High,
DB_1364_DSC,2025DS0203,Urvashi Sood,16,385.9,9.2,39.6,90.0,9.2,9.36,91.1,High,
DB_1364_AIML,2025DS0203,Urvashi Sood,10,188.0,9.83,38.46,100.0,9.1,9.36,95.7,High,
DB_1365_DS,2023EC0204,Mahesh Jindal,4,157.8,6.8,18.0,100.0,7.9,7.5,83.6,High,
DB_1365_PY,2023EC0204,Mahesh Jindal,13,316.6,8.6,21.2,95.0,7.9,7.5,84.6,High,
DB_1365_DSC,2023EC0204,Mahesh Jindal,14,290.6,7.15,21.5,85.0,7.4,7.5,76.0,High,
DB_1366_DSC,2024EE0205,Bhavin Sanyal,5,100.4,8.44,30.65,90.0,8.9,9.52,88.6,High,
DB_1366_AIML,2024EE0205,Bhavin Sanyal,12,238.8,9.37,38.3,95.0,8.7,9.52,92.7,High,
DB_1367_DS,2025ME0206,Darsh Verma,17,354.3,8.4,26.3,95.0,8.2,8.14,86.6,High,
DB_1367_PY,2025ME0206,Darsh Verma,6,179.3,8.47,24.25,95.0,7.7,8.14,84.1,High,
DB_1367_AIML,2025ME0206,Darsh Verma,16,309.8,8.45,35.25,100.0,8.5,8.14,86.2,High,
DB_1368_PY,2023CE0207,Riya Talwar,8,142.2,6.06,16.96,95.0,5.9,6.15,70.2,Medium,
DB_1368_CN,2023CE0207,Riya Talwar,8,155.4,5.2,17.67,95.0,6.0,6.15,64.9,Medium,
DB_1368_DSC,2023CE0207,Riya Talwar,9,231.0,5.6,13.7,95.0,6.1,6.15,70.6,Medium,
DB_1369_CN,2024CS0208,Vandana Shah,10,229.4,6.0,13.6,90.0,5.2,5.43,59.3,Medium,
DB_1369_DSC,2024CS0208,Vandana Shah,4,161.1,5.43,22.82,85.0,5.4,5.43,66.2,Medium,
DB_1370_WD,2025IT0209,Darsh Anand,4,171.7,4.5,12.7,85.0,4.8,5.28,58.6,Medium,
DB_1370_CN,2025IT0209,Darsh Anand,6,126.6,6.1,13.32,90.0,4.6,5.28,60.7,Medium,
DB_1370_AIML,2025IT0209,Darsh Anand,6,148.3,3.6,20.62,80.0,5.0,5.28,52.1,Medium,
DB_1370_ML,2025IT0209,Darsh Anand,2,174.5,2.3,10.4,80.0,4.5,5.28,56.7,Medium,
DB_1371_CN,2023AI0210,Deepak Arora,6,118.2,6.6,18.98,85.0,6.8,7.17,75.3,High,
DB_1371_DSC,2023AI0210,Deepak Arora,11,312.4,5.9,30.1,90.0,6.3,7.17,70.8,Medium,
DB_1372_WD,2024DS0211,Tushar Deshmukh,8,168.8,8.53,27.0,90.0,7.9,7.93,88.7,High,
DB_1372_CN,2024DS0211,Tushar Deshmukh,5,94.6,7.75,22.19,85.0,8.6,7.93,82.9,High,
DB_1372_DSC,2024DS0211,Tushar Deshmukh,8,143.9,8.7,31.35,95.0,8.1,7.93,90.2,High,
DB_1372_ML,2024DS0211,Tushar Deshmukh,2,171.9,4.2,17.05,100.0,7.8,7.93,84.3,High,
DB_1373_PY,2025EC0212,Vipul Nair,12,280.5,6.8,16.93,100.0,6.8,7.61,78.2,High,
DB_1373_WD,2025EC0212,Vipul Nair,7,268.7,7.1,25.63,100.0,6.3,7.61,78.4,High,
DB_1374_DS,2023EE0213,Sunil Yadav,16,405.5,9.1,27.79,100.0,8.4,8.39,93.8,High,
DB_1374_PY,2023EE0213,Sunil Yadav,16,367.0,9.15,24.88,80.0,8.4,8.39,85.3,High,
DB_1374_ML,2023EE0213,Sunil Yadav,3,193.3,3.9,17.7,95.0,9.2,8.39,89.7,High,
DB_1375_PY,2024ME0214,Kiran Chatterjee,5,125.4,3.82,10.97,70.0,3.8,5.33,48.8,Low,
DB_1375_AIML,2024ME0214,Kiran Chatterjee,9,184.4,5.6,16.1,85.0,4.6,5.33,58.5,Medium,
DB_1375_ML,2024ME0214,Kiran Chatterjee,2,157.3,1.8,10.6,90.0,4.1,5.33,54.0,Medium,
DB_1376_PY,2025CE0215,Aadhya Bajaj,6,143.8,7.31,15.5,85.0,7.2,7.55,71.9,Medium,
DB_1376_DSC,2025CE0215,Aadhya Bajaj,7,185.3,7.0,17.0,95.0,6.3,7.55,77.7,High,
DB_1376_ML,2025CE0215,Aadhya Bajaj,3,202.6,3.4,15.2,80.0,6.8,7.55,73.6,Medium,
DB_1377_DSC,2023CS0216,Gunjan Fernandes,8,142.4,7.22,25.6,95.0,8.4,8.7,83.8,High,
DB_1377_AIML,2023CS0216,Gunjan Fernandes,9,178.5,8.76,34.74,100.0,8.4,8.7,90.0,High,
DB_1378_WD,2024IT0217,Ankita Kaushik,14,333.0,7.12,36.45,80.0,7.6,7.24,77.1,High,
DB_1378_DSC,2024IT0217,Ankita Kaushik,13,339.3,7.23,26.0,100.0,8.1,7.24,77.6,High,
DB_1378_ML,2024IT0217,Ankita Kaushik,3,196.8,4.6,15.5,95.0,7.7,7.24,81.9,High,
DB_1379_PY,2025AI0218,Mansi Verma,5,117.1,7.0,15.5,95.0,6.4,6.79,73.7,Medium,
DB_1379_WD,2025AI0218,Mansi Verma,7,198.8,8.2,23.37,95.0,7.0,6.79,80.9,High,
DB_1379_ML,2025AI0218,Mansi Verma,3,192.0,3.7,13.3,95.0,7.1,6.79,76.9,High,
DB_1380_DS,2023DS0219,Manisha Chopra,7,220.3,5.25,15.54,80.0,4.2,5.12,58.8,Medium,
DB_1380_CN,2023DS0219,Manisha Chopra,6,114.4,4.27,9.6,80.0,4.6,5.12,56.5,Medium,
DB_1380_DSC,2023DS0219,Manisha Chopra,5,199.5,4.72,13.4,75.0,4.6,5.12,56.1,Medium,
DB_1380_AIML,2023DS0219,Manisha Chopra,7,143.6,5.17,22.25,75.0,4.4,5.12,55.6,Medium,
DB_1381_PY,2024EC0220,Mahesh Pandey,6,140.3,8.18,22.52,95.0,7.9,7.74,85.8,High,
DB_1381_CN,2024EC0220,Mahesh Pandey,6,101.3,6.47,29.3,80.0,7.7,7.74,79.6,High,
DB_1381_DSC,2024EC0220,Mahesh Pandey,7,142.2,8.08,17.3,90.0,7.8,7.74,85.2,High,
DB_1381_ML,2024EC0220,Mahesh Pandey,1,146.7,4.2,16.4,85.0,8.1,7.74,85.2,High,
DB_1382_PY,2025EE0221,Yash Kulkarni,13,247.4,7.75,23.1,95.0,7.9,7.4,85.7,High,
DB_1382_WD,2025EE0221,Yash Kulkarni,5,97.5,7.61,25.29,95.0,7.5,7.4,82.0,High,
DB_1382_DSC,2025EE0221,Yash Kulkarni,12,252.6,7.87,27.24,95.0,7.9,7.4,84.0,High,
DB_1382_ML,2025EE0221,Yash Kulkarni,2,177.0,4.7,16.05,85.0,8.3,7.4,82.9,High,
DB_1383_DS,2023ME0222,Tushar Mishra,6,128.9,5.72,17.04,80.0,5.6,6.54,62.1,Medium,
DB_1383_ML,2023ME0222,Tushar Mishra,3,188.4,3.5,10.8,65.0,5.8,6.54,61.9,Medium,
DB_1384_PY,2024CE0223,Kunal Bhattacharya,16,367.6,7.75,22.93,75.0,7.9,8.61,78.7,High,
DB_1384_WD,2024CE0223,Kunal Bhattacharya,7,123.2,8.05,23.34,90.0,7.3,8.61,86.5,High,
DB_1384_DSC,2024CE0223,Kunal Bhattacharya,10,270.1,7.7,24.62,100.0,7.8,8.61,80.3,High,
DB_1384_AIML,2024CE0223,Kunal Bhattacharya,7,141.1,7.45,31.3,95.0,8.0,8.61,84.3,High,
DB_1385_DSC,2025CS0224,Pallavi Banerjee,10,230.2,6.5,20.98,90.0,7.0,6.17,72.3,Medium,
DB_1385_AIML,2025CS0224,Pallavi Banerjee,12,260.2,6.7,28.22,100.0,6.7,6.17,72.3,Medium,
DB_1385_ML,2025CS0224,Pallavi Banerjee,3,196.4,3.1,15.6,90.0,6.6,6.17,75.6,High,
DB_1386_DS,2023IT0225,Naveen Varghese,8,234.0,5.33,16.15,95.0,5.0,5.71,63.5,Medium,
DB_1386_WD,2023IT0225,Naveen Varghese,10,261.0,4.7,16.96,90.0,4.7,5.71,60.0,Medium,
DB_1386_AIML,2023IT0225,Naveen Varghese,8,166.2,5.6,28.0,85.0,5.1,5.71,59.3,Medium,
DB_1387_PY,2024AI0226,Shruti Roy,10,292.8,9.67,35.0,100.0,9.5,9.56,95.0,High,
DB_1387_WD,2024AI0226,Shruti Roy,16,405.2,8.4,29.99,85.0,9.3,9.56,92.0,High,
DB_1387_AIML,2024AI0226,Shruti Roy,8,153.3,9.69,40.65,95.0,9.3,9.56,94.9,High,
DB_1387_ML,2024AI0226,Shruti Roy,2,150.9,4.8,19.15,100.0,9.8,9.56,98.0,High,
DB_1388_WD,2025DS0227,Jaya Rajput,14,408.7,8.83,30.26,100.0,10.0,9.48,98.0,High,
DB_1388_CN,2025DS0227,Jaya Rajput,6,173.4,9.12,27.0,100.0,9.8,9.48,98.0,High,
DB_1388_ML,2025DS0227,Jaya Rajput,3,192.9,4.8,20.0,100.0,9.7,9.48,96.3,High,
DB_1389_DS,2023EC0228,Pankaj Shukla,14,372.4,6.86,23.33,90.0,7.4,7.88,78.1,High,
DB_1389_WD,2023EC0228,Pankaj Shukla,8,240.7,7.4,21.75,100.0,7.3,7.88,76.7,High,
DB_1389_AIML,2023EC0228,Pankaj Shukla,6,116.8,8.5,21.07,95.0,7.0,7.88,76.4,High,
DB_1390_DS,2024EE0229,Ritika Kurian,12,296.3,6.92,20.4,90.0,6.7,7.39,76.2,High,
DB_1390_WD,2024EE0229,Ritika Kurian,11,356.1,7.1,22.97,90.0,6.4,7.39,73.7,Medium,
DB_1390_DSC,2024EE0229,Ritika Kurian,8,200.2,3.6,26.14,85.0,7.1,7.39,73.5,Medium,
DB_1391_DSC,2025ME0230,Pooja Malhotra,14,363.1,8.35,17.8,90.0,7.8,8.15,87.0,High,
DB_1391_AIML,2025ME0230,Pooja Malhotra,7,149.4,7.2,34.26,95.0,7.5,8.15,84.1,High,
DB_1392_DS,2023CE0231,Vinay Rao,9,185.0,7.0,10.6,85.0,5.9,6.45,65.2,Medium,
DB_1392_PY,2023CE0231,Vinay Rao,10,235.4,6.82,15.18,95.0,6.5,6.45,68.6,Medium,
DB_1392_DSC,2023CE0231,Vinay Rao,4,101.9,5.47,23.0,100.0,6.5,6.45,68.1,Medium,
DB_1392_ML,2023CE0231,Vinay Rao,1,138.9,2.5,15.0,95.0,5.8,6.45,71.1,Medium,
DB_1393_PY,2024CS0232,Nikhil Garg,7,127.5,5.7,13.4,75.0,4.8,5.72,57.8,Medium,
DB_1393_CN,2024CS0232,Nikhil Garg,6,93.2,6.0,12.4,90.0,4.6,5.72,59.1,Medium,
DB_1394_PY,2025IT0233,Kapil Mathew,8,182.7,6.4,16.77,75.0,5.9,5.32,61.0,Medium,
DB_1394_AIML,2025IT0233,Kapil Mathew,5,164.1,6.6,29.57,65.0,6.0,5.32,66.4,Medium,
DB_1395_DS,2023AI0234,Atharva Sharma,9,185.9,6.03,16.93,80.0,4.9,6.07,64.7,Medium,
DB_1395_WD,2023AI0234,Atharva Sharma,6,171.8,5.47,16.1,85.0,5.5,6.07,59.5,Medium,
DB_1395_CN,2023AI0234,Atharva Sharma,1,60.0,5.0,14.36,80.0,4.9,6.07,60.6,Medium,
DB_1395_AIML,2023AI0234,Atharva Sharma,6,108.2,4.99,20.87,90.0,4.6,6.07,61.9,Medium,
DB_1396_PY,2024DS0235,Nitin Ghoshal,10,217.1,5.54,16.45,85.0,5.5,5.51,60.2,Medium,
DB_1396_AIML,2024DS0235,Nitin Ghoshal,5,97.4,5.54,25.9,100.0,5.7,5.51,67.9,Medium,
DB_1396_ML,2024DS0235,Nitin Ghoshal,2,185.3,2.9,12.05,95.0,5.1,5.51,66.9,Medium,
DB_1397_DS,2025EC0236,Karan Garg,11,320.9,7.77,22.8,85.0,7.5,8.33,79.0,High,
DB_1397_WD,2025EC0236,Karan Garg,5,82.5,7.53,22.66,85.0,7.7,8.33,82.3,High,
DB_1397_CN,2025EC0236,Karan Garg,10,254.3,6.75,18.12,95.0,7.5,8.33,81.2,High,
DB_1398_WD,2023EE0237,Tushar Chatterjee,8,164.0,5.85,13.0,90.0,5.2,6.0,61.9,Medium,
DB_1398_DSC,2023EE0237,Tushar Chatterjee,9,276.4,5.83,19.27,80.0,5.0,6.0,59.7,Medium,
DB_1399_DS,2024ME0238,Priyanka Singhal,17,486.6,8.1,26.15,95.0,7.8,7.42,87.1,High,
DB_1399_DSC,2024ME0238,Priyanka Singhal,9,267.9,7.21,27.9,95.0,7.7,7.42,79.7,High,
DB_1399_AIML,2024ME0238,Priyanka Singhal,12,259.7,8.48,28.98,100.0,7.9,7.42,83.9,High,
DB_1399_ML,2024ME0238,Priyanka Singhal,3,202.6,3.8,16.5,85.0,7.7,7.42,77.6,High,
DB_1400_DS,2025CE0239,Pallavi Awasthi,12,338.3,5.98,19.35,90.0,5.4,6.57,65.6,Medium,
DB_1400_WD,2025CE0239,Pallavi Awasthi,10,318.8,5.55,19.14,95.0,6.3,6.57,70.7,Medium,
DB_1400_DSC,2025CE0239,Pallavi Awasthi,10,250.4,5.83,16.33,75.0,5.8,6.57,64.2,Medium,
DB_1400_ML,2025CE0239,Pallavi Awasthi,2,162.6,3.0,14.3,90.0,6.1,6.57,72.5,Medium,
DB_1401_DS,2023CS0240,Lokesh Dhawan,7,202.6,8.4,27.2,85.0,7.7,7.6,78.2,High,
DB_1401_PY,2023CS0240,Lokesh Dhawan,7,144.2,8.01,21.1,95.0,7.7,7.6,85.6,High,
DB_1401_WD,2023CS0240,Lokesh Dhawan,14,412.6,8.7,24.5,85.0,8.1,7.6,83.8,High,
DB_1401_CN,2023CS0240,Lokesh Dhawan,9,167.1,7.3,22.38,90.0,7.7,7.6,80.8,High,
DB_1402_DS,2024IT0241,Aditya Mishra,7,107.3,7.3,18.8,85.0,6.0,5.25,70.0,Medium,
DB_1402_DSC,2024IT0241,Aditya Mishra,8,291.6,5.8,27.65,80.0,5.5,5.25,64.7,Medium,
DB_1402_AIML,2024IT0241,Aditya Mishra,5,101.0,5.78,24.87,65.0,6.1,5.25,58.6,Medium,
DB_1403_DS,2025AI0242,Rohan Tripathi,7,229.6,6.17,18.43,80.0,5.5,6.45,61.8,Medium,
DB_1403_WD,2025AI0242,Rohan Tripathi,4,165.1,6.87,21.88,85.0,5.5,6.45,66.3,Medium,
DB_1403_DSC,2025AI0242,Rohan Tripathi,9,207.3,5.21,23.0,80.0,5.6,6.45,62.3,Medium,
DB_1403_ML,2025AI0242,Rohan Tripathi,3,196.2,2.3,11.9,95.0,5.6,6.45,63.2,Medium,
DB_1404_WD,2023DS0243,Manish Bajaj,9,180.4,5.55,21.95,85.0,6.4,6.8,69.5,Medium,
DB_1404_ML,2023DS0243,Manish Bajaj,3,199.1,4.2,13.65,95.0,7.2,6.8,80.6,High,
DB_1405_CN,2024EC0244,Ishaan Yadav,5,133.0,6.5,17.67,90.0,6.8,7.26,73.5,Medium,
DB_1405_AIML,2024EC0244,Ishaan Yadav,5,109.0,6.5,31.07,100.0,6.1,7.26,78.1,High,
DB_1406_DSC,2025EE0245,Nidhi Chopra,9,205.6,9.1,30.03,100.0,8.8,9.27,92.1,High,
DB_1406_ML,2025EE0245,Nidhi Chopra,2,175.3,4.1,20.0,95.0,9.2,9.27,91.8,High,
DB_1407_PY,2023ME0246,Dev Goyal,6,203.7,6.64,16.13,90.0,7.1,7.73,73.2,Medium,
DB_1407_CN,2023ME0246,Dev Goyal,12,231.4,6.45,17.81,90.0,7.2,7.73,74.0,Medium,
DB_1407_AIML,2023ME0246,Dev Goyal,7,160.2,7.1,27.1,80.0,6.8,7.73,68.7,Medium,
DB_1407_ML,2023ME0246,Dev Goyal,2,171.8,3.8,12.6,80.0,6.9,7.73,73.5,Medium,
DB_1408_DS,2024CE0247,Chirag Kumar,13,257.9,8.37,24.52,100.0,8.9,9.17,87.6,High,
DB_1408_WD,2024CE0247,Chirag Kumar,8,197.6,7.67,25.52,95.0,8.4,9.17,90.2,High,
DB_1408_ML,2024CE0247,Chirag Kumar,3,194.6,3.9,18.6,100.0,9.1,9.17,88.5,High,
DB_1409_AIML,2025CS0248,Umesh Tomar,7,160.2,5.14,26.97,90.0,5.3,6.11,64.5,Medium,
DB_1409_ML,2025CS0248,Umesh Tomar,2,143.2,3.1,9.8,80.0,4.7,6.11,58.5,Medium,
DB_1410_CN,2023IT0249,Gauri Kumar,6,189.1,6.7,18.15,75.0,5.9,7.45,69.2,Medium,
DB_1410_DSC,2023IT0249,Gauri Kumar,11,212.3,7.0,17.9,80.0,5.8,7.45,71.5,Medium,
DB_1410_AIML,2023IT0249,Gauri Kumar,4,78.4,7.9,25.21,75.0,6.6,7.45,74.4,Medium,
DB_1411_DS,2024AI0250,Brijesh Roy,18,438.9,7.4,20.13,85.0,7.5,7.19,79.2,High,
DB_1411_DSC,2024AI0250,Brijesh Roy,7,181.3,6.48,27.1,75.0,7.4,7.19,72.8,Medium,
DB_1412_DS,2025DS0251,Geeta Menon,12,334.9,6.65,22.39,85.0,6.4,6.72,72.0,Medium,
DB_1412_CN,2025DS0251,Geeta Menon,11,255.6,5.85,18.93,90.0,6.7,6.72,68.9,Medium,
DB_1412_DSC,2025DS0251,Geeta Menon,9,234.5,7.0,20.2,85.0,6.4,6.72,74.0,Medium,
DB_1412_AIML,2025DS0251,Geeta Menon,8,151.0,7.3,25.74,95.0,6.3,6.72,73.1,Medium,
DB_1413_PY,2023EC0252,Manisha Agarwal,7,157.4,9.69,26.9,90.0,8.9,8.85,91.1,High,
DB_1413_AIML,2023EC0252,Manisha Agarwal,7,144.6,9.72,35.38,90.0,9.1,8.85,93.8,High,
DB_1413_ML,2023EC0252,Manisha Agarwal,3,203.4,4.1,20.0,100.0,9.0,8.85,91.0,High,
DB_1414_WD,2024EE0253,Yogesh Majumdar,5,147.0,4.95,12.8,90.0,6.0,6.5,72.5,Medium,
DB_1414_AIML,2024EE0253,Yogesh Majumdar,7,138.4,5.83,26.56,85.0,6.1,6.5,67.2,Medium,
DB_1415_DSC,2025ME0254,Jyoti Bishnoi,5,99.2,9.53,27.2,90.0,8.3,8.44,90.2,High,
DB_1415_ML,2025ME0254,Jyoti Bishnoi,3,201.5,4.3,17.9,90.0,8.8,8.44,88.1,High,
DB_1416_DS,2023CE0255,Sunita Bhattacharya,3,115.5,5.14,15.26,90.0,4.4,5.04,58.8,Medium,
DB_1416_PY,2023CE0255,Sunita Bhattacharya,6,138.1,4.8,13.1,95.0,4.9,5.04,57.5,Medium,
DB_1416_AIML,2023CE0255,Sunita Bhattacharya,3,87.9,6.2,16.47,90.0,4.7,5.04,59.0,Medium,
DB_1416_ML,2023CE0255,Sunita Bhattacharya,2,155.1,2.6,10.45,85.0,4.5,5.04,60.5,Medium,
DB_1417_DS,2024CS0256,Abhishek Pillai,5,152.1,4.5,14.16,85.0,4.5,5.3,57.7,Medium,
DB_1417_PY,2024CS0256,Abhishek Pillai,7,176.3,5.3,10.3,95.0,5.0,5.3,59.1,Medium,
DB_1417_ML,2024CS0256,Abhishek Pillai,2,153.1,3.3,12.2,85.0,5.1,5.3,64.1,Medium,
DB_1418_WD,2025IT0257,Vikram Ghosh,7,129.8,7.0,15.2,95.0,8.2,7.92,83.6,High,
DB_1418_AIML,2025IT0257,Vikram Ghosh,6,116.0,8.65,37.13,100.0,7.9,7.92,89.8,High,
DB_1418_ML,2025IT0257,Vikram Ghosh,2,164.9,4.7,17.35,90.0,7.5,7.92,87.8,High,
DB_1419_WD,2023AI0258,Devendra Patel,6,169.8,5.73,18.25,85.0,5.6,6.01,69.6,Medium,
DB_1419_CN,2023AI0258,Devendra Patel,8,133.4,6.0,11.87,90.0,5.7,6.01,68.4,Medium,
DB_1419_DSC,2023AI0258,Devendra Patel,11,279.2,6.41,16.05,95.0,5.4,6.01,70.4,Medium,
DB_1419_ML,2023AI0258,Devendra Patel,3,191.9,2.4,13.2,95.0,6.0,6.01,63.7,Medium,
DB_1420_WD,2024DS0259,Tejas Vashistha,8,226.8,9.7,25.53,85.0,7.9,8.49,89.5,High,
DB_1420_ML,2024DS0259,Tejas Vashistha,2,180.1,4.5,17.1,85.0,8.4,8.49,87.0,High,
DB_1421_PY,2025EC0260,Nitin Bishnoi,10,184.5,6.1,11.55,70.0,4.8,6.2,58.7,Medium,
DB_1421_DSC,2025EC0260,Nitin Bishnoi,5,213.2,4.55,18.1,90.0,5.3,6.2,64.6,Medium,
DB_1422_DS,2023EE0261,Isha Tiwari,9,281.4,6.6,29.9,90.0,6.9,6.91,75.7,High,
DB_1422_AIML,2023EE0261,Isha Tiwari,5,95.8,7.45,38.4,100.0,6.6,6.91,82.2,High,
DB_1423_DS,2024ME0262,Ojaswi Menon,10,207.3,5.5,20.68,70.0,6.4,6.37,62.6,Medium,
DB_1423_WD,2024ME0262,Ojaswi Menon,12,295.8,6.9,18.4,90.0,6.8,6.37,71.5,Medium,
DB_1423_ML,2024ME0262,Ojaswi Menon,1,115.1,3.7,11.5,85.0,6.9,6.37,69.2,Medium,
DB_1424_DS,2025CE0263,Girish Chatterjee,9,200.3,9.5,27.54,95.0,8.1,8.16,91.2,High,
DB_1424_WD,2025CE0263,Girish Chatterjee,7,225.5,9.07,25.78,100.0,8.2,8.16,85.7,High,
DB_1425_DS,2023CS0264,Esha Pathak,7,151.5,7.6,17.61,80.0,6.7,7.08,70.7,Medium,
DB_1425_AIML,2023CS0264,Esha Pathak,6,147.3,6.3,23.7,95.0,6.7,7.08,71.1,Medium,
DB_1425_ML,2023CS0264,Esha Pathak,3,195.4,3.2,14.2,80.0,6.9,7.08,73.1,Medium,
DB_1426_DS,2024IT0265,Kunal Maurya,21,487.6,9.44,27.33,95.0,9.0,8.9,91.2,High,
DB_1426_PY,2024IT0265,Kunal Maurya,10,225.6,9.3,24.4,100.0,9.4,8.9,90.9,High,
DB_1427_DS,2025AI0266,Ishaan Mahajan,10,249.3,5.8,19.22,95.0,6.5,5.96,69.9,Medium,
DB_1427_WD,2025AI0266,Ishaan Mahajan,8,260.1,4.65,20.11,95.0,6.4,5.96,70.1,Medium,
DB_1427_CN,2025AI0266,Ishaan Mahajan,12,257.6,7.05,17.31,85.0,6.2,5.96,69.2,Medium,
DB_1427_AIML,2025AI0266,Ishaan Mahajan,6,115.0,6.97,19.2,75.0,6.4,5.96,69.1,Medium,
DB_1428_DS,2023DS0267,Vishal Dutta,7,179.4,5.9,18.93,95.0,5.5,6.71,70.4,Medium,
DB_1428_CN,2023DS0267,Vishal Dutta,8,156.3,5.98,15.13,90.0,5.4,6.71,69.1,Medium,
DB_1428_AIML,2023DS0267,Vishal Dutta,7,151.8,5.8,23.72,90.0,5.9,6.71,63.7,Medium,
DB_1429_WD,2024EC0268,Mamta Jindal,7,198.1,7.77,27.38,95.0,8.2,7.99,87.1,High,
DB_1429_ML,2024EC0268,Mamta Jindal,3,196.5,3.6,19.45,90.0,8.6,7.99,86.2,High,
DB_1430_DS,2025EE0269,Vipul D'Souza,9,190.4,8.3,19.7,95.0,7.0,7.59,82.9,High,
DB_1430_PY,2025EE0269,Vipul D'Souza,7,84.9,8.02,19.01,100.0,7.8,7.59,82.5,High,
DB_1430_CN,2025EE0269,Vipul D'Souza,14,300.6,8.1,17.93,90.0,7.2,7.59,82.0,High,
DB_1430_AIML,2025EE0269,Vipul D'Souza,9,215.1,7.36,25.9,85.0,7.0,7.59,77.6,High,
DB_1431_DS,2023ME0270,Gauri Chakraborty,17,464.3,8.42,21.7,90.0,8.2,9.07,85.1,High,
DB_1431_DSC,2023ME0270,Gauri Chakraborty,6,130.0,7.77,28.12,85.0,8.3,9.07,84.0,High,
DB_1431_AIML,2023ME0270,Gauri Chakraborty,15,318.3,8.38,40.38,80.0,8.4,9.07,84.1,High,
DB_1431_ML,2023ME0270,Gauri Chakraborty,2,173.3,4.6,17.35,85.0,7.8,9.07,89.2,High,
DB_1432_CN,2024CE0271,Ashish Patel,15,294.5,4.1,20.05,80.0,7.8,7.63,75.9,High,
DB_1432_DSC,2024CE0271,Ashish Patel,9,229.6,8.8,14.8,90.0,7.2,7.63,83.2,High,
DB_1433_DSC,2025CS0272,Charu Sen,10,331.2,7.42,26.45,90.0,7.4,8.12,76.7,High,
DB_1433_ML,2025CS0272,Charu Sen,3,198.0,4.1,12.8,90.0,7.4,8.12,74.8,Medium,
DB_1434_WD,2023IT0273,Vikas Chauhan,13,371.5,8.57,27.68,90.0,7.7,7.9,82.8,High,
DB_1434_DSC,2023IT0273,Vikas Chauhan,5,96.7,7.83,27.05,95.0,8.4,7.9,83.6,High,
DB_1434_AIML,2023IT0273,Vikas Chauhan,13,256.9,8.23,27.2,80.0,7.7,7.9,78.9,High,
DB_1434_ML,2023IT0273,Vikas Chauhan,1,138.8,3.5,18.8,85.0,7.9,7.9,81.1,High,
DB_1435_PY,2024AI0274,Pramod Nair,6,165.1,5.72,16.3,90.0,6.0,6.09,64.5,Medium,
DB_1435_WD,2024AI0274,Pramod Nair,6,223.8,4.93,16.72,90.0,6.2,6.09,67.1,Medium,
DB_1435_AIML,2024AI0274,Pramod Nair,6,115.2,5.87,25.68,95.0,6.3,6.09,69.6,Medium,
DB_1436_DS,2025DS0275,Aarti Mathew,19,459.2,9.41,30.91,85.0,9.8,9.71,96.1,High,
DB_1436_WD,2025DS0275,Aarti Mathew,9,229.7,9.5,29.8,100.0,9.7,9.71,96.3,High,
DB_1436_AIML,2025DS0275,Aarti Mathew,7,128.9,9.17,39.1,95.0,9.3,9.71,96.1,High,
DB_1436_ML,2025DS0275,Aarti Mathew,3,188.3,5.0,19.25,95.0,9.6,9.71,97.7,High,
DB_1437_WD,2023EC0276,Vipul Sood,3,186.4,2.8,14.99,85.0,4.8,6.0,58.5,Medium,
DB_1437_CN,2023EC0276,Vipul Sood,7,152.6,5.3,12.28,65.0,5.1,6.0,52.8,Medium,
DB_1437_ML,2023EC0276,Vipul Sood,2,178.0,3.3,9.35,80.0,4.5,6.0,57.8,Medium,
DB_1438_DS,2024EE0277,Neha Prajapat,8,288.1,6.14,15.48,90.0,5.3,5.3,61.7,Medium,
DB_1438_DSC,2024EE0277,Neha Prajapat,5,193.5,5.46,17.96,80.0,5.7,5.3,61.7,Medium,
DB_1439_DSC,2025ME0278,Suman Anand,4,104.6,8.7,30.98,95.0,9.4,9.34,95.2,High,
DB_1439_AIML,2025ME0278,Suman Anand,8,161.2,9.71,35.0,100.0,9.1,9.34,98.0,High,
DB_1440_DS,2023CE0279,Mukesh Patel,19,398.1,8.18,28.31,95.0,8.5,7.71,84.9,High,
DB_1440_DSC,2023CE0279,Mukesh Patel,11,317.9,7.9,27.22,90.0,7.6,7.71,83.2,High,
DB_1440_AIML,2023CE0279,Mukesh Patel,3,73.4,8.85,32.0,100.0,8.3,7.71,88.5,High,
DB_1440_ML,2023CE0279,Mukesh Patel,2,169.4,3.6,15.6,95.0,7.8,7.71,82.0,High,
DB_1441_PY,2024CS0280,Mayank Kurian,7,103.1,9.8,35.1,90.0,8.6,8.44,92.7,High,
DB_1441_ML,2024CS0280,Mayank Kurian,3,201.0,4.3,18.1,95.0,7.9,8.44,87.5,High,
DB_1442_CN,2025IT0281,Tejas Tandon,12,293.4,6.24,22.57,80.0,6.5,6.34,71.4,Medium,
DB_1442_AIML,2025IT0281,Tejas Tandon,8,190.3,8.1,25.6,90.0,7.1,6.34,74.1,Medium,
DB_1443_DS,2023AI0282,Tushar Singh,13,322.3,6.84,19.68,95.0,5.8,6.57,73.7,Medium,
DB_1443_PY,2023AI0282,Tushar Singh,11,273.3,7.37,13.6,80.0,6.3,6.57,73.0,Medium,
DB_1444_CN,2024DS0283,Kunal Lamba,17,393.8,7.5,29.32,90.0,9.4,8.86,94.1,High,
DB_1444_AIML,2024DS0283,Kunal Lamba,17,332.3,8.93,47.5,100.0,9.1,8.86,95.3,High,
DB_1445_PY,2025EC0284,Diya Rathore,9,227.7,6.37,17.2,80.0,5.7,6.11,68.2,Medium,
DB_1445_WD,2025EC0284,Diya Rathore,8,232.3,5.94,17.68,70.0,5.7,6.11,59.3,Medium,
DB_1446_PY,2023EE0285,Madhuri Lobo,19,422.0,9.47,32.15,100.0,9.9,9.33,98.0,High,
DB_1446_ML,2023EE0285,Madhuri Lobo,3,195.5,4.3,19.6,95.0,9.7,9.33,96.5,High,
DB_1447_WD,2024ME0286,Diya Bhasin,9,257.6,5.4,18.4,100.0,5.4,6.58,63.3,Medium,
DB_1447_ML,2024ME0286,Diya Bhasin,3,188.6,2.6,11.05,85.0,5.7,6.58,61.7,Medium,
DB_1448_PY,2025CE0287,Neha Mishra,6,205.5,6.7,21.01,90.0,7.1,8.61,81.0,High,
DB_1448_AIML,2025CE0287,Neha Mishra,9,154.8,7.9,30.3,100.0,7.5,8.61,84.4,High,
DB_1449_DS,2023CS0288,Rakesh Suri,12,267.4,7.55,24.18,85.0,7.5,8.58,76.7,High,
DB_1449_AIML,2023CS0288,Rakesh Suri,12,244.7,7.42,28.2,85.0,7.6,8.58,76.9,High,
DB_1450_DS,2024IT0289,Prathamesh Nambiar,20,496.2,8.5,27.67,100.0,8.9,9.07,91.2,High,
DB_1450_DSC,2024IT0289,Prathamesh Nambiar,6,96.6,9.76,31.6,95.0,8.4,9.07,94.5,High,
DB_1451_PY,2025AI0290,Atharva Awasthi,9,258.5,6.96,16.7,95.0,5.6,7.24,75.0,High,
DB_1451_CN,2025AI0290,Atharva Awasthi,6,161.5,5.92,16.73,80.0,6.3,7.24,68.2,Medium,
DB_1451_ML,2025AI0290,Atharva Awasthi,3,191.0,3.0,13.0,75.0,6.2,7.24,69.3,Medium,
DB_1452_PY,2023DS0291,Diya Sharma,19,382.9,8.95,24.32,90.0,9.3,9.22,90.5,High,
DB_1452_WD,2023DS0291,Diya Sharma,14,378.4,9.6,29.71,95.0,9.7,9.22,95.5,High,
DB_1452_CN,2023DS0291,Diya Sharma,17,339.3,9.5,26.7,95.0,9.4,9.22,93.1,High,
DB_1452_ML,2023DS0291,Diya Sharma,2,152.8,4.2,20.0,95.0,9.7,9.22,91.0,High,
DB_1453_DS,2024EC0292,Divya Anand,6,168.8,8.5,16.35,100.0,8.1,9.51,85.6,High,
DB_1453_AIML,2024EC0292,Divya Anand,13,253.5,8.77,40.8,100.0,8.6,9.51,90.8,High,
DB_1453_ML,2024EC0292,Divya Anand,3,192.6,3.7,18.4,85.0,8.1,9.51,85.3,High,
DB_1454_DS,2025EE0293,Anjali Upadhyay,12,296.6,8.8,30.47,90.0,8.3,9.72,91.9,High,
DB_1454_CN,2025EE0293,Anjali Upadhyay,14,332.9,7.48,22.21,90.0,8.3,9.72,86.7,High,
DB_1454_ML,2025EE0293,Anjali Upadhyay,3,195.4,5.0,19.5,90.0,8.8,9.72,97.2,High,
DB_1455_DS,2023ME0294,Priyanka Vashistha,8,151.5,5.74,15.96,75.0,5.0,5.41,60.7,Medium,
DB_1455_WD,2023ME0294,Priyanka Vashistha,7,198.3,4.7,17.9,90.0,5.2,5.41,58.8,Medium,
DB_1455_AIML,2023ME0294,Priyanka Vashistha,9,194.5,5.13,23.74,75.0,5.1,5.41,60.7,Medium,
DB_1455_ML,2023ME0294,Priyanka Vashistha,2,145.1,2.5,10.5,90.0,4.9,5.41,56.8,Medium,
DB_1456_WD,2024CE0295,Urvashi Dutta,5,111.8,8.23,26.18,100.0,8.5,8.74,91.0,High,
DB_1456_DSC,2024CE0295,Urvashi Dutta,15,380.2,8.9,27.32,90.0,8.0,8.74,84.3,High,
DB_1456_AIML,2024CE0295,Urvashi Dutta,5,115.6,8.75,39.15,85.0,8.5,8.74,83.1,High,
DB_1456_ML,2024CE0295,Urvashi Dutta,2,144.5,4.8,16.35,100.0,8.5,8.74,91.1,High,
DB_1457_PY,2025CS0296,Hardik Goyal,12,309.3,7.75,26.73,90.0,7.3,7.42,77.2,High,
DB_1457_CN,2025CS0296,Hardik Goyal,4,142.6,7.97,18.9,90.0,7.6,7.42,77.8,High,
DB_1457_AIML,2025CS0296,Hardik Goyal,7,129.2,8.0,30.73,80.0,7.0,7.42,78.2,High,
DB_1457_ML,2025CS0296,Hardik Goyal,2,159.9,3.1,15.1,85.0,7.0,7.42,71.5,Medium,
DB_1458_WD,2023IT0297,Ritvik Tiwari,2,83.5,5.09,16.69,90.0,5.4,6.39,65.3,Medium,
DB_1458_DSC,2023IT0297,Ritvik Tiwari,7,204.7,5.18,18.64,90.0,5.3,6.39,63.9,Medium,
DB_1458_AIML,2023IT0297,Ritvik Tiwari,8,161.8,6.05,23.4,90.0,5.4,6.39,67.4,Medium,
DB_1458_ML,2023IT0297,Ritvik Tiwari,2,185.9,3.1,11.15,90.0,5.4,6.39,64.8,Medium,
DB_1459_CN,2024AI0298,Mukesh Talwar,8,143.3,5.0,14.72,60.0,5.3,5.15,54.2,Medium,
DB_1459_DSC,2024AI0298,Mukesh Talwar,3,103.6,4.95,22.32,85.0,4.6,5.15,60.3,Medium,
DB_1459_AIML,2024AI0298,Mukesh Talwar,5,104.5,4.9,17.87,75.0,4.7,5.15,55.0,Medium,
DB_1460_WD,2025DS0299,Bhavin Pandey,19,463.3,8.7,25.89,95.0,8.8,9.42,94.5,High,
DB_1460_CN,2025DS0299,Bhavin Pandey,10,249.7,9.08,40.0,95.0,9.4,9.42,96.6,High,
DB_1460_AIML,2025DS0299,Bhavin Pandey,13,251.2,8.93,30.0,95.0,9.2,9.42,96.1,High,
DB_1461_DS,2023EC0300,Akash Upadhyay,9,234.5,9.36,33.4,100.0,9.6,9.22,96.0,High,
DB_1461_DSC,2023EC0300,Akash Upadhyay,20,460.5,8.72,22.9,95.0,9.7,9.22,92.7,High,
DB_1461_AIML,2023EC0300,Akash Upadhyay,11,204.0,10.0,40.12,95.0,9.9,9.22,96.5,High,
DB_1461_ML,2023EC0300,Akash Upadhyay,3,193.4,4.3,18.2,100.0,9.0,9.22,89.6,High,
DB_1462_WD,2024EE0301,Mahesh Arora,6,147.3,6.06,20.09,90.0,6.5,6.11,69.7,Medium,
DB_1462_DSC,2024EE0301,Mahesh Arora,13,325.7,7.28,22.9,75.0,6.9,6.11,72.0,Medium,
DB_1463_PY,2025ME0302,Satish Tiwari,8,269.7,6.64,25.7,80.0,6.5,7.84,73.7,Medium,
DB_1463_WD,2025ME0302,Satish Tiwari,9,262.5,6.11,20.64,85.0,6.4,7.84,73.3,Medium,
DB_1463_CN,2025ME0302,Satish Tiwari,10,215.8,5.86,14.98,80.0,6.5,7.84,68.1,Medium,
DB_1463_DSC,2025ME0302,Satish Tiwari,12,266.4,6.07,21.98,95.0,6.4,7.84,71.3,Medium,
DB_1464_DS,2023CE0303,Chinmay Pinto,11,180.8,8.31,24.21,100.0,8.5,8.22,86.5,High,
DB_1464_CN,2023CE0303,Chinmay Pinto,13,300.7,9.07,20.75,100.0,7.8,8.22,86.8,High,
DB_1464_DSC,2023CE0303,Chinmay Pinto,15,353.3,7.33,25.54,95.0,8.5,8.22,86.4,High,
DB_1465_DS,2024CS0304,Bhupendra Pathak,23,560.2,9.87,29.31,100.0,9.3,9.05,94.4,High,
DB_1465_PY,2024CS0304,Bhupendra Pathak,18,350.9,9.48,26.42,90.0,9.2,9.05,96.2,High,
DB_1465_AIML,2024CS0304,Bhupendra Pathak,12,221.6,10.0,30.0,95.0,9.0,9.05,98.0,High,
DB_1466_DS,2025IT0305,Ganesh Chopra,16,363.3,8.55,28.9,85.0,7.7,9.41,88.7,High,
DB_1466_CN,2025IT0305,Ganesh Chopra,7,131.7,7.65,24.75,85.0,7.7,9.41,88.5,High,
DB_1466_DSC,2025IT0305,Ganesh Chopra,8,138.2,7.96,26.32,95.0,8.3,9.41,89.5,High,
DB_1466_ML,2025IT0305,Ganesh Chopra,3,193.7,4.1,15.6,90.0,8.5,9.41,83.8,High,
DB_1467_WD,2023AI0306,Chirag Sen,6,200.4,7.75,20.9,90.0,7.7,7.14,80.3,High,
DB_1467_AIML,2023AI0306,Chirag Sen,12,232.8,7.87,31.25,90.0,7.4,7.14,76.4,High,
DB_1468_DS,2024DS0307,Jagdish Tiwari,8,175.1,6.92,20.02,85.0,6.8,6.16,68.2,Medium,
DB_1468_AIML,2024DS0307,Jagdish Tiwari,9,198.3,6.93,23.3,85.0,6.4,6.16,70.3,Medium,
DB_1468_ML,2024DS0307,Jagdish Tiwari,2,186.1,3.6,12.6,80.0,6.5,6.16,70.5,Medium,
DB_1469_CN,2025EC0308,Parag Dubey,4,79.7,5.1,12.1,75.0,4.2,5.06,53.1,Medium,
DB_1469_DSC,2025EC0308,Parag Dubey,6,131.4,3.76,14.6,75.0,4.5,5.06,46.9,Low,
DB_1470_DS,2023EE0309,Saloni Ghosh,11,284.0,8.47,25.44,85.0,8.2,7.43,82.0,High,
DB_1470_ML,2023EE0309,Saloni Ghosh,3,193.0,4.7,14.6,95.0,8.2,7.43,82.4,High,
DB_1471_PY,2024ME0310,Akanksha Kohli,12,305.5,5.6,15.5,90.0,6.4,6.7,67.6,Medium,
DB_1471_WD,2024ME0310,Akanksha Kohli,10,263.3,6.06,23.2,95.0,7.2,6.7,75.0,High,
DB_1471_DSC,2024ME0310,Akanksha Kohli,5,116.0,7.3,21.82,80.0,6.7,6.7,69.9,Medium,
DB_1472_PY,2025CE0311,Ramesh Prajapat,12,222.6,8.3,21.98,100.0,7.5,7.41,83.4,High,
DB_1472_WD,2025CE0311,Ramesh Prajapat,12,351.6,7.67,22.43,95.0,7.5,7.41,79.6,High,
DB_1472_CN,2025CE0311,Ramesh Prajapat,6,94.3,7.95,23.35,75.0,7.8,7.41,80.8,High,
DB_1472_ML,2025CE0311,Ramesh Prajapat,1,148.4,3.9,15.6,95.0,7.9,7.41,83.0,High,
DB_1473_WD,2023CS0312,Richa Sharma,4,97.9,4.23,15.4,85.0,4.8,6.34,62.0,Medium,
DB_1473_CN,2023CS0312,Richa Sharma,4,97.3,4.46,13.38,90.0,5.3,6.34,61.1,Medium,
DB_1473_DSC,2023CS0312,Richa Sharma,6,135.5,5.19,16.93,90.0,5.4,6.34,65.7,Medium,
DB_1473_AIML,2023CS0312,Richa Sharma,7,153.4,5.77,20.84,90.0,5.4,6.34,61.0,Medium,
DB_1474_DSC,2024IT0313,Ramesh Varghese,7,131.3,5.05,15.53,80.0,5.2,5.14,58.9,Medium,
DB_1474_ML,2024IT0313,Ramesh Varghese,3,201.8,3.3,12.2,80.0,4.4,5.14,65.5,Medium,
DB_1475_DS,2025AI0314,Sachin Goyal,4,145.4,7.0,17.72,80.0,5.4,6.52,64.3,Medium,
DB_1475_PY,2025AI0314,Sachin Goyal,8,197.4,5.9,15.74,90.0,5.3,6.52,67.1,Medium,
DB_1475_AIML,2025AI0314,Sachin Goyal,4,79.2,5.99,20.37,80.0,5.2,6.52,59.3,Medium,
DB_1476_DS,2023DS0315,Esha Tandon,8,198.4,9.55,24.03,100.0,9.3,8.85,95.7,High,
DB_1476_PY,2023DS0315,Esha Tandon,6,108.3,8.87,31.67,90.0,8.8,8.85,94.3,High,
DB_1476_CN,2023DS0315,Esha Tandon,17,361.1,9.15,25.4,100.0,9.4,8.85,91.3,High,
DB_1477_CN,2024EC0316,Rashmi Kaushik,5,91.0,5.52,16.28,85.0,6.2,6.62,69.0,Medium,
DB_1477_DSC,2024EC0316,Rashmi Kaushik,8,237.0,6.25,20.97,70.0,6.0,6.62,65.8,Medium,
DB_1478_PY,2025EE0317,Kartik Goel,7,123.0,9.43,28.23,95.0,9.2,8.88,95.5,High,
DB_1478_CN,2025EE0317,Kartik Goel,9,213.3,7.9,27.38,95.0,8.7,8.88,95.0,High,
DB_1478_DSC,2025EE0317,Kartik Goel,4,86.2,9.4,26.15,100.0,9.2,8.88,93.4,High,
DB_1479_PY,2023ME0318,Pari Singhal,12,251.1,7.33,19.32,100.0,7.2,6.88,75.5,High,
DB_1479_AIML,2023ME0318,Pari Singhal,6,110.1,6.98,19.0,85.0,6.5,6.88,71.8,Medium,
DB_1479_ML,2023ME0318,Pari Singhal,2,155.1,3.6,15.35,80.0,6.8,6.88,73.7,Medium,
DB_1480_WD,2024CE0319,Kavita Bose,9,280.0,6.6,25.74,75.0,7.0,6.66,73.3,Medium,
DB_1480_CN,2024CE0319,Kavita Bose,6,117.0,6.9,18.07,85.0,6.5,6.66,73.0,Medium,
DB_1480_DSC,2024CE0319,Kavita Bose,13,298.1,6.82,21.97,85.0,7.1,6.66,72.2,Medium,
DB_1480_ML,2024CE0319,Kavita Bose,3,201.2,3.7,13.75,80.0,7.1,6.66,71.1,Medium,
DB_1481_DS,2025CS0320,Neha Mahajan,7,308.4,6.05,20.25,90.0,6.5,7.8,70.9,Medium,
DB_1481_AIML,2025CS0320,Neha Mahajan,6,120.8,6.05,27.57,95.0,6.4,7.8,73.1,Medium,
DB_1482_DS,2023IT0321,Gauri Vashistha,16,378.4,7.42,25.63,80.0,7.4,6.68,70.8,Medium,
DB_1482_CN,2023IT0321,Gauri Vashistha,13,235.6,7.35,11.8,90.0,7.1,6.68,77.2,High,
DB_1483_WD,2024AI0322,Sanket Pandey,5,182.8,5.85,24.93,95.0,8.1,7.98,82.4,High,
DB_1483_CN,2024AI0322,Sanket Pandey,9,133.8,8.65,24.27,100.0,8.1,7.98,88.8,High,
DB_1484_DS,2025DS0323,Amit Varghese,15,356.6,8.45,24.1,100.0,7.6,7.6,85.8,High,
DB_1484_WD,2025DS0323,Amit Varghese,2,87.9,7.42,25.89,100.0,7.6,7.6,82.4,High,
DB_1484_DSC,2025DS0323,Amit Varghese,5,143.9,7.78,25.33,95.0,7.6,7.6,87.9,High,
DB_1484_ML,2025DS0323,Amit Varghese,3,194.5,4.0,16.4,100.0,8.0,7.6,83.2,High,
DB_1485_DSC,2023EC0324,Swati Pandey,7,192.3,4.8,15.75,85.0,5.3,5.87,60.2,Medium,
DB_1485_ML,2023EC0324,Swati Pandey,2,182.8,2.6,10.0,100.0,5.2,5.87,61.4,Medium,
DB_1486_DS,2024EE0325,Ritika Talwar,7,176.6,6.83,20.89,80.0,6.6,6.66,67.5,Medium,
DB_1486_ML,2024EE0325,Ritika Talwar,3,205.4,2.9,12.2,85.0,6.1,6.66,64.4,Medium,
DB_1487_DSC,2025ME0326,Nitin Mehta,9,177.3,5.54,12.8,75.0,5.3,6.79,62.6,Medium,
DB_1487_ML,2025ME0326,Nitin Mehta,3,199.8,2.7,9.7,75.0,5.6,6.79,58.7,Medium,
DB_1488_WD,2023CE0327,Mamta Sanyal,9,213.1,4.76,15.2,100.0,5.7,5.88,65.2,Medium,
DB_1488_CN,2023CE0327,Mamta Sanyal,4,116.8,4.85,13.9,85.0,4.9,5.88,59.4,Medium,
DB_1489_PY,2024CS0328,Ravi Dubey,7,132.7,6.1,21.6,80.0,5.5,6.01,62.2,Medium,
DB_1489_WD,2024CS0328,Ravi Dubey,9,212.1,7.3,15.28,90.0,5.8,6.01,69.5,Medium,
DB_1489_CN,2024CS0328,Ravi Dubey,2,85.1,5.4,15.15,90.0,5.5,6.01,66.8,Medium,
DB_1489_AIML,2024CS0328,Ravi Dubey,5,123.9,5.79,18.1,90.0,5.7,6.01,66.8,Medium,
DB_1490_DS,2025IT0329,Satish Choudhury,18,363.9,8.37,24.19,100.0,7.4,8.61,86.1,High,
DB_1490_PY,2025IT0329,Satish Choudhury,16,352.5,7.2,24.1,95.0,7.5,8.61,84.2,High,
DB_1490_DSC,2025IT0329,Satish Choudhury,8,257.4,7.48,17.5,85.0,7.4,8.61,85.2,High,
DB_1490_ML,2025IT0329,Satish Choudhury,3,200.8,4.2,16.1,90.0,7.8,8.61,81.6,High,
DB_1491_DS,2023AI0330,Juhi Dutta,16,369.2,8.8,26.46,95.0,8.1,8.22,85.8,High,
DB_1491_PY,2023AI0330,Juhi Dutta,17,356.9,8.84,24.6,95.0,7.6,8.22,85.8,High,
DB_1491_CN,2023AI0330,Juhi Dutta,6,100.3,8.42,22.9,90.0,8.0,8.22,87.3,High,
DB_1491_ML,2023AI0330,Juhi Dutta,3,202.4,4.1,17.85,95.0,7.6,8.22,85.5,High,
DB_1492_CN,2024DS0331,Dev Patel,10,262.9,7.87,30.0,100.0,9.2,9.48,94.9,High,
DB_1492_DSC,2024DS0331,Dev Patel,20,460.7,8.7,31.78,95.0,9.5,9.48,95.2,High,
DB_1493_WD,2025EC0332,Atharva Menon,8,151.4,5.6,24.7,80.0,5.6,6.32,66.6,Medium,
DB_1493_AIML,2025EC0332,Atharva Menon,6,116.5,6.0,21.16,80.0,5.7,6.32,60.4,Medium,
DB_1494_DS,2023EE0333,Riddhi Duggal,14,358.5,9.46,26.85,95.0,8.8,9.77,92.7,High,
DB_1494_WD,2023EE0333,Riddhi Duggal,13,387.1,8.29,33.03,95.0,8.4,9.77,93.1,High,
DB_1494_CN,2023EE0333,Riddhi Duggal,5,142.2,9.03,30.0,90.0,9.2,9.77,92.7,High,
DB_1494_AIML,2023EE0333,Riddhi Duggal,9,197.2,9.93,37.95,95.0,8.3,9.77,94.7,High,
DB_1495_CN,2024ME0334,Zoya Iyer,4,117.4,6.26,18.8,80.0,5.4,6.21,62.0,Medium,
DB_1495_AIML,2024ME0334,Zoya Iyer,9,178.0,6.1,22.67,75.0,5.7,6.21,65.2,Medium,
DB_1495_ML,2024ME0334,Zoya Iyer,3,194.6,2.8,10.0,90.0,5.4,6.21,62.6,Medium,
DB_1496_WD,2025CE0335,Myra Mittal,14,277.0,7.77,24.28,80.0,7.8,8.22,78.9,High,
DB_1496_CN,2025CE0335,Myra Mittal,7,132.5,4.2,20.14,90.0,7.5,8.22,82.8,High,
DB_1496_DSC,2025CE0335,Myra Mittal,11,259.8,7.53,17.7,90.0,7.2,8.22,85.9,High,
DB_1496_AIML,2025CE0335,Myra Mittal,10,194.8,7.7,34.77,90.0,7.5,8.22,83.9,High,
DB_1497_WD,2023CS0336,Srishti Suri,2,73.1,4.27,16.27,80.0,4.9,5.04,55.3,Medium,
DB_1497_DSC,2023CS0336,Srishti Suri,2,59.9,5.0,15.54,95.0,4.3,5.04,56.0,Medium,
DB_1497_AIML,2023CS0336,Srishti Suri,5,117.7,4.7,17.77,90.0,5.0,5.04,54.2,Medium,
DB_1497_ML,2023CS0336,Srishti Suri,3,192.8,2.0,9.9,85.0,4.9,5.04,56.0,Medium,
DB_1498_DS,2024IT0337,Pradeep Dwivedi,13,334.7,7.3,24.0,95.0,7.6,6.9,79.0,High,
DB_1498_CN,2024IT0337,Pradeep Dwivedi,4,94.7,6.98,21.57,95.0,7.8,6.9,80.7,High,
DB_1498_ML,2024IT0337,Pradeep Dwivedi,3,202.1,4.4,16.25,90.0,7.4,6.9,82.6,High,
DB_1499_DS,2025AI0338,Devanshi Saini,7,183.4,5.83,21.8,95.0,5.2,6.27,69.8,Medium,
DB_1499_WD,2025AI0338,Devanshi Saini,8,165.1,6.0,16.3,85.0,5.2,6.27,64.3,Medium,
DB_1500_DS,2023DS0339,Kavya Prajapat,11,312.9,9.3,32.8,95.0,9.5,9.73,94.8,High,
DB_1500_WD,2023DS0339,Kavya Prajapat,8,153.0,9.03,21.35,95.0,9.4,9.73,92.3,High,
DB_1500_CN,2023DS0339,Kavya Prajapat,8,214.6,9.16,25.7,95.0,9.2,9.73,89.6,High,
DB_1500_DSC,2023DS0339,Kavya Prajapat,6,155.6,7.97,29.63,90.0,9.2,9.73,96.5,High,
DB_1501_WD,2024EC0340,Sunil Patil,12,305.6,9.77,32.78,100.0,9.1,8.84,95.6,High,
DB_1501_AIML,2024EC0340,Sunil Patil,12,234.1,9.33,39.88,100.0,9.2,8.84,95.4,High,
DB_1502_WD,2025EE0341,Lavanya Tripathi,8,226.4,5.54,35.7,95.0,6.5,7.41,75.8,High,
DB_1502_DSC,2025EE0341,Lavanya Tripathi,5,95.0,7.7,20.53,80.0,6.5,7.41,71.5,Medium,
DB_1502_AIML,2025EE0341,Lavanya Tripathi,9,163.2,6.4,20.07,95.0,6.0,7.41,72.2,Medium,
DB_1502_ML,2025EE0341,Lavanya Tripathi,3,193.8,3.9,12.7,85.0,6.3,7.41,70.3,Medium,
DB_1503_PY,2023ME0342,Vivaan Sanyal,7,148.4,5.64,11.1,95.0,5.7,5.72,66.8,Medium,
DB_1503_WD,2023ME0342,Vivaan Sanyal,8,250.7,5.74,19.71,95.0,5.9,5.72,69.0,Medium,
DB_1503_CN,2023ME0342,Vivaan Sanyal,9,185.6,3.8,14.63,95.0,5.8,5.72,67.9,Medium,
DB_1503_ML,2023ME0342,Vivaan Sanyal,0,70.4,2.5,12.9,95.0,5.7,5.72,65.0,Medium,
DB_1504_DSC,2024CE0343,Aarti Agarwal,17,388.4,9.23,32.14,90.0,8.9,9.56,92.7,High,
DB_1504_AIML,2024CE0343,Aarti Agarwal,17,319.8,9.73,37.65,100.0,8.9,9.56,96.5,High,
DB_1504_ML,2024CE0343,Aarti Agarwal,3,191.7,4.5,19.3,100.0,9.6,9.56,92.9,High,
DB_1505_PY,2025CS0344,Chaitali Bansal,8,166.9,9.1,24.38,100.0,9.1,8.75,93.2,High,
DB_1505_WD,2025CS0344,Chaitali Bansal,16,427.9,8.26,29.04,90.0,8.7,8.75,89.7,High,
DB_1505_DSC,2025CS0344,Chaitali Bansal,16,402.2,8.65,27.94,100.0,8.9,8.75,88.4,High,
DB_1505_ML,2025CS0344,Chaitali Bansal,3,201.2,5.0,18.9,95.0,9.0,8.75,93.8,High,
DB_1506_PY,2023IT0345,Vishal Ghosh,13,309.1,6.38,15.12,85.0,5.7,6.79,67.9,Medium,
DB_1506_WD,2023IT0345,Vishal Ghosh,5,99.0,5.78,19.98,85.0,6.6,6.79,67.5,Medium,
DB_1507_DS,2024AI0346,Isha Pathak,14,310.4,8.83,29.9,80.0,9.3,9.73,87.7,High,
DB_1507_PY,2024AI0346,Isha Pathak,19,291.1,8.9,20.0,95.0,9.5,9.73,93.7,High,
DB_1507_WD,2024AI0346,Isha Pathak,8,158.1,9.82,27.85,90.0,9.4,9.73,95.0,High,
DB_1508_CN,2025DS0347,Shreya Goel,5,126.4,6.2,20.52,85.0,6.7,6.28,69.8,Medium,
DB_1508_DSC,2025DS0347,Shreya Goel,9,246.6,6.28,21.07,70.0,6.7,6.28,69.1,Medium,
DB_1508_ML,2025DS0347,Shreya Goel,3,199.6,3.1,14.9,75.0,6.5,6.28,67.6,Medium,
DB_1509_DS,2023EC0348,Advait Dhawan,9,214.8,4.93,16.76,75.0,5.6,5.14,56.3,Medium,
DB_1509_WD,2023EC0348,Advait Dhawan,3,75.3,5.46,18.48,85.0,5.2,5.14,63.6,Medium,
DB_1509_CN,2023EC0348,Advait Dhawan,6,150.7,5.55,15.25,85.0,5.1,5.14,60.8,Medium,
DB_1510_PY,2024EE0349,Ajay Bhat,5,179.2,5.9,19.2,85.0,7.2,6.31,70.4,Medium,
DB_1510_WD,2024EE0349,Ajay Bhat,14,340.4,7.1,19.74,90.0,7.4,6.31,72.5,Medium,
DB_1510_CN,2024EE0349,Ajay Bhat,6,97.2,7.12,18.93,90.0,6.8,6.31,72.3,Medium,
DB_1510_AIML,2024EE0349,Ajay Bhat,9,191.7,6.96,29.2,85.0,7.1,6.31,73.6,Medium,
DB_1511_DS,2025ME0350,Myra Kulkarni,21,399.0,9.05,27.03,95.0,9.4,9.29,94.4,High,
DB_1511_PY,2025ME0350,Myra Kulkarni,13,327.7,9.8,25.35,95.0,9.7,9.29,96.8,High,
DB_1511_DSC,2025ME0350,Myra Kulkarni,10,230.4,9.04,27.2,95.0,9.7,9.29,96.5,High,
DB_1511_AIML,2025ME0350,Myra Kulkarni,12,248.0,9.82,38.86,100.0,8.8,9.29,93.9,High,
DB_1512_PY,2023CE0351,Isha Goel,8,162.2,6.4,15.19,95.0,5.6,5.71,69.7,Medium,
DB_1512_DSC,2023CE0351,Isha Goel,8,195.8,5.44,18.25,85.0,6.3,5.71,62.9,Medium,
DB_1512_ML,2023CE0351,Isha Goel,2,137.1,2.6,14.8,75.0,5.7,5.71,66.9,Medium,
DB_1513_PY,2024CS0352,Manisha Batra,7,174.3,8.13,20.57,80.0,7.7,7.63,76.7,High,
DB_1513_WD,2024CS0352,Manisha Batra,6,246.2,5.9,24.7,85.0,7.6,7.63,80.7,High,
DB_1513_AIML,2024CS0352,Manisha Batra,7,133.3,8.33,30.7,90.0,7.7,7.63,79.2,High,
DB_1513_ML,2024CS0352,Manisha Batra,3,196.4,3.5,15.3,95.0,7.8,7.63,79.2,High,
DB_1514_PY,2025IT0353,Jyoti Lamba,13,233.7,9.68,23.12,95.0,8.8,9.54,95.5,High,
DB_1514_CN,2025IT0353,Jyoti Lamba,9,136.9,8.57,24.09,95.0,9.1,9.54,94.2,High,
DB_1514_DSC,2025IT0353,Jyoti Lamba,12,298.4,9.1,29.17,95.0,8.6,9.54,95.8,High,
DB_1515_PY,2023AI0354,Harshit Sanyal,5,164.3,6.12,25.3,90.0,5.7,5.77,67.0,Medium,
DB_1515_ML,2023AI0354,Harshit Sanyal,3,197.5,2.4,14.2,95.0,6.3,5.77,69.1,Medium,
DB_1516_WD,2024DS0355,Pari Duggal,9,226.2,3.3,16.02,85.0,6.2,7.02,70.6,Medium,
DB_1516_ML,2024DS0355,Pari Duggal,3,201.1,3.4,12.6,75.0,6.6,7.02,66.9,Medium,
DB_1517_PY,2025EC0356,Lata Upadhyay,8,241.1,5.33,17.23,75.0,5.1,6.61,59.7,Medium,
DB_1517_CN,2025EC0356,Lata Upadhyay,6,151.0,5.76,14.57,95.0,5.0,6.61,64.7,Medium,
DB_1518_DS,2023EE0357,Pooja Bansal,7,133.7,4.23,10.4,95.0,4.5,5.02,54.5,Medium,
DB_1518_PY,2023EE0357,Pooja Bansal,10,216.3,5.08,10.25,75.0,4.2,5.02,55.1,Medium,
DB_1518_AIML,2023EE0357,Pooja Bansal,8,144.1,4.44,21.2,75.0,4.1,5.02,49.3,Low,
DB_1518_ML,2023EE0357,Pooja Bansal,2,181.5,2.6,7.5,85.0,4.0,5.02,49.8,Low,
DB_1519_DS,2024ME0358,Richa Garg,13,281.9,7.85,17.0,95.0,7.8,6.94,75.8,High,
DB_1519_PY,2024ME0358,Richa Garg,10,152.6,8.2,15.8,85.0,7.9,6.94,77.4,High,
DB_1520_DS,2025CE0359,Suresh Bhattacharya,8,221.1,6.5,23.25,85.0,6.6,7.41,71.5,Medium,
DB_1520_WD,2025CE0359,Suresh Bhattacharya,10,255.0,7.45,17.64,90.0,6.3,7.41,72.6,Medium,
DB_1520_AIML,2025CE0359,Suresh Bhattacharya,7,129.4,6.3,27.33,75.0,6.7,7.41,71.2,Medium,
DB_1520_ML,2025CE0359,Suresh Bhattacharya,1,135.5,3.9,13.9,90.0,6.0,7.41,73.6,Medium,
DB_1521_WD,2023CS0360,Riddhi Garg,6,175.9,6.07,18.04,85.0,5.6,5.41,67.6,Medium,
DB_1521_DSC,2023CS0360,Riddhi Garg,13,311.4,6.2,20.63,85.0,6.2,5.41,68.8,Medium,
DB_1522_DS,2024IT0361,Chetan Sanyal,18,458.6,8.68,25.96,90.0,8.4,9.31,89.6,High,
DB_1522_PY,2024IT0361,Chetan Sanyal,17,388.8,8.81,24.25,95.0,7.9,9.31,89.5,High,
DB_1522_DSC,2024IT0361,Chetan Sanyal,13,359.8,8.36,25.71,85.0,8.1,9.31,92.1,High,
DB_1522_ML,2024IT0361,Chetan Sanyal,3,203.7,4.6,18.65,95.0,8.7,9.31,94.4,High,
DB_1523_PY,2025AI0362,Ajay Garg,15,318.7,8.7,24.93,85.0,7.6,8.58,84.4,High,
DB_1523_CN,2025AI0362,Ajay Garg,9,228.6,6.97,20.65,85.0,7.5,8.58,79.4,High,
DB_1523_DSC,2025AI0362,Ajay Garg,15,335.4,7.36,23.93,85.0,7.2,8.58,80.4,High,
DB_1523_ML,2025AI0362,Ajay Garg,3,197.2,3.9,16.1,85.0,7.3,8.58,80.2,High,
DB_1524_PY,2023DS0363,Santosh Ghoshal,8,260.2,6.2,19.45,85.0,5.2,6.22,62.7,Medium,
DB_1524_WD,2023DS0363,Santosh Ghoshal,2,67.0,5.25,16.84,85.0,5.1,6.22,64.5,Medium,
DB_1524_ML,2023DS0363,Santosh Ghoshal,2,154.3,3.1,11.9,65.0,5.6,6.22,64.1,Medium,
DB_1525_PY,2024EC0364,Chaitali Grover,3,107.5,7.28,20.37,100.0,6.4,7.87,76.9,High,
DB_1525_CN,2024EC0364,Chaitali Grover,9,146.9,7.9,17.93,85.0,7.0,7.87,74.8,Medium,
DB_1525_DSC,2024EC0364,Chaitali Grover,8,153.0,7.02,20.5,90.0,6.9,7.87,78.8,High,
DB_1525_AIML,2024EC0364,Chaitali Grover,5,120.5,7.08,22.7,80.0,7.3,7.87,74.5,Medium,
DB_1526_WD,2025EE0365,Anika Bhatia,6,161.3,7.38,26.44,90.0,7.6,8.51,82.3,High,
DB_1526_AIML,2025EE0365,Anika Bhatia,7,141.5,8.6,28.35,90.0,7.9,8.51,80.6,High,
DB_1526_ML,2025EE0365,Anika Bhatia,2,164.1,4.7,15.2,100.0,7.1,8.51,86.4,High,
DB_1527_CN,2023ME0366,Sanjay Mathew,15,343.4,9.07,18.33,85.0,8.5,8.87,84.2,High,
DB_1527_DSC,2023ME0366,Sanjay Mathew,15,332.1,6.2,25.83,95.0,8.2,8.87,84.8,High,
DB_1527_AIML,2023ME0366,Sanjay Mathew,10,193.0,9.1,33.76,80.0,7.6,8.87,85.4,High,
DB_1528_DS,2024CE0367,Aadhya Iyer,11,369.4,8.41,23.58,95.0,8.6,9.25,86.8,High,
DB_1528_PY,2024CE0367,Aadhya Iyer,19,433.3,9.65,23.11,90.0,8.7,9.25,90.0,High,
DB_1528_WD,2024CE0367,Aadhya Iyer,10,248.9,8.1,31.37,100.0,8.5,9.25,89.4,High,
DB_1528_CN,2024CE0367,Aadhya Iyer,13,330.9,8.83,23.93,85.0,8.0,9.25,87.5,High,
DB_1529_PY,2025CS0368,Indu Varghese,13,287.4,8.65,21.88,95.0,8.2,8.44,84.4,High,
DB_1529_DSC,2025CS0368,Indu Varghese,8,269.5,8.0,26.25,100.0,7.7,8.44,88.7,High,
DB_1530_PY,2023IT0369,Ravi Thomas,13,287.1,7.07,18.27,80.0,5.7,7.38,68.7,Medium,
DB_1530_DSC,2023IT0369,Ravi Thomas,7,204.9,5.5,22.8,80.0,5.8,7.38,73.6,Medium,
DB_1530_ML,2023IT0369,Ravi Thomas,2,155.1,3.7,11.6,85.0,5.8,7.38,72.4,Medium,
DB_1531_DS,2024AI0370,Nitin Lobo,20,456.0,9.23,25.91,90.0,8.7,9.66,89.9,High,
DB_1531_WD,2024AI0370,Nitin Lobo,11,331.2,8.07,29.6,85.0,8.0,9.66,84.4,High,
DB_1531_DSC,2024AI0370,Nitin Lobo,13,326.7,8.76,21.9,85.0,8.1,9.66,88.7,High,
DB_1531_AIML,2024AI0370,Nitin Lobo,8,168.3,8.78,36.27,90.0,8.9,9.66,90.1,High,
DB_1532_WD,2025DS0371,Muskan Joshi,13,376.6,8.21,22.4,100.0,8.4,8.9,90.2,High,
DB_1532_CN,2025DS0371,Muskan Joshi,10,206.6,8.9,21.2,100.0,7.7,8.9,85.1,High,
DB_1533_PY,2023EC0372,Mohit Banerjee,12,313.8,8.0,28.82,95.0,8.2,8.63,86.7,High,
DB_1533_WD,2023EC0372,Mohit Banerjee,17,433.5,9.3,28.24,95.0,9.0,8.63,89.1,High,
DB_1534_WD,2024EE0373,Rajesh Saini,4,162.3,4.35,14.62,65.0,3.9,5.41,52.8,Medium,
DB_1534_AIML,2024EE0373,Rajesh Saini,6,111.7,4.25,16.04,75.0,3.9,5.41,52.8,Medium,
DB_1535_WD,2025ME0374,Chhavi Banerjee,6,139.2,5.03,12.17,85.0,5.7,6.31,63.6,Medium,
DB_1535_DSC,2025ME0374,Chhavi Banerjee,8,211.1,5.0,18.52,80.0,5.2,6.31,60.4,Medium,
DB_1535_ML,2025ME0374,Chhavi Banerjee,2,182.4,2.9,12.1,85.0,5.6,6.31,64.4,Medium,
DB_1536_WD,2023CE0375,Gunjan Bose,11,338.0,6.91,25.26,85.0,6.9,8.03,77.6,High,
DB_1536_DSC,2023CE0375,Gunjan Bose,8,222.6,6.8,24.5,95.0,7.3,8.03,80.2,High,
DB_1537_DS,2024CS0376,Kabir Mittal,8,256.9,4.6,14.0,75.0,4.6,5.31,54.0,Medium,
DB_1537_DSC,2024CS0376,Kabir Mittal,7,251.7,4.55,15.1,55.0,4.3,5.31,49.0,Low,
DB_1537_AIML,2024CS0376,Kabir Mittal,0,53.0,4.43,18.15,50.0,3.9,5.31,49.0,Low,
DB_1537_ML,2024CS0376,Kabir Mittal,2,145.9,1.7,9.25,75.0,4.1,5.31,51.8,Medium,
DB_1538_DS,2025IT0377,Chinmay Chauhan,9,160.1,8.9,31.85,85.0,7.6,9.47,84.3,High,
DB_1538_PY,2025IT0377,Chinmay Chauhan,5,132.3,8.62,30.2,90.0,7.9,9.47,90.2,High,
DB_1538_WD,2025IT0377,Chinmay Chauhan,5,108.7,8.4,26.0,85.0,8.5,9.47,87.1,High,
DB_1539_AIML,2023AI0378,Muskan Goel,8,195.6,7.25,28.55,80.0,7.0,7.14,73.5,Medium,
DB_1539_ML,2023AI0378,Muskan Goel,3,195.4,2.9,16.9,90.0,6.5,7.14,77.1,High,
DB_1540_DS,2024DS0379,Hiten Reddy,14,286.6,6.75,18.73,95.0,6.7,7.06,74.4,Medium,
DB_1540_WD,2024DS0379,Hiten Reddy,1,140.5,6.75,21.77,65.0,6.1,7.06,65.9,Medium,
DB_1540_ML,2024DS0379,Hiten Reddy,3,200.4,3.3,14.5,80.0,6.7,7.06,69.4,Medium,
DB_1541_CN,2025EC0380,Pankaj Mittal,6,162.5,6.57,18.26,90.0,7.0,7.68,72.6,Medium,
DB_1541_AIML,2025EC0380,Pankaj Mittal,12,235.0,7.07,26.54,85.0,6.9,7.68,74.8,Medium,
DB_1541_ML,2025EC0380,Pankaj Mittal,1,111.4,2.8,15.5,80.0,6.9,7.68,73.7,Medium,
DB_1542_DS,2023EE0381,Saurabh Ghoshal,6,218.4,7.2,18.73,95.0,6.2,5.71,68.5,Medium,
DB_1542_PY,2023EE0381,Saurabh Ghoshal,11,230.6,6.55,18.8,95.0,6.2,5.71,69.1,Medium,
DB_1542_CN,2023EE0381,Saurabh Ghoshal,10,159.2,6.08,15.22,90.0,6.0,5.71,71.9,Medium,
DB_1542_DSC,2023EE0381,Saurabh Ghoshal,11,265.3,6.3,20.73,80.0,5.8,5.71,64.7,Medium,
DB_1543_PY,2024ME0382,Nidhi Pathak,11,240.8,8.95,25.79,95.0,9.0,8.5,92.3,High,
DB_1543_AIML,2024ME0382,Nidhi Pathak,8,180.6,8.42,37.86,100.0,8.1,8.5,89.9,High,
DB_1544_PY,2025CE0383,Sai Ganguly,14,354.4,6.94,14.5,85.0,6.7,6.08,72.1,Medium,
DB_1544_WD,2025CE0383,Sai Ganguly,7,210.3,6.17,27.2,85.0,6.8,6.08,67.6,Medium,
DB_1544_DSC,2025CE0383,Sai Ganguly,8,199.5,6.46,14.13,90.0,6.7,6.08,66.4,Medium,
DB_1544_AIML,2025CE0383,Sai Ganguly,5,106.5,7.24,20.9,80.0,6.7,6.08,67.9,Medium,
DB_1545_DS,2023CS0384,Garima Maurya,14,410.0,7.35,24.27,100.0,7.2,7.78,82.6,High,
DB_1545_PY,2023CS0384,Garima Maurya,11,221.8,7.4,21.53,75.0,7.1,7.78,76.1,High,
DB_1545_AIML,2023CS0384,Garima Maurya,5,101.3,7.6,29.46,100.0,6.5,7.78,77.0,High,
DB_1546_DS,2024IT0385,Sneha Sharma,13,304.6,6.8,22.38,80.0,7.0,6.71,73.2,Medium,
DB_1546_CN,2024IT0385,Sneha Sharma,11,223.1,6.53,20.1,95.0,7.2,6.71,77.0,High,
DB_1546_AIML,2024IT0385,Sneha Sharma,5,103.9,7.45,28.54,100.0,6.8,6.71,77.6,High,
DB_1547_PY,2025AI0386,Yogesh Fernandes,10,219.5,6.57,17.38,95.0,7.6,8.25,74.9,Medium,
DB_1547_WD,2025AI0386,Yogesh Fernandes,13,333.7,6.88,22.75,75.0,6.9,8.25,75.9,High,
DB_1547_CN,2025AI0386,Yogesh Fernandes,6,99.9,6.15,18.57,80.0,7.4,8.25,72.5,Medium,
DB_1547_DSC,2025AI0386,Yogesh Fernandes,7,151.8,6.56,28.25,90.0,7.2,8.25,80.1,High,
DB_1548_DS,2023DS0387,Tejaswi Saini,10,155.9,9.35,25.47,90.0,7.7,8.45,87.7,High,
DB_1548_ML,2023DS0387,Tejaswi Saini,3,195.8,4.9,18.55,85.0,8.5,8.45,92.0,High,
DB_1549_PY,2024EC0388,Jagdish Anand,6,91.5,7.38,18.95,90.0,7.7,8.58,78.2,High,
DB_1549_WD,2024EC0388,Jagdish Anand,13,352.0,7.57,22.64,95.0,6.9,8.58,80.2,High,
DB_1549_DSC,2024EC0388,Jagdish Anand,10,270.2,7.22,24.18,80.0,7.4,8.58,77.9,High,
DB_1549_ML,2024EC0388,Jagdish Anand,3,204.3,3.4,15.0,90.0,7.8,8.58,77.1,High,
DB_1550_DS,2025EE0389,Saloni Vashistha,11,202.5,7.85,16.2,80.0,7.3,7.12,79.3,High,
DB_1550_CN,2025EE0389,Saloni Vashistha,7,155.9,7.5,21.3,85.0,7.2,7.12,77.7,High,
DB_1550_ML,2025EE0389,Saloni Vashistha,3,196.9,3.6,15.15,90.0,7.6,7.12,75.3,High,
DB_1551_DS,2023ME0390,Kriti Bhasin,6,115.2,7.8,32.47,95.0,7.4,6.96,80.5,High,
DB_1551_DSC,2023ME0390,Kriti Bhasin,11,209.6,8.1,24.57,90.0,7.5,6.96,79.2,High,
DB_1551_AIML,2023ME0390,Kriti Bhasin,8,171.5,7.3,25.37,90.0,6.8,6.96,72.6,Medium,
DB_1552_DS,2024CE0391,Vishal Malhotra,19,487.9,9.43,25.16,90.0,9.8,9.24,89.4,High,
DB_1552_PY,2024CE0391,Vishal Malhotra,10,173.4,9.1,33.7,100.0,9.1,9.24,93.3,High,
DB_1552_CN,2024CE0391,Vishal Malhotra,9,182.8,10.0,18.4,100.0,9.6,9.24,98.0,High,
DB_1553_PY,2025CS0392,Vishal Thomas,7,144.4,7.18,20.4,85.0,7.1,8.4,79.8,High,
DB_1553_CN,2025CS0392,Vishal Thomas,9,216.1,7.44,21.57,70.0,6.6,8.4,74.2,Medium,
DB_1553_AIML,2025CS0392,Vishal Thomas,14,295.2,7.48,29.87,100.0,7.1,8.4,77.8,High,
DB_1554_DS,2023IT0393,Diya Malhotra,7,107.4,7.63,26.2,100.0,6.8,7.24,79.0,High,
DB_1554_PY,2023IT0393,Diya Malhotra,7,183.4,8.28,21.1,80.0,7.1,7.24,77.5,High,
DB_1554_WD,2023IT0393,Diya Malhotra,12,313.9,6.62,20.98,95.0,7.5,7.24,76.9,High,
DB_1554_DSC,2023IT0393,Diya Malhotra,6,161.4,6.8,18.56,100.0,7.0,7.24,74.2,Medium,
DB_1555_PY,2024AI0394,Ayan Saini,14,347.5,6.4,17.86,95.0,6.1,5.85,70.7,Medium,
DB_1555_WD,2024AI0394,Ayan Saini,5,142.8,6.2,17.4,70.0,6.6,5.85,64.1,Medium,
DB_1555_CN,2024AI0394,Ayan Saini,11,285.8,6.0,17.39,85.0,6.1,5.85,68.5,Medium,
DB_1555_ML,2024AI0394,Ayan Saini,3,205.2,3.8,15.7,90.0,6.6,5.85,74.3,Medium,
DB_1556_DS,2025DS0395,Prateek Tiwari,9,169.2,7.2,22.3,90.0,7.1,7.57,75.4,High,
DB_1556_DSC,2025DS0395,Prateek Tiwari,11,262.6,5.87,13.5,95.0,6.9,7.57,76.2,High,
DB_1557_DS,2023EC0396,Suman Prajapat,6,146.8,6.75,19.62,100.0,6.3,7.32,72.5,Medium,
DB_1557_WD,2023EC0396,Suman Prajapat,13,338.2,6.45,23.62,95.0,6.0,7.32,73.8,Medium,
DB_1557_AIML,2023EC0396,Suman Prajapat,8,163.5,6.9,28.0,95.0,6.8,7.32,73.8,Medium,
DB_1558_DS,2024EE0397,Leena Mukherjee,13,340.6,8.73,27.04,95.0,8.5,8.97,88.1,High,
DB_1558_WD,2024EE0397,Leena Mukherjee,11,301.8,8.83,26.35,95.0,8.4,8.97,90.5,High,
DB_1558_ML,2024EE0397,Leena Mukherjee,2,168.4,4.2,20.0,85.0,8.2,8.97,90.7,High,
DB_1559_DS,2025ME0398,Avani Deshmukh,8,259.2,7.85,21.35,95.0,6.9,7.29,78.6,High,
DB_1559_DSC,2025ME0398,Avani Deshmukh,12,219.1,6.15,24.47,95.0,6.6,7.29,77.4,High,
DB_1559_ML,2025ME0398,Avani Deshmukh,3,187.6,3.3,15.3,80.0,7.3,7.29,73.6,Medium,
DB_1560_PY,2023CE0399,Monali Anand,18,407.8,9.03,20.44,95.0,8.3,9.75,88.5,High,
DB_1560_DSC,2023CE0399,Monali Anand,4,148.2,8.22,28.08,90.0,8.4,9.75,91.6,High,
DB_1561_PY,2024CS0400,Reyansh Jangid,7,213.3,6.6,16.9,80.0,6.3,5.77,64.4,Medium,
DB_1561_ML,2024CS0400,Reyansh Jangid,2,171.6,2.8,14.2,95.0,5.8,5.77,68.2,Medium,
DB_1562_WD,2025IT0401,Tanisha Kohli,6,176.2,8.35,27.7,95.0,8.7,7.95,85.3,High,
DB_1562_AIML,2025IT0401,Tanisha Kohli,6,126.6,8.69,32.63,95.0,8.4,7.95,83.5,High,
DB_1563_PY,2023AI0402,Harshita Patel,9,209.4,7.64,21.33,85.0,7.9,8.34,76.8,High,
DB_1563_WD,2023AI0402,Harshita Patel,10,194.1,7.2,25.07,95.0,7.7,8.34,82.2,High,
DB_1563_CN,2023AI0402,Harshita Patel,13,220.6,9.0,19.78,100.0,7.7,8.34,86.5,High,
DB_1564_DS,2024DS0403,Amit Sood,23,563.2,9.72,27.96,100.0,9.8,9.56,96.5,High,
DB_1564_WD,2024DS0403,Amit Sood,4,77.3,9.62,40.0,100.0,9.3,9.56,98.0,High,
DB_1564_DSC,2024DS0403,Amit Sood,15,312.3,8.89,31.3,95.0,9.4,9.56,96.5,High,
DB_1564_AIML,2024DS0403,Amit Sood,14,272.5,9.0,37.9,100.0,9.7,9.56,94.1,High,
DB_1565_DS,2025EC0404,Lokesh Kulkarni,12,295.4,7.7,25.24,85.0,6.8,7.75,76.1,High,
DB_1565_PY,2025EC0404,Lokesh Kulkarni,9,160.0,8.3,20.7,80.0,7.3,7.75,78.0,High,
DB_1565_CN,2025EC0404,Lokesh Kulkarni,9,179.2,5.93,34.0,95.0,7.3,7.75,83.4,High,
DB_1565_AIML,2025EC0404,Lokesh Kulkarni,12,228.4,7.8,34.2,80.0,6.9,7.75,75.9,High,
DB_1566_PY,2023EE0405,Ira Das,12,264.5,7.72,28.2,90.0,6.5,6.33,75.7,High,
DB_1566_CN,2023EE0405,Ira Das,10,217.0,6.4,18.9,75.0,6.5,6.33,71.2,Medium,
DB_1567_DS,2024ME0406,Advait Kurian,9,126.7,9.55,29.6,100.0,9.0,9.76,93.9,High,
DB_1567_AIML,2024ME0406,Advait Kurian,9,184.7,9.52,37.5,95.0,9.3,9.76,98.0,High,
DB_1568_PY,2025CE0407,Parag Pinto,8,166.3,6.9,23.35,85.0,7.2,6.72,74.2,Medium,
DB_1568_WD,2025CE0407,Parag Pinto,4,187.4,6.85,23.25,85.0,7.3,6.72,73.5,Medium,
DB_1569_DS,2023CS0408,Deepak Jindal,5,84.9,6.23,22.15,85.0,5.3,5.27,62.0,Medium,
DB_1569_PY,2023CS0408,Deepak Jindal,11,250.0,6.02,13.02,90.0,5.7,5.27,62.5,Medium,
DB_1569_CN,2023CS0408,Deepak Jindal,11,227.6,5.1,18.6,75.0,5.7,5.27,60.8,Medium,
DB_1570_WD,2024IT0409,Lalit Rajput,14,316.1,9.7,28.37,90.0,7.9,7.85,89.7,High,
DB_1570_CN,2024IT0409,Lalit Rajput,4,82.8,8.3,22.86,100.0,8.3,7.85,91.1,High,
DB_1570_DSC,2024IT0409,Lalit Rajput,11,293.2,8.76,28.13,90.0,8.1,7.85,85.5,High,
DB_1571_PY,2025AI0410,Vaishnavi Maurya,11,245.1,7.99,21.35,95.0,8.0,7.46,84.7,High,
DB_1571_CN,2025AI0410,Vaishnavi Maurya,13,320.9,7.9,21.82,95.0,7.7,7.46,80.0,High,
DB_1571_AIML,2025AI0410,Vaishnavi Maurya,8,152.7,8.33,30.3,85.0,7.5,7.46,80.0,High,
DB_1572_DS,2023DS0411,Pramod Sanyal,11,313.2,4.8,11.29,75.0,4.0,5.47,54.4,Medium,
DB_1572_DSC,2023DS0411,Pramod Sanyal,5,131.6,4.7,16.0,100.0,4.0,5.47,62.3,Medium,
DB_1573_WD,2024EC0412,Jagdish Nambiar,8,228.9,5.24,17.7,75.0,5.0,5.81,58.7,Medium,
DB_1573_DSC,2024EC0412,Jagdish Nambiar,2,54.1,4.89,18.94,80.0,5.3,5.81,57.3,Medium,
DB_1573_ML,2024EC0412,Jagdish Nambiar,0,92.9,3.1,11.1,85.0,5.5,5.81,64.7,Medium,
DB_1574_DS,2025EE0413,Rahul Mahajan,8,126.5,6.37,29.4,75.0,6.4,6.66,68.9,Medium,
DB_1574_PY,2025EE0413,Rahul Mahajan,12,230.7,6.98,17.42,95.0,6.5,6.66,74.9,Medium,
DB_1574_ML,2025EE0413,Rahul Mahajan,2,170.3,2.9,15.3,65.0,6.4,6.66,66.4,Medium,
DB_1575_WD,2023ME0414,Arjun Bhattacharya,16,428.5,8.36,24.38,90.0,8.1,9.22,89.5,High,
DB_1575_CN,2023ME0414,Arjun Bhattacharya,12,243.6,8.1,21.4,100.0,8.2,9.22,93.3,High,
DB_1576_DS,2024CE0415,Muskan Rao,5,130.3,7.05,18.88,95.0,5.6,5.91,67.9,Medium,
DB_1576_PY,2024CE0415,Muskan Rao,4,118.3,5.9,17.22,80.0,5.9,5.91,61.7,Medium,
DB_1577_WD,2025CS0416,Vipul Choudhury,8,289.9,4.9,17.22,80.0,7.4,7.45,73.3,Medium,
DB_1577_CN,2025CS0416,Vipul Choudhury,10,221.6,7.16,17.96,95.0,7.2,7.45,80.6,High,
DB_1577_AIML,2025CS0416,Vipul Choudhury,8,153.3,8.22,28.92,85.0,7.0,7.45,77.6,High,
DB_1577_ML,2025CS0416,Vipul Choudhury,3,193.0,3.7,13.2,85.0,7.7,7.45,76.8,High,
DB_1578_CN,2023IT0417,Trisha Nair,18,371.3,9.21,25.11,100.0,9.5,9.43,97.5,High,
DB_1578_DSC,2023IT0417,Trisha Nair,6,113.7,7.63,31.32,95.0,9.2,9.43,93.8,High,
DB_1578_AIML,2023IT0417,Trisha Nair,10,189.7,9.76,26.7,95.0,9.5,9.43,93.8,High,
DB_1579_CN,2024AI0418,Chaitali Kaushik,7,156.9,5.66,14.63,100.0,5.3,6.85,69.7,Medium,
DB_1579_DSC,2024AI0418,Chaitali Kaushik,3,95.5,6.16,19.72,80.0,6.2,6.85,66.6,Medium,
DB_1579_ML,2024AI0418,Chaitali Kaushik,2,176.9,2.8,12.7,90.0,6.0,6.85,67.9,Medium,
DB_1580_DS,2025DS0419,Shaurya Sanyal,17,434.9,7.37,21.03,95.0,6.8,6.53,74.3,Medium,
DB_1580_PY,2025DS0419,Shaurya Sanyal,9,211.5,7.7,19.27,85.0,6.8,6.53,74.5,Medium,
DB_1580_WD,2025DS0419,Shaurya Sanyal,13,332.3,7.09,21.87,90.0,6.5,6.53,72.5,Medium,
DB_1580_ML,2025DS0419,Shaurya Sanyal,2,178.2,4.0,15.5,80.0,6.7,6.53,73.9,Medium,
DB_1581_PY,2023EC0420,Ayan Menon,7,147.6,5.7,17.47,100.0,5.4,5.31,69.1,Medium,
DB_1581_WD,2023EC0420,Ayan Menon,7,238.1,5.54,16.16,75.0,5.4,5.31,60.6,Medium,
DB_1581_AIML,2023EC0420,Ayan Menon,9,175.5,6.7,23.7,90.0,5.6,5.31,63.4,Medium,
DB_1581_ML,2023EC0420,Ayan Menon,2,179.7,2.2,11.3,80.0,5.6,5.31,55.2,Medium,
DB_1582_DS,2024EE0421,Manoj Gupta,4,85.2,5.74,18.9,75.0,5.6,5.42,59.8,Medium,
DB_1582_PY,2024EE0421,Manoj Gupta,6,264.9,5.87,15.57,75.0,5.2,5.42,56.5,Medium,
DB_1582_DSC,2024EE0421,Manoj Gupta,6,158.4,4.93,19.23,90.0,5.1,5.42,64.6,Medium,
DB_1582_ML,2024EE0421,Manoj Gupta,1,123.3,2.0,8.4,90.0,5.1,5.42,54.9,Medium,
DB_1583_PY,2025ME0422,Monali Banerjee,6,168.8,9.5,24.1,100.0,8.0,8.07,90.1,High,
DB_1583_AIML,2025ME0422,Monali Banerjee,11,211.4,8.97,31.75,95.0,8.7,8.07,85.4,High,
DB_1584_DS,2023CE0423,Sanjay Deshmukh,16,381.9,9.12,33.5,90.0,8.7,8.77,88.8,High,
DB_1584_PY,2023CE0423,Sanjay Deshmukh,18,376.0,9.72,27.37,100.0,9.1,8.77,96.5,High,
DB_1584_WD,2023CE0423,Sanjay Deshmukh,16,348.0,9.47,24.6,100.0,9.2,8.77,93.8,High,
DB_1584_AIML,2023CE0423,Sanjay Deshmukh,12,255.5,9.61,38.68,95.0,9.4,8.77,94.3,High,
DB_1585_WD,2024CS0424,Riddhi Tiwari,5,147.2,8.93,31.48,95.0,8.2,8.36,89.6,High,
DB_1585_CN,2024CS0424,Riddhi Tiwari,6,115.9,9.5,24.18,90.0,8.5,8.36,91.7,High,
DB_1585_ML,2024CS0424,Riddhi Tiwari,3,196.1,4.0,17.35,100.0,8.6,8.36,89.3,High,
DB_1586_DS,2025IT0425,Mayank Kohli,6,157.4,6.65,18.0,85.0,6.3,7.13,70.4,Medium,
DB_1586_DSC,2025IT0425,Mayank Kohli,4,78.3,5.73,23.8,95.0,6.6,7.13,70.0,Medium,
DB_1586_AIML,2025IT0425,Mayank Kohli,7,166.3,5.7,25.45,90.0,6.3,7.13,70.2,Medium,
DB_1587_WD,2023AI0426,Vivek Goel,14,324.2,6.65,17.1,85.0,5.6,6.44,66.8,Medium,
DB_1587_DSC,2023AI0426,Vivek Goel,6,129.5,5.59,17.3,80.0,5.3,6.44,62.0,Medium,
DB_1588_DS,2024DS0427,Ekta Nambiar,10,296.7,7.08,24.98,95.0,7.1,8.2,75.3,High,
DB_1588_ML,2024DS0427,Ekta Nambiar,3,205.5,4.2,15.55,90.0,7.6,8.2,85.2,High,
DB_1589_PY,2025EC0428,Zoya Yadav,9,307.5,5.52,12.9,90.0,5.2,6.18,62.2,Medium,
DB_1589_CN,2025EC0428,Zoya Yadav,7,141.8,4.66,16.2,90.0,4.9,6.18,61.8,Medium,
DB_1590_DS,2023EE0429,Aniket Bhasin,14,353.3,6.0,20.04,90.0,6.2,6.06,71.2,Medium,
DB_1590_DSC,2023EE0429,Aniket Bhasin,13,302.9,6.13,28.85,85.0,6.2,6.06,70.2,Medium,
DB_1590_AIML,2023EE0429,Aniket Bhasin,9,169.3,7.0,26.59,95.0,6.7,6.06,73.6,Medium,
DB_1590_ML,2023EE0429,Aniket Bhasin,3,203.9,3.3,12.45,100.0,6.0,6.06,71.2,Medium,
DB_1591_PY,2024ME0430,Rashmi Bhattacharya,8,170.2,7.8,23.07,100.0,8.3,8.94,84.1,High,
DB_1591_WD,2024ME0430,Rashmi Bhattacharya,9,243.1,9.5,26.09,85.0,8.3,8.94,86.9,High,
DB_1591_CN,2024ME0430,Rashmi Bhattacharya,9,151.8,7.5,14.9,95.0,8.3,8.94,86.4,High,
DB_1592_DS,2025CE0431,Jaya Mishra,11,214.4,9.14,27.12,100.0,8.8,9.61,95.0,High,
DB_1592_WD,2025CE0431,Jaya Mishra,12,305.1,8.65,26.56,95.0,8.9,9.61,96.5,High,
DB_1592_CN,2025CE0431,Jaya Mishra,9,227.6,8.07,27.5,100.0,8.7,9.61,94.2,High,
DB_1592_ML,2025CE0431,Jaya Mishra,3,196.8,5.0,17.9,95.0,9.4,9.61,96.5,High,
DB_1593_PY,2023CS0432,Chaitali Chatterjee,8,225.6,4.57,14.2,75.0,5.1,6.59,59.2,Medium,
DB_1593_CN,2023CS0432,Chaitali Chatterjee,12,278.9,6.17,15.04,65.0,5.0,6.59,59.1,Medium,
DB_1594_DS,2024IT0433,Satish Agarwal,6,211.4,7.6,29.58,90.0,7.7,9.08,86.2,High,
DB_1594_CN,2024IT0433,Satish Agarwal,6,146.3,7.95,23.5,100.0,7.8,9.08,85.8,High,
DB_1594_AIML,2024IT0433,Satish Agarwal,4,94.3,7.88,32.3,100.0,8.1,9.08,86.2,High,
DB_1594_ML,2024IT0433,Satish Agarwal,2,173.3,3.6,16.3,100.0,8.4,9.08,85.3,High,
DB_1595_DS,2025AI0434,Sakshi Patel,11,247.3,5.54,14.27,75.0,5.6,5.86,59.9,Medium,
DB_1595_CN,2025AI0434,Sakshi Patel,8,167.9,5.67,15.9,80.0,5.3,5.86,60.4,Medium,
DB_1595_ML,2025AI0434,Sakshi Patel,2,178.5,3.0,12.15,85.0,4.9,5.86,63.6,Medium,
DB_1596_DS,2023DS0435,Satish Suri,13,235.5,5.9,22.15,90.0,6.6,6.83,71.8,Medium,
DB_1596_PY,2023DS0435,Satish Suri,13,291.1,6.9,18.58,85.0,5.9,6.83,69.8,Medium,
DB_1596_CN,2023DS0435,Satish Suri,8,211.7,5.85,18.77,90.0,6.7,6.83,73.9,Medium,
DB_1596_ML,2023DS0435,Satish Suri,3,188.4,2.7,13.0,90.0,6.7,6.83,66.5,Medium,
DB_1597_DS,2024EC0436,Suman Maurya,9,203.2,7.92,13.4,90.0,7.7,7.99,79.0,High,
DB_1597_PY,2024EC0436,Suman Maurya,10,222.4,7.8,22.9,70.0,7.1,7.99,72.1,Medium,
DB_1597_WD,2024EC0436,Suman Maurya,8,195.0,7.05,24.19,90.0,6.9,7.99,76.5,High,
DB_1597_ML,2024EC0436,Suman Maurya,2,154.9,3.9,13.45,90.0,7.3,7.99,74.9,Medium,
DB_1598_PY,2025EE0437,Vaibhav Dwivedi,6,181.8,4.54,14.76,80.0,4.9,5.79,53.6,Medium,
DB_1598_AIML,2025EE0437,Vaibhav Dwivedi,3,80.3,4.73,18.07,75.0,5.3,5.79,56.6,Medium,
DB_1599_PY,2023ME0438,Dinesh Iyer,11,256.9,6.15,11.9,100.0,5.9,7.34,72.8,Medium,
DB_1599_WD,2023ME0438,Dinesh Iyer,3,88.0,5.25,17.37,95.0,6.3,7.34,73.6,Medium,
DB_1599_DSC,2023ME0438,Dinesh Iyer,7,204.0,5.67,15.9,100.0,6.0,7.34,67.2,Medium,
DB_1600_DSC,2024CE0439,Tanisha Tripathi,5,189.6,5.53,21.23,90.0,5.4,6.3,69.6,Medium,
DB_1600_AIML,2024CE0439,Tanisha Tripathi,9,191.3,5.23,16.6,75.0,5.7,6.3,59.8,Medium,
DB_1600_ML,2024CE0439,Tanisha Tripathi,1,115.4,3.6,9.9,90.0,5.4,6.3,67.3,Medium,
DB_1601_DS,2025CS0440,Pragya Menon,6,104.6,9.9,27.24,100.0,8.9,9.47,95.0,High,
DB_1601_WD,2025CS0440,Pragya Menon,17,368.4,7.72,20.93,95.0,8.9,9.47,93.0,High,
DB_1601_DSC,2025CS0440,Pragya Menon,14,365.6,8.94,30.18,100.0,8.3,9.47,92.0,High,
DB_1601_ML,2025CS0440,Pragya Menon,3,194.3,3.8,16.2,100.0,8.3,9.47,82.9,High,
DB_1602_WD,2023IT0441,Yash Pathak,5,130.5,4.3,14.13,75.0,4.8,5.07,54.8,Medium,
DB_1602_CN,2023IT0441,Yash Pathak,7,140.0,3.97,8.6,75.0,4.6,5.07,53.4,Medium,
DB_1602_AIML,2023IT0441,Yash Pathak,3,79.0,5.55,16.93,75.0,4.7,5.07,56.8,Medium,
DB_1603_PY,2024AI0442,Aarti Fernandes,9,137.0,5.9,16.93,90.0,6.1,6.46,69.6,Medium,
DB_1603_WD,2024AI0442,Aarti Fernandes,8,191.2,4.9,13.3,85.0,5.5,6.46,62.4,Medium,
DB_1604_DS,2025DS0443,Anjali Lamba,16,320.7,6.76,26.1,95.0,6.4,7.68,75.9,High,
DB_1604_WD,2025DS0443,Anjali Lamba,9,286.9,6.2,21.65,80.0,6.3,7.68,71.6,Medium,
DB_1604_AIML,2025DS0443,Anjali Lamba,5,122.8,6.47,26.6,90.0,6.3,7.68,74.0,Medium,
DB_1604_ML,2025DS0443,Anjali Lamba,3,190.2,3.7,14.9,85.0,6.8,7.68,74.6,Medium,
DB_1605_PY,2023EC0444,Juhi Bhat,16,376.9,9.09,24.98,95.0,8.4,9.12,93.3,High,
DB_1605_ML,2023EC0444,Juhi Bhat,3,203.9,4.5,19.0,90.0,9.0,9.12,91.5,High,
DB_1606_DS,2024EE0445,Gauri Kohli,3,133.7,8.4,33.07,95.0,8.5,7.98,89.1,High,
DB_1606_DSC,2024EE0445,Gauri Kohli,15,368.8,7.62,29.36,95.0,8.4,7.98,87.5,High,
DB_1607_PY,2025ME0446,Deepa Kumar,4,162.6,7.22,18.59,85.0,7.2,7.77,77.4,High,
DB_1607_CN,2025ME0446,Deepa Kumar,3,97.9,6.63,18.3,100.0,6.9,7.77,75.0,High,
DB_1607_DSC,2025ME0446,Deepa Kumar,7,194.8,6.4,20.48,85.0,7.4,7.77,82.8,High,
DB_1608_PY,2023CE0447,Sumit Anand,10,193.0,6.44,17.04,75.0,6.1,6.28,66.3,Medium,
DB_1608_DSC,2023CE0447,Sumit Anand,9,228.7,5.79,21.94,95.0,6.3,6.28,68.2,Medium,
DB_1609_DS,2024CS0448,Lokesh Pandey,11,336.5,9.0,23.37,95.0,7.9,7.41,84.5,High,
DB_1609_CN,2024CS0448,Lokesh Pandey,7,183.6,8.0,21.72,90.0,8.3,7.41,82.3,High,
DB_1609_AIML,2024CS0448,Lokesh Pandey,9,171.2,7.2,31.63,95.0,7.8,7.41,81.3,High,
DB_1609_ML,2024CS0448,Lokesh Pandey,3,192.8,3.9,15.95,95.0,7.8,7.41,84.0,High,
DB_1610_DS,2025IT0449,Kailash Nair,5,158.6,5.9,14.28,70.0,5.4,6.19,56.0,Medium,
DB_1610_PY,2025IT0449,Kailash Nair,8,228.4,5.57,14.85,90.0,5.5,6.19,63.7,Medium,
DB_1611_DS,2023AI0450,Pooja Sood,8,247.2,6.37,19.35,75.0,5.5,6.09,60.1,Medium,
DB_1611_CN,2023AI0450,Pooja Sood,9,213.5,6.23,17.1,75.0,5.0,6.09,60.4,Medium,
DB_1611_DSC,2023AI0450,Pooja Sood,7,135.2,5.48,13.0,90.0,5.6,6.09,67.4,Medium,
DB_1611_AIML,2023AI0450,Pooja Sood,8,175.8,5.05,20.67,90.0,5.6,6.09,65.6,Medium,
DB_1612_CN,2024DS0451,Rajendra Verma,8,149.6,6.4,19.49,90.0,6.3,7.3,74.5,Medium,
DB_1612_DSC,2024DS0451,Rajendra Verma,5,90.1,5.45,16.77,80.0,6.2,7.3,62.9,Medium,
DB_1612_ML,2024DS0451,Rajendra Verma,3,206.5,3.6,12.6,85.0,5.9,7.3,72.7,Medium,
DB_1613_DS,2025EC0452,Jagdish Malhotra,2,43.2,3.8,11.84,70.0,3.6,5.1,45.2,Low,
DB_1613_WD,2025EC0452,Jagdish Malhotra,5,149.6,4.0,12.86,80.0,3.6,5.1,51.2,Medium,
DB_1613_DSC,2025EC0452,Jagdish Malhotra,5,115.2,4.85,13.93,90.0,4.4,5.1,54.7,Medium,
DB_1613_ML,2025EC0452,Jagdish Malhotra,2,146.6,1.9,7.7,80.0,3.7,5.1,46.3,Low,
DB_1614_PY,2023EE0453,Kunal Goyal,8,187.3,8.05,20.8,85.0,7.6,7.12,77.5,High,
DB_1614_WD,2023EE0453,Kunal Goyal,15,402.2,8.35,20.1,85.0,7.8,7.12,82.2,High,
DB_1614_AIML,2023EE0453,Kunal Goyal,5,88.3,8.36,30.54,95.0,7.7,7.12,79.7,High,
DB_1615_AIML,2024ME0454,Gautam Garg,4,95.3,8.79,31.45,95.0,8.6,8.56,87.7,High,
DB_1615_ML,2024ME0454,Gautam Garg,3,201.4,3.9,19.1,95.0,7.8,8.56,88.8,High,
DB_1616_WD,2025CE0455,Riya Awasthi,9,250.2,6.46,21.18,90.0,6.7,7.81,70.5,Medium,
DB_1616_CN,2025CE0455,Riya Awasthi,9,229.8,6.05,19.5,80.0,6.9,7.81,72.3,Medium,
DB_1616_DSC,2025CE0455,Riya Awasthi,9,285.5,4.65,22.46,95.0,6.2,7.81,72.4,Medium,
DB_1617_DS,2023CS0456,Abhishek Goyal,12,358.6,7.3,16.1,80.0,7.7,8.47,79.7,High,
DB_1617_PY,2023CS0456,Abhishek Goyal,9,230.7,7.39,20.54,95.0,7.1,8.47,76.6,High,
DB_1617_AIML,2023CS0456,Abhishek Goyal,5,96.7,7.38,37.9,95.0,7.6,8.47,84.9,High,
DB_1617_ML,2023CS0456,Abhishek Goyal,3,191.4,3.7,14.65,85.0,7.1,8.47,75.6,High,
DB_1618_PY,2024IT0457,Tejas Chaubey,13,232.1,7.0,19.4,95.0,6.4,6.31,69.8,Medium,
DB_1618_ML,2024IT0457,Tejas Chaubey,3,196.8,3.0,11.1,80.0,5.8,6.31,64.4,Medium,
DB_1619_DS,2025AI0458,Divya Kaushik,20,514.1,9.5,38.13,100.0,9.4,9.39,98.0,High,
DB_1619_DSC,2025AI0458,Divya Kaushik,8,159.9,9.03,34.5,100.0,9.2,9.39,98.0,High,
DB_1619_ML,2025AI0458,Divya Kaushik,3,195.8,5.0,20.0,100.0,9.1,9.39,95.9,High,
DB_1620_DS,2023DS0459,Naveen Duggal,7,188.7,8.78,24.96,100.0,7.9,9.06,87.4,High,
DB_1620_WD,2023DS0459,Naveen Duggal,5,155.4,7.4,46.9,95.0,8.3,9.06,90.2,High,
DB_1620_ML,2023DS0459,Naveen Duggal,3,187.1,4.4,19.7,95.0,8.3,9.06,92.3,High,
DB_1621_PY,2024EC0460,Juhi Anand,9,188.4,4.6,16.5,90.0,5.2,5.74,64.0,Medium,
DB_1621_WD,2024EC0460,Juhi Anand,7,161.2,3.63,17.62,90.0,5.0,5.74,62.2,Medium,
DB_1622_PY,2025EE0461,Barkha Kapoor,12,320.7,8.45,21.5,95.0,8.5,9.16,84.7,High,
DB_1622_DSC,2025EE0461,Barkha Kapoor,6,144.8,7.86,38.8,95.0,8.5,9.16,90.0,High,
DB_1622_AIML,2025EE0461,Barkha Kapoor,6,110.3,8.7,34.3,100.0,7.9,9.16,88.3,High,
DB_1623_PY,2023ME0462,Avani Goyal,11,290.6,8.88,25.13,95.0,9.0,9.08,88.7,High,
DB_1623_CN,2023ME0462,Avani Goyal,17,334.6,9.23,27.07,100.0,8.9,9.08,93.6,High,
DB_1624_DS,2024CE0463,Nandini Ahuja,14,337.6,6.5,20.2,75.0,6.4,6.18,66.6,Medium,
DB_1624_CN,2024CE0463,Nandini Ahuja,8,176.2,5.65,16.04,80.0,6.1,6.18,61.3,Medium,
DB_1624_DSC,2024CE0463,Nandini Ahuja,6,155.7,5.07,11.0,95.0,6.1,6.18,62.1,Medium,
DB_1624_AIML,2024CE0463,Nandini Ahuja,10,205.9,6.63,25.33,90.0,6.3,6.18,69.5,Medium,
DB_1625_DS,2025CS0464,Girish Pinto,11,284.3,6.03,19.44,85.0,6.0,6.56,64.1,Medium,
DB_1625_PY,2025CS0464,Girish Pinto,12,253.6,6.3,16.33,85.0,6.0,6.56,68.9,Medium,
DB_1625_DSC,2025CS0464,Girish Pinto,4,86.2,6.11,20.61,75.0,5.9,6.56,68.4,Medium,
DB_1625_AIML,2025CS0464,Girish Pinto,6,122.6,7.5,24.12,90.0,6.1,6.56,71.2,Medium,
DB_1626_PY,2023IT0465,Sunil Mehta,10,241.4,8.96,26.19,90.0,9.0,9.5,92.7,High,
DB_1626_WD,2023IT0465,Sunil Mehta,6,204.4,8.5,29.32,100.0,9.4,9.5,94.0,High,
DB_1626_DSC,2023IT0465,Sunil Mehta,14,347.5,9.03,29.32,95.0,8.7,9.5,93.9,High,
DB_1627_DS,2024AI0466,Pramod Garg,8,178.7,7.05,19.96,90.0,6.5,7.06,72.8,Medium,
DB_1627_CN,2024AI0466,Pramod Garg,7,133.4,5.9,17.57,80.0,6.0,7.06,71.9,Medium,
DB_1628_CN,2025DS0467,Sunil Sanyal,15,254.8,7.32,18.66,80.0,7.5,8.26,81.5,High,
DB_1628_DSC,2025DS0467,Sunil Sanyal,10,276.5,7.67,28.8,100.0,7.7,8.26,87.5,High,
DB_1628_ML,2025DS0467,Sunil Sanyal,1,121.1,3.6,18.3,90.0,8.1,8.26,83.3,High,
DB_1629_PY,2023EC0468,Ira Kohli,11,240.2,8.57,21.1,95.0,7.8,7.63,81.8,High,
DB_1629_DSC,2023EC0468,Ira Kohli,12,285.4,7.81,17.9,95.0,7.3,7.63,87.0,High,
DB_1629_AIML,2023EC0468,Ira Kohli,8,185.3,9.4,27.83,95.0,7.2,7.63,83.6,High,
DB_1630_PY,2024EE0469,Ankita Tiwari,17,357.8,8.47,20.07,90.0,8.3,8.14,84.8,High,
DB_1630_WD,2024EE0469,Ankita Tiwari,16,418.8,7.33,23.85,85.0,8.0,8.14,81.1,High,
DB_1630_AIML,2024EE0469,Ankita Tiwari,11,207.6,9.7,29.9,90.0,7.6,8.14,86.9,High,
DB_1630_ML,2024EE0469,Ankita Tiwari,3,199.6,4.0,14.9,85.0,7.9,8.14,76.5,High,
DB_1631_PY,2025ME0470,Parag Rajput,5,87.9,6.26,13.6,90.0,5.7,5.13,61.4,Medium,
DB_1631_DSC,2025ME0470,Parag Rajput,8,252.2,5.08,27.0,95.0,4.9,5.13,65.5,Medium,
DB_1631_ML,2025ME0470,Parag Rajput,2,170.1,2.8,10.35,80.0,5.3,5.13,57.9,Medium,
DB_1632_DS,2023CE0471,Ayan Khanna,10,200.9,6.58,19.5,95.0,6.9,7.28,71.4,Medium,
DB_1632_AIML,2023CE0471,Ayan Khanna,10,209.8,7.04,30.0,95.0,6.7,7.28,74.2,Medium,
DB_1633_PY,2024CS0472,Lalit Das,20,420.2,9.28,25.53,100.0,9.6,9.57,97.5,High,
DB_1633_DSC,2024CS0472,Lalit Das,6,179.8,10.0,30.63,100.0,8.9,9.57,96.7,High,
DB_1633_AIML,2024CS0472,Lalit Das,4,92.6,9.68,37.92,95.0,8.8,9.57,93.7,High,
DB_1633_ML,2024CS0472,Lalit Das,2,157.8,4.1,19.15,100.0,8.8,9.57,94.5,High,
DB_1634_WD,2025IT0473,Anika Bose,9,226.5,3.5,24.21,90.0,6.5,8.3,78.4,High,
DB_1634_DSC,2025IT0473,Anika Bose,10,260.7,7.4,23.92,95.0,6.9,8.3,78.0,High,
DB_1635_PY,2023AI0474,Yogesh Kurian,15,317.9,8.27,22.16,95.0,7.8,7.86,84.3,High,
DB_1635_WD,2023AI0474,Yogesh Kurian,12,254.8,7.85,23.8,85.0,8.1,7.86,81.3,High,
DB_1635_AIML,2023AI0474,Yogesh Kurian,14,277.7,8.15,37.1,80.0,7.5,7.86,82.5,High,
DB_1636_WD,2024DS0475,Rajendra Mathew,12,374.5,6.7,23.71,80.0,7.6,8.23,78.3,High,
DB_1636_AIML,2024DS0475,Rajendra Mathew,10,192.6,9.0,27.47,95.0,7.0,8.23,84.6,High,
DB_1636_ML,2024DS0475,Rajendra Mathew,2,155.5,4.2,15.4,95.0,7.8,8.23,86.1,High,
DB_1637_PY,2025EC0476,Shweta Pathak,9,173.2,6.75,18.48,90.0,7.0,6.18,68.8,Medium,
DB_1637_CN,2025EC0476,Shweta Pathak,3,76.4,6.4,18.24,100.0,6.3,6.18,74.4,Medium,
DB_1637_AIML,2025EC0476,Shweta Pathak,4,85.3,7.36,26.3,80.0,6.7,6.18,65.4,Medium,
DB_1637_ML,2025EC0476,Shweta Pathak,3,195.7,3.7,14.85,80.0,6.8,6.18,73.0,Medium,
DB_1638_PY,2023EE0477,Santosh Dhawan,14,349.4,7.7,22.29,85.0,7.1,8.03,76.4,High,
DB_1638_AIML,2023EE0477,Santosh Dhawan,11,231.8,7.55,26.3,95.0,6.6,8.03,78.1,High,
DB_1639_DS,2024ME0478,Aditya Grover,10,178.2,5.83,16.75,85.0,5.3,6.79,65.2,Medium,
DB_1639_PY,2024ME0478,Aditya Grover,4,164.3,6.56,13.7,85.0,5.1,6.79,67.8,Medium,
DB_1639_CN,2024ME0478,Aditya Grover,6,117.9,3.3,15.67,90.0,6.0,6.79,67.7,Medium,
DB_1639_ML,2024ME0478,Aditya Grover,3,203.6,2.8,10.45,85.0,5.1,6.79,63.5,Medium,
DB_1640_PY,2025CE0479,Prathamesh Joshi,6,140.0,7.4,18.0,75.0,6.6,7.82,71.8,Medium,
DB_1640_DSC,2025CE0479,Prathamesh Joshi,7,141.4,6.25,22.76,90.0,7.0,7.82,72.1,Medium,
DB_1640_AIML,2025CE0479,Prathamesh Joshi,6,130.3,7.2,28.9,80.0,6.7,7.82,73.7,Medium,
DB_1641_DS,2023CS0480,Sanjay Upadhyay,6,247.5,8.46,18.82,80.0,8.3,8.27,84.7,High,
DB_1641_CN,2023CS0480,Sanjay Upadhyay,8,178.2,7.37,17.95,95.0,7.5,8.27,81.8,High,
DB_1641_ML,2023CS0480,Sanjay Upadhyay,3,203.6,4.5,16.3,85.0,7.8,8.27,85.1,High,
DB_1642_DS,2024IT0481,Chinmay Malhotra,18,432.2,9.7,25.6,90.0,8.1,8.47,92.0,High,
DB_1642_AIML,2024IT0481,Chinmay Malhotra,4,96.9,8.81,38.3,95.0,8.4,8.47,87.8,High,
DB_1643_CN,2025AI0482,Chetna Ganguly,15,326.5,8.86,24.39,100.0,8.3,8.42,91.8,High,
DB_1643_AIML,2025AI0482,Chetna Ganguly,14,270.4,9.07,35.39,100.0,9.0,8.42,89.2,High,
DB_1643_ML,2025AI0482,Chetna Ganguly,3,191.1,4.7,18.55,95.0,8.2,8.42,89.6,High,
DB_1644_DS,2023DS0483,Sanjay Tripathi,10,235.4,9.2,26.78,100.0,9.0,9.45,96.5,High,
DB_1644_WD,2023DS0483,Sanjay Tripathi,10,284.5,7.6,28.07,95.0,8.4,9.45,91.5,High,
DB_1645_DS,2024EC0484,Riddhi Sood,16,443.5,9.38,29.39,100.0,8.7,9.41,94.2,High,
DB_1645_WD,2024EC0484,Riddhi Sood,11,232.0,8.73,20.0,100.0,8.9,9.41,95.0,High,
DB_1645_ML,2024EC0484,Riddhi Sood,3,197.6,4.3,20.0,95.0,9.3,9.41,91.1,High,
DB_1646_DS,2025EE0485,Indu Malhotra,10,226.5,7.0,20.09,85.0,6.5,6.32,68.9,Medium,
DB_1646_AIML,2025EE0485,Indu Malhotra,7,122.0,7.02,30.47,85.0,6.5,6.32,70.8,Medium,
DB_1647_PY,2023ME0486,Saanvi Gupta,12,189.2,6.8,29.4,85.0,6.2,7.71,75.2,High,
DB_1647_WD,2023ME0486,Saanvi Gupta,12,243.2,7.05,24.8,95.0,6.6,7.71,76.8,High,
DB_1648_DS,2024CE0487,Nikhil Joseph,4,101.2,5.97,14.35,80.0,5.4,5.64,57.9,Medium,
DB_1648_WD,2024CE0487,Nikhil Joseph,4,165.5,6.1,12.35,90.0,4.9,5.64,61.4,Medium,
DB_1648_AIML,2024CE0487,Nikhil Joseph,6,116.3,5.78,19.37,90.0,4.6,5.64,61.3,Medium,
DB_1649_WD,2025CS0488,Vishal Prajapat,6,165.4,4.8,17.38,90.0,5.9,5.91,62.8,Medium,
DB_1649_CN,2025CS0488,Vishal Prajapat,11,233.6,6.7,16.61,95.0,5.2,5.91,70.7,Medium,
DB_1649_AIML,2025CS0488,Vishal Prajapat,8,168.7,6.0,22.04,95.0,5.3,5.91,65.2,Medium,
DB_1650_PY,2023IT0489,Chhavi Menon,5,170.2,5.6,16.96,80.0,5.7,5.18,58.8,Medium,
DB_1650_CN,2023IT0489,Chhavi Menon,9,237.4,5.21,15.82,85.0,5.3,5.18,60.1,Medium,
DB_1650_AIML,2023IT0489,Chhavi Menon,8,185.4,5.93,20.5,80.0,5.3,5.18,58.0,Medium,
DB_1650_ML,2023IT0489,Chhavi Menon,2,178.8,2.6,13.2,80.0,5.5,5.18,59.3,Medium,
DB_1651_PY,2024AI0490,Umesh Pandey,10,278.6,6.58,13.2,80.0,6.3,6.16,65.2,Medium,
DB_1651_CN,2024AI0490,Umesh Pandey,9,201.3,6.05,14.37,95.0,6.6,6.16,71.5,Medium,
DB_1651_ML,2024AI0490,Umesh Pandey,2,163.4,3.6,13.05,85.0,6.4,6.16,67.5,Medium,
DB_1652_DS,2025DS0491,Sakshi Yadav,5,93.2,5.72,16.92,85.0,5.2,6.44,64.0,Medium,
DB_1652_PY,2025DS0491,Sakshi Yadav,6,98.5,5.52,15.06,70.0,5.9,6.44,58.8,Medium,
DB_1652_AIML,2025DS0491,Sakshi Yadav,7,181.1,6.0,22.27,85.0,5.7,6.44,63.2,Medium,
DB_1652_ML,2025DS0491,Sakshi Yadav,2,164.0,3.3,11.15,90.0,5.0,6.44,66.4,Medium,
DB_1653_WD,2023EC0492,Riddhi Chopra,7,162.1,4.72,15.68,75.0,4.4,5.63,53.9,Medium,
DB_1653_DSC,2023EC0492,Riddhi Chopra,5,87.2,4.0,14.22,80.0,4.1,5.63,53.0,Medium,
DB_1653_AIML,2023EC0492,Riddhi Chopra,7,147.5,5.11,15.0,90.0,4.5,5.63,56.1,Medium,
DB_1654_PY,2024EE0493,Mansi Rathore,6,197.5,7.6,19.98,100.0,6.7,6.94,75.0,High,
DB_1654_WD,2024EE0493,Mansi Rathore,8,187.6,7.4,23.2,85.0,7.2,6.94,76.9,High,
DB_1654_DSC,2024EE0493,Mansi Rathore,13,282.8,6.3,28.67,85.0,7.5,6.94,72.8,Medium,
DB_1654_ML,2024EE0493,Mansi Rathore,3,199.4,4.4,15.05,80.0,7.3,6.94,77.5,High,
DB_1655_PY,2025ME0494,Kapil Bhattacharya,14,295.2,8.6,23.54,95.0,8.6,8.88,89.5,High,
DB_1655_DSC,2025ME0494,Kapil Bhattacharya,6,97.2,7.9,34.65,100.0,8.3,8.88,87.8,High,
DB_1655_AIML,2025ME0494,Kapil Bhattacharya,16,330.0,9.6,32.56,95.0,8.2,8.88,92.4,High,
DB_1656_PY,2023CE0495,Richa Chauhan,7,119.0,8.67,23.18,100.0,8.2,8.28,88.4,High,
DB_1656_WD,2023CE0495,Richa Chauhan,8,289.2,8.44,17.4,90.0,8.2,8.28,87.2,High,
DB_1656_AIML,2023CE0495,Richa Chauhan,15,289.5,8.8,37.05,90.0,8.3,8.28,86.7,High,
DB_1657_DS,2024CS0496,Yogesh Pathak,10,261.6,6.53,17.15,95.0,6.2,5.51,65.8,Medium,
DB_1657_WD,2024CS0496,Yogesh Pathak,5,117.0,5.88,15.6,100.0,6.0,5.51,69.4,Medium,
DB_1657_AIML,2024CS0496,Yogesh Pathak,5,118.2,5.43,23.72,80.0,5.8,5.51,63.2,Medium,
DB_1657_ML,2024CS0496,Yogesh Pathak,2,168.4,2.7,13.7,95.0,6.0,5.51,64.7,Medium,
DB_1658_PY,2025IT0497,Myra Thomas,20,429.8,8.34,23.27,80.0,8.6,8.77,85.6,High,
DB_1658_WD,2025IT0497,Myra Thomas,8,192.5,7.77,23.6,95.0,8.0,8.77,89.3,High,
DB_1658_CN,2025IT0497,Myra Thomas,12,260.7,7.82,23.49,100.0,7.9,8.77,86.3,High,
DB_1659_CN,2023AI0498,Umesh Nambiar,9,140.8,4.2,12.82,95.0,4.9,5.71,60.8,Medium,
DB_1659_DSC,2023AI0498,Umesh Nambiar,5,124.4,3.3,14.68,85.0,4.9,5.71,54.6,Medium,
DB_1660_PY,2024DS0499,Rajesh Bhat,9,209.7,8.5,19.95,100.0,8.0,8.8,83.9,High,
DB_1660_WD,2024DS0499,Rajesh Bhat,10,192.0,7.08,25.93,95.0,7.9,8.8,84.3,High,
DB_1660_ML,2024DS0499,Rajesh Bhat,3,191.0,4.1,16.45,90.0,7.4,8.8,84.2,High,
DB_1661_WD,2025EC0500,Kanika Sen,8,211.4,4.67,16.07,75.0,5.3,5.7,56.7,Medium,
DB_1661_CN,2025EC0500,Kanika Sen,6,110.9,4.47,14.1,90.0,5.4,5.7,59.1,Medium,
DB_1661_DSC,2025EC0500,Kanika Sen,6,209.9,5.57,14.82,80.0,4.7,5.7,56.7,Medium,
DB_1662_PY,2023EE0501,Bhavin Bhat,9,205.4,9.12,22.15,85.0,8.6,9.47,90.2,High,
DB_1662_WD,2023EE0501,Bhavin Bhat,9,247.4,8.43,24.7,90.0,8.2,9.47,86.5,High,
DB_1662_CN,2023EE0501,Bhavin Bhat,9,171.7,8.06,24.88,95.0,8.9,9.47,88.3,High,
DB_1662_ML,2023EE0501,Bhavin Bhat,2,159.7,4.1,18.2,90.0,8.1,9.47,87.7,High,
DB_1663_DS,2024ME0502,Radhika Anand,8,227.7,6.2,19.3,80.0,6.3,6.87,69.2,Medium,
DB_1663_WD,2024ME0502,Radhika Anand,9,200.3,6.11,20.38,80.0,6.9,6.87,66.7,Medium,
DB_1663_AIML,2024ME0502,Radhika Anand,4,78.5,7.3,28.34,95.0,6.6,6.87,73.2,Medium,
DB_1663_ML,2024ME0502,Radhika Anand,2,164.1,3.6,12.55,90.0,6.0,6.87,68.6,Medium,
DB_1664_PY,2025CE0503,Yamini Tripathi,7,105.6,7.53,19.32,100.0,7.6,7.48,81.0,High,
DB_1664_CN,2025CE0503,Yamini Tripathi,9,251.8,6.0,21.49,100.0,7.1,7.48,77.0,High,
DB_1664_DSC,2025CE0503,Yamini Tripathi,10,225.0,7.06,27.0,90.0,8.0,7.48,79.6,High,
DB_1664_ML,2025CE0503,Yamini Tripathi,3,190.5,4.0,15.65,90.0,7.5,7.48,78.9,High,
DB_1665_PY,2023CS0504,Omkar Sen,16,337.5,8.97,33.8,90.0,8.4,9.39,86.0,High,
DB_1665_CN,2023CS0504,Omkar Sen,9,205.3,7.5,14.7,95.0,8.4,9.39,93.3,High,
DB_1665_DSC,2023CS0504,Omkar Sen,11,249.1,8.5,27.94,95.0,7.9,9.39,85.6,High,
DB_1666_DSC,2024IT0505,Vivek Vashistha,3,113.7,4.22,15.78,70.0,4.7,5.09,47.5,Low,
DB_1666_AIML,2024IT0505,Vivek Vashistha,5,107.9,4.74,16.58,95.0,4.1,5.09,56.4,Medium,
DB_1666_ML,2024IT0505,Vivek Vashistha,3,195.0,1.6,10.35,90.0,4.8,5.09,52.7,Medium,
DB_1667_WD,2025AI0506,Tanvi Mathew,7,140.2,7.84,24.76,95.0,7.8,9.06,88.5,High,
DB_1667_CN,2025AI0506,Tanvi Mathew,10,260.7,8.3,22.1,95.0,8.1,9.06,83.9,High,
DB_1667_ML,2025AI0506,Tanvi Mathew,3,202.9,3.5,16.4,75.0,7.8,9.06,77.9,High,
DB_1668_CN,2023DS0507,Leena Ahuja,1,95.5,7.7,17.0,90.0,6.5,7.25,72.8,Medium,
DB_1668_DSC,2023DS0507,Leena Ahuja,9,205.9,5.86,19.9,95.0,6.3,7.25,69.1,Medium,
DB_1669_DS,2024EC0508,Vaishnavi Batra,6,135.8,5.78,17.72,100.0,5.6,5.66,66.1,Medium,
DB_1669_PY,2024EC0508,Vaishnavi Batra,4,80.3,5.52,14.14,80.0,5.6,5.66,57.9,Medium,
DB_1669_CN,2024EC0508,Vaishnavi Batra,3,73.4,6.7,14.03,75.0,5.1,5.66,64.6,Medium,
DB_1669_AIML,2024EC0508,Vaishnavi Batra,5,116.3,5.64,22.4,85.0,5.7,5.66,62.3,Medium,
DB_1670_PY,2025EE0509,Shweta Varghese,6,149.3,6.4,18.75,85.0,5.7,7.21,71.4,Medium,
DB_1670_CN,2025EE0509,Shweta Varghese,9,190.4,5.75,13.37,90.0,5.5,7.21,63.3,Medium,
DB_1670_AIML,2025EE0509,Shweta Varghese,8,161.3,5.95,27.1,95.0,6.2,7.21,68.6,Medium,
DB_1671_WD,2023ME0510,Harsh Sen,7,132.5,4.4,22.4,90.0,5.9,6.28,62.5,Medium,
DB_1671_CN,2023ME0510,Harsh Sen,7,155.8,5.64,16.44,85.0,5.6,6.28,63.1,Medium,
DB_1672_DS,2024CE0511,Ganesh Chakraborty,11,267.9,6.78,21.12,85.0,6.0,6.56,68.0,Medium,
DB_1672_PY,2024CE0511,Ganesh Chakraborty,11,264.4,6.4,16.87,85.0,6.4,6.56,65.6,Medium,
DB_1672_DSC,2024CE0511,Ganesh Chakraborty,8,203.1,6.4,15.65,90.0,6.6,6.56,72.1,Medium,
DB_1672_AIML,2024CE0511,Ganesh Chakraborty,9,196.1,5.8,24.5,85.0,6.7,6.56,69.4,Medium,
DB_1673_DS,2025CS0512,Gautam Ghosh,20,461.7,9.76,28.28,95.0,8.2,9.47,94.3,High,
DB_1673_DSC,2025CS0512,Gautam Ghosh,14,377.4,9.09,21.6,85.0,9.0,9.47,92.6,High,
DB_1673_AIML,2025CS0512,Gautam Ghosh,17,330.5,8.2,38.32,100.0,8.2,9.47,89.6,High,
DB_1673_ML,2025CS0512,Gautam Ghosh,3,204.9,5.0,18.9,100.0,8.4,9.47,97.0,High,
DB_1674_DS,2023IT0513,Ramesh Verma,8,141.7,9.61,27.93,100.0,8.8,9.16,92.1,High,
DB_1674_WD,2023IT0513,Ramesh Verma,16,424.0,8.9,27.85,100.0,9.5,9.16,95.2,High,
DB_1674_ML,2023IT0513,Ramesh Verma,3,198.8,4.7,20.0,95.0,9.6,9.16,96.6,High,
DB_1675_DS,2024AI0514,Heena Anand,13,320.6,5.71,18.06,100.0,5.9,5.73,66.2,Medium,
DB_1675_DSC,2024AI0514,Heena Anand,13,332.9,5.3,20.52,90.0,6.1,5.73,65.7,Medium,
DB_1675_AIML,2024AI0514,Heena Anand,4,88.4,6.45,24.88,80.0,6.0,5.73,63.0,Medium,
DB_1675_ML,2024AI0514,Heena Anand,3,192.9,3.6,12.0,95.0,6.0,5.73,68.1,Medium,
DB_1676_PY,2025DS0515,Chirag Mathew,12,251.9,5.9,17.85,85.0,6.0,6.08,68.1,Medium,
DB_1676_WD,2025DS0515,Chirag Mathew,8,206.4,7.3,18.2,80.0,6.6,6.08,67.6,Medium,
DB_1676_CN,2025DS0515,Chirag Mathew,9,147.6,5.9,17.79,90.0,6.4,6.08,69.0,Medium,
DB_1676_ML,2025DS0515,Chirag Mathew,2,169.2,3.7,12.9,90.0,6.5,6.08,73.5,Medium,
DB_1677_CN,2023EC0516,Atharva Rao,11,278.8,6.05,16.93,95.0,6.6,6.16,67.5,Medium,
DB_1677_AIML,2023EC0516,Atharva Rao,3,80.4,7.2,31.52,80.0,6.2,6.16,68.6,Medium,
DB_1677_ML,2023EC0516,Atharva Rao,3,198.8,3.4,13.3,85.0,5.9,6.16,68.8,Medium,
DB_1678_WD,2024EE0517,Pallavi Joseph,8,276.1,5.71,17.98,95.0,6.2,6.58,72.9,Medium,
DB_1678_DSC,2024EE0517,Pallavi Joseph,7,187.7,5.62,19.02,100.0,6.7,6.58,69.4,Medium,
DB_1678_ML,2024EE0517,Pallavi Joseph,2,156.0,2.5,12.1,90.0,6.0,6.58,63.1,Medium,
DB_1679_PY,2025ME0518,Devanshi Deshmukh,7,137.7,6.54,15.67,70.0,6.1,7.14,68.9,Medium,
DB_1679_DSC,2025ME0518,Devanshi Deshmukh,10,231.2,5.54,24.05,85.0,5.4,7.14,66.0,Medium,
DB_1680_AIML,2023CE0519,Nisha Sanyal,12,251.7,7.9,29.41,85.0,7.2,7.72,79.6,High,
DB_1680_ML,2023CE0519,Nisha Sanyal,2,148.3,3.8,14.6,85.0,7.3,7.72,75.4,High,
DB_1681_DS,2024CS0520,Navya Agarwal,11,287.9,4.55,17.78,70.0,5.5,5.49,55.3,Medium,
DB_1681_CN,2024CS0520,Navya Agarwal,5,138.8,5.17,14.57,80.0,5.8,5.49,60.0,Medium,
DB_1682_PY,2025IT0521,Vihaan Suri,10,203.0,7.74,31.9,95.0,8.0,8.21,88.1,High,
DB_1682_CN,2025IT0521,Vihaan Suri,9,159.9,8.13,22.03,95.0,7.4,8.21,81.2,High,
DB_1682_ML,2025IT0521,Vihaan Suri,3,195.6,3.9,16.9,95.0,8.0,8.21,86.2,High,
DB_1683_PY,2023AI0522,Kiran Mahajan,6,133.4,7.8,22.05,90.0,7.0,7.27,76.6,High,
DB_1683_DSC,2023AI0522,Kiran Mahajan,11,273.4,7.5,25.32,95.0,7.1,7.27,80.2,High,
DB_1684_DS,2024DS0523,Sneha Singhal,9,166.5,4.7,14.3,90.0,5.5,6.16,63.3,Medium,
DB_1684_ML,2024DS0523,Sneha Singhal,3,200.7,3.3,12.9,85.0,5.6,6.16,68.0,Medium,
DB_1685_CN,2025EC0524,Rajendra Das,6,174.4,6.92,19.71,95.0,7.3,8.15,79.8,High,
DB_1685_AIML,2025EC0524,Rajendra Das,9,168.4,7.6,30.77,95.0,6.4,8.15,79.1,High,
DB_1685_ML,2025EC0524,Rajendra Das,3,207.3,2.9,13.1,85.0,6.6,8.15,71.7,Medium,
DB_1686_CN,2023EE0525,Pranav Nambiar,8,197.5,7.0,15.75,90.0,6.9,6.89,78.8,High,
DB_1686_AIML,2023EE0525,Pranav Nambiar,9,180.1,6.85,26.7,90.0,7.2,6.89,72.5,Medium,
DB_1687_DS,2024ME0526,Sneha Mishra,5,91.8,6.51,17.18,70.0,6.1,6.33,66.5,Medium,
DB_1687_WD,2024ME0526,Sneha Mishra,6,299.4,5.51,19.0,80.0,6.3,6.33,65.0,Medium,
DB_1687_AIML,2024ME0526,Sneha Mishra,4,82.9,5.4,23.96,80.0,6.2,6.33,62.2,Medium,
DB_1688_DS,2025CE0527,Kabir Prajapat,6,113.2,6.28,17.34,85.0,5.9,5.19,65.9,Medium,
DB_1688_PY,2025CE0527,Kabir Prajapat,8,221.1,6.9,17.22,85.0,5.5,5.19,64.6,Medium,
DB_1688_WD,2025CE0527,Kabir Prajapat,8,229.2,5.46,16.35,80.0,5.7,5.19,57.3,Medium,
DB_1689_PY,2023CS0528,Navya Iyer,6,104.9,9.08,26.43,100.0,8.6,8.86,93.7,High,
DB_1689_AIML,2023CS0528,Navya Iyer,11,214.7,9.13,36.67,100.0,9.1,8.86,93.9,High,
DB_1689_ML,2023CS0528,Navya Iyer,3,192.3,5.0,18.4,100.0,8.7,8.86,93.0,High,
DB_1690_DS,2024IT0529,Garima Bhatia,15,370.1,6.6,25.2,90.0,7.6,7.82,72.8,Medium,
DB_1690_AIML,2024IT0529,Garima Bhatia,9,200.1,8.4,19.9,95.0,7.7,7.82,77.2,High,
DB_1691_DS,2025AI0530,Anjali Rao,5,98.7,5.21,15.67,90.0,4.8,6.15,63.3,Medium,
DB_1691_PY,2025AI0530,Anjali Rao,4,124.0,4.75,15.43,90.0,4.9,6.15,56.6,Medium,
DB_1691_WD,2025AI0530,Anjali Rao,10,318.4,6.13,21.8,90.0,5.0,6.15,62.5,Medium,
DB_1692_PY,2023DS0531,Manish Banerjee,14,298.3,8.26,20.16,85.0,7.7,7.79,80.7,High,
DB_1692_WD,2023DS0531,Manish Banerjee,9,231.9,6.96,24.97,90.0,7.3,7.79,81.3,High,
DB_1692_CN,2023DS0531,Manish Banerjee,8,181.6,7.8,19.59,90.0,7.1,7.79,82.2,High,
DB_1693_PY,2024EC0532,Karishma Kohli,12,283.6,9.36,25.23,95.0,8.8,9.36,92.5,High,
DB_1693_DSC,2024EC0532,Karishma Kohli,17,415.5,7.9,31.09,90.0,8.5,9.36,92.7,High,
DB_1694_DS,2025EE0533,Ramesh Joshi,7,208.6,8.77,23.43,90.0,8.5,9.38,91.3,High,
DB_1694_WD,2025EE0533,Ramesh Joshi,5,89.7,8.93,26.79,90.0,8.4,9.38,90.2,High,
DB_1694_ML,2025EE0533,Ramesh Joshi,3,186.0,5.0,18.15,100.0,8.1,9.38,96.0,High,
DB_1695_PY,2023ME0534,Ajay Bhat,5,149.6,6.0,20.7,65.0,4.3,5.19,55.1,Medium,
DB_1695_WD,2023ME0534,Ajay Bhat,9,201.0,4.78,14.95,80.0,4.9,5.19,54.4,Medium,
DB_1695_CN,2023ME0534,Ajay Bhat,8,138.2,3.8,13.78,85.0,4.6,5.19,56.5,Medium,
DB_1695_ML,2023ME0534,Ajay Bhat,3,202.2,2.3,8.25,95.0,4.4,5.19,52.3,Medium,
DB_1696_DS,2024CE0535,Chetna Ganguly,6,111.0,6.9,19.87,85.0,6.4,7.55,73.2,Medium,
DB_1696_PY,2024CE0535,Chetna Ganguly,9,171.9,6.58,14.42,80.0,6.5,7.55,69.0,Medium,
DB_1696_WD,2024CE0535,Chetna Ganguly,5,103.7,6.67,18.26,90.0,6.8,7.55,74.9,Medium,
DB_1696_ML,2024CE0535,Chetna Ganguly,3,194.9,2.7,11.2,85.0,6.6,7.55,63.3,Medium,
DB_1697_PY,2025CS0536,Hiten Bhasin,6,193.3,6.17,17.35,85.0,4.8,5.82,62.1,Medium,
DB_1697_ML,2025CS0536,Hiten Bhasin,3,183.4,2.4,12.15,65.0,5.1,5.82,59.4,Medium,
DB_1698_DS,2023IT0537,Shweta Talwar,12,392.6,7.18,22.6,80.0,7.3,7.21,72.3,Medium,
DB_1698_PY,2023IT0537,Shweta Talwar,5,91.7,7.06,19.98,85.0,6.7,7.21,71.3,Medium,
DB_1698_ML,2023IT0537,Shweta Talwar,3,199.8,4.0,15.4,85.0,6.7,7.21,75.4,High,
DB_1699_DS,2024AI0538,Ashish Majumdar,12,194.8,8.8,28.89,95.0,8.5,9.22,89.6,High,
DB_1699_WD,2024AI0538,Ashish Majumdar,10,189.7,9.6,26.24,100.0,8.7,9.22,94.9,High,
DB_1699_CN,2024AI0538,Ashish Majumdar,10,212.5,7.77,25.43,100.0,8.4,9.22,93.1,High,
DB_1699_ML,2024AI0538,Ashish Majumdar,3,194.9,5.0,17.35,90.0,9.0,9.22,93.6,High,
DB_1700_PY,2025DS0539,Divya Maurya,9,200.2,9.1,25.28,95.0,8.9,8.96,94.8,High,
DB_1700_WD,2025DS0539,Divya Maurya,6,122.3,8.79,23.43,100.0,8.9,8.96,91.2,High,
DB_1700_CN,2025DS0539,Divya Maurya,15,354.6,8.87,26.32,90.0,9.1,8.96,89.9,High,
DB_1700_AIML,2025DS0539,Divya Maurya,5,125.2,9.44,33.88,90.0,8.7,8.96,88.8,High,
DB_1701_DS,2023EC0540,Kiara Singhal,10,304.7,5.15,16.08,95.0,5.6,5.42,64.8,Medium,
DB_1701_PY,2023EC0540,Kiara Singhal,6,160.2,6.1,15.53,95.0,5.6,5.42,63.2,Medium,
DB_1701_CN,2023EC0540,Kiara Singhal,6,132.7,4.79,14.39,85.0,5.1,5.42,58.9,Medium,
DB_1701_AIML,2023EC0540,Kiara Singhal,3,67.4,5.3,21.86,80.0,4.9,5.42,59.3,Medium,
DB_1702_PY,2024EE0541,Mahesh Ahuja,21,460.8,9.7,28.5,100.0,9.5,9.47,94.1,High,
DB_1702_DSC,2024EE0541,Mahesh Ahuja,10,279.0,8.76,31.12,90.0,9.7,9.47,97.5,High,
DB_1703_PY,2025ME0542,Lokesh D'Souza,21,441.2,9.82,30.03,100.0,9.4,9.3,98.0,High,
DB_1703_WD,2025ME0542,Lokesh D'Souza,15,388.3,8.3,29.93,100.0,9.8,9.3,94.4,High,
DB_1703_CN,2025ME0542,Lokesh D'Souza,12,194.8,9.8,26.52,90.0,9.6,9.3,94.9,High,
DB_1703_ML,2025ME0542,Lokesh D'Souza,2,140.2,4.6,17.8,85.0,9.4,9.3,90.6,High,
DB_1704_DS,2023CE0543,Preeti Talwar,5,98.3,5.15,16.6,65.0,5.2,5.81,54.0,Medium,
DB_1704_PY,2023CE0543,Preeti Talwar,12,279.2,5.23,13.53,85.0,5.2,5.81,57.6,Medium,
DB_1704_WD,2023CE0543,Preeti Talwar,5,194.1,4.87,15.59,90.0,4.4,5.81,57.1,Medium,
DB_1704_DSC,2023CE0543,Preeti Talwar,4,68.6,4.56,16.85,75.0,4.5,5.81,54.7,Medium,
DB_1705_DS,2024CS0544,Dhruv Duggal,13,334.6,9.5,35.0,95.0,9.3,9.04,97.6,High,
DB_1705_CN,2024CS0544,Dhruv Duggal,14,266.4,10.0,23.74,85.0,9.4,9.04,91.2,High,
DB_1705_AIML,2024CS0544,Dhruv Duggal,17,333.8,9.61,38.77,100.0,9.5,9.04,94.6,High,
DB_1706_WD,2025IT0545,Priyanka Shah,7,194.1,7.36,21.22,90.0,7.7,7.79,82.0,High,
DB_1706_CN,2025IT0545,Priyanka Shah,6,129.0,7.24,19.87,85.0,7.4,7.79,81.4,High,
DB_1707_WD,2023AI0546,Yamini Roy,8,230.8,3.9,11.5,90.0,4.2,5.35,55.4,Medium,
DB_1707_CN,2023AI0546,Yamini Roy,9,241.5,4.89,12.3,85.0,4.1,5.35,53.0,Medium,
DB_1707_ML,2023AI0546,Yamini Roy,2,176.1,2.7,10.6,85.0,4.1,5.35,58.4,Medium,
DB_1708_DS,2024DS0547,Pragya Bose,19,430.8,6.67,23.24,80.0,6.8,6.72,70.8,Medium,
DB_1708_AIML,2024DS0547,Pragya Bose,6,123.6,7.23,31.8,95.0,7.6,6.72,80.3,High,
DB_1709_CN,2025EC0548,Tushar Pandey,9,193.3,5.15,8.6,85.0,4.9,6.05,61.2,Medium,
DB_1709_DSC,2025EC0548,Tushar Pandey,7,171.4,4.03,17.5,85.0,4.6,6.05,60.1,Medium,
DB_1710_WD,2023EE0549,Rahul Chatterjee,7,160.9,6.68,22.2,95.0,6.8,7.86,78.0,High,
DB_1710_CN,2023EE0549,Rahul Chatterjee,7,146.4,7.9,22.1,90.0,7.4,7.86,80.0,High,
DB_1711_DS,2024ME0550,Sanjay Ghosh,6,116.0,6.29,19.32,85.0,5.7,5.29,62.0,Medium,
DB_1711_PY,2024ME0550,Sanjay Ghosh,6,94.4,5.98,15.1,95.0,5.4,5.29,66.7,Medium,
DB_1711_DSC,2024ME0550,Sanjay Ghosh,6,123.5,6.31,17.41,95.0,6.0,5.29,67.0,Medium,
DB_1711_AIML,2024ME0550,Sanjay Ghosh,8,181.2,6.0,27.28,90.0,6.0,5.29,67.9,Medium,
DB_1712_PY,2025CE0551,Pallavi Iyer,10,216.3,6.9,21.53,80.0,7.7,7.29,75.1,High,
DB_1712_WD,2025CE0551,Pallavi Iyer,13,358.8,7.6,17.4,90.0,7.4,7.29,77.1,High,
DB_1712_AIML,2025CE0551,Pallavi Iyer,5,103.0,8.0,31.07,90.0,7.4,7.29,76.9,High,
DB_1712_ML,2025CE0551,Pallavi Iyer,1,131.5,3.9,14.9,95.0,7.6,7.29,78.9,High,
DB_1713_DS,2023CS0552,Suresh Sharma,6,156.3,8.95,26.15,90.0,8.2,9.17,89.3,High,
DB_1713_PY,2023CS0552,Suresh Sharma,13,259.6,8.4,16.6,90.0,8.3,9.17,83.2,High,
DB_1713_DSC,2023CS0552,Suresh Sharma,14,384.7,9.03,31.9,90.0,8.4,9.17,90.0,High,
DB_1714_CN,2024IT0553,Chinmay Garg,9,187.2,6.4,25.8,95.0,6.8,6.62,77.8,High,
DB_1714_DSC,2024IT0553,Chinmay Garg,12,330.1,8.6,23.37,95.0,6.9,6.62,83.1,High,
DB_1714_AIML,2024IT0553,Chinmay Garg,8,188.4,7.15,27.23,95.0,6.9,6.62,77.3,High,
DB_1715_PY,2025AI0554,Bhumika Lamba,10,272.3,7.03,17.62,90.0,6.5,7.64,76.1,High,
DB_1715_AIML,2025AI0554,Bhumika Lamba,11,231.6,6.4,27.29,95.0,6.5,7.64,74.2,Medium,
DB_1716_DS,2023DS0555,Prisha Joseph,17,480.0,7.83,20.93,95.0,7.3,8.24,81.5,High,
DB_1716_PY,2023DS0555,Prisha Joseph,12,284.3,9.4,21.05,100.0,7.4,8.24,84.9,High,
DB_1716_DSC,2023DS0555,Prisha Joseph,12,349.4,8.38,27.9,90.0,7.3,8.24,82.6,High,
DB_1717_CN,2024EC0556,Krishna Chakraborty,9,213.5,7.28,19.1,90.0,7.5,7.73,76.2,High,
DB_1717_DSC,2024EC0556,Krishna Chakraborty,4,95.1,7.4,24.8,85.0,7.9,7.73,83.9,High,
DB_1717_AIML,2024EC0556,Krishna Chakraborty,7,164.6,7.3,24.55,95.0,7.8,7.73,81.0,High,
DB_1717_ML,2024EC0556,Krishna Chakraborty,2,161.2,3.4,14.6,90.0,7.9,7.73,78.3,High,
DB_1718_DS,2025EE0557,Vijay Awasthi,4,61.9,4.42,15.54,75.0,5.1,5.99,56.7,Medium,
DB_1718_PY,2025EE0557,Vijay Awasthi,8,206.0,4.82,11.1,70.0,5.1,5.99,53.1,Medium,
DB_1718_AIML,2025EE0557,Vijay Awasthi,6,148.6,5.18,18.63,90.0,5.2,5.99,59.4,Medium,
DB_1719_PY,2023ME0558,Kiran Pathak,20,404.8,9.4,26.9,100.0,8.8,9.79,91.2,High,
DB_1719_DSC,2023ME0558,Kiran Pathak,15,351.5,7.85,41.2,95.0,8.7,9.79,89.5,High,
DB_1719_AIML,2023ME0558,Kiran Pathak,12,238.6,9.21,37.09,85.0,8.6,9.79,89.9,High,
DB_1720_DS,2024CE0559,Myra Iyer,8,270.8,5.8,15.6,95.0,5.2,5.67,63.0,Medium,
DB_1720_CN,2024CE0559,Myra Iyer,10,214.5,5.67,14.88,80.0,5.6,5.67,61.8,Medium,
DB_1720_ML,2024CE0559,Myra Iyer,3,196.8,2.4,12.6,85.0,5.1,5.67,62.5,Medium,
DB_1721_PY,2025CS0560,Anjali Chakraborty,12,293.4,8.7,18.48,100.0,7.5,8.16,86.5,High,
DB_1721_WD,2025CS0560,Anjali Chakraborty,16,314.6,7.87,24.58,95.0,7.7,8.16,82.4,High,
DB_1722_PY,2023IT0561,Tushar Bhatia,9,197.8,7.16,20.72,90.0,7.6,8.41,78.4,High,
DB_1722_AIML,2023IT0561,Tushar Bhatia,7,149.8,7.35,31.23,80.0,6.9,8.41,77.7,High,
DB_1723_DS,2024AI0562,Bhavya Pandey,8,296.3,6.37,20.35,95.0,5.5,6.17,63.9,Medium,
DB_1723_PY,2024AI0562,Bhavya Pandey,7,158.5,6.4,15.87,85.0,6.1,6.17,65.0,Medium,
DB_1723_DSC,2024AI0562,Bhavya Pandey,7,156.8,6.67,25.45,85.0,6.4,6.17,68.7,Medium,
DB_1723_AIML,2024AI0562,Bhavya Pandey,9,206.8,5.99,25.8,90.0,6.3,6.17,70.3,Medium,
DB_1724_DS,2025DS0563,Isha Dutta,11,291.7,8.75,23.85,100.0,8.1,8.01,84.6,High,
DB_1724_WD,2025DS0563,Isha Dutta,7,199.5,9.05,24.25,75.0,8.0,8.01,84.4,High,
DB_1724_DSC,2025DS0563,Isha Dutta,13,328.2,7.8,27.2,90.0,7.4,8.01,83.7,High,
DB_1725_PY,2023EC0564,Kapil Mishra,7,210.0,6.35,14.15,95.0,7.0,7.3,71.4,Medium,
DB_1725_WD,2023EC0564,Kapil Mishra,10,243.6,6.24,19.2,90.0,6.4,7.3,71.6,Medium,
DB_1725_CN,2023EC0564,Kapil Mishra,10,206.2,7.05,18.77,95.0,6.8,7.3,76.3,High,
DB_1725_ML,2023EC0564,Kapil Mishra,2,173.4,3.8,12.3,80.0,7.0,7.3,69.4,Medium,
DB_1726_CN,2024EE0565,Kriti Choudhury,4,87.4,6.92,18.54,80.0,7.1,6.55,69.4,Medium,
DB_1726_DSC,2024EE0565,Kriti Choudhury,6,125.6,7.3,31.7,75.0,6.5,6.55,73.8,Medium,
DB_1726_AIML,2024EE0565,Kriti Choudhury,11,214.9,7.1,28.02,90.0,6.5,6.55,71.1,Medium,
DB_1726_ML,2024EE0565,Kriti Choudhury,3,193.5,3.1,12.8,75.0,6.2,6.55,63.5,Medium,
DB_1727_DS,2025ME0566,Shilpa Banerjee,8,139.5,9.09,22.54,95.0,8.2,8.09,88.7,High,
DB_1727_PY,2025ME0566,Shilpa Banerjee,8,202.9,8.57,21.5,95.0,8.3,8.09,86.3,High,
DB_1727_WD,2025ME0566,Shilpa Banerjee,18,461.5,9.07,26.25,95.0,8.7,8.09,88.5,High,
DB_1728_PY,2023CE0567,Girish Patil,14,298.4,8.98,26.56,100.0,8.5,8.57,93.5,High,
DB_1728_DSC,2023CE0567,Girish Patil,5,105.5,7.0,35.47,95.0,9.2,8.57,93.0,High,
DB_1728_ML,2023CE0567,Girish Patil,3,190.8,4.9,18.9,95.0,9.1,8.57,95.4,High,
DB_1729_PY,2024CS0568,Darsh Reddy,5,94.6,7.4,19.93,95.0,6.8,7.41,75.5,High,
DB_1729_WD,2024CS0568,Darsh Reddy,7,160.9,6.65,28.18,100.0,7.6,7.41,80.8,High,
DB_1729_CN,2024CS0568,Darsh Reddy,11,269.1,7.37,18.95,70.0,6.8,7.41,73.8,Medium,
DB_1729_ML,2024CS0568,Darsh Reddy,2,173.4,4.1,15.35,90.0,7.6,7.41,78.7,High,
DB_1730_PY,2025IT0569,Aniket D'Souza,14,302.4,8.7,23.23,95.0,8.2,8.45,84.6,High,
DB_1730_WD,2025IT0569,Aniket D'Souza,12,315.4,9.8,26.3,95.0,8.5,8.45,91.0,High,
DB_1730_AIML,2025IT0569,Aniket D'Souza,7,161.4,8.25,33.78,90.0,8.5,8.45,86.4,High,
DB_1730_ML,2025IT0569,Aniket D'Souza,2,153.6,4.3,18.6,95.0,8.4,8.45,89.4,High,
DB_1731_DS,2023AI0570,Shweta Bhattacharya,16,356.3,9.3,26.83,95.0,8.9,9.32,91.3,High,
DB_1731_ML,2023AI0570,Shweta Bhattacharya,3,196.4,4.0,19.4,95.0,8.4,9.32,88.9,High,
DB_1732_DS,2024DS0571,Preeti Varghese,13,278.8,7.17,25.75,95.0,6.9,6.73,73.7,Medium,
DB_1732_PY,2024DS0571,Preeti Varghese,11,268.1,6.71,19.63,95.0,6.4,6.73,72.4,Medium,
DB_1732_CN,2024DS0571,Preeti Varghese,6,192.4,5.85,19.19,95.0,7.0,6.73,72.0,Medium,
DB_1732_ML,2024DS0571,Preeti Varghese,2,179.1,4.1,12.9,80.0,6.5,6.73,71.1,Medium,
DB_1733_DS,2025EC0572,Aadhya Bhat,16,418.0,9.3,32.2,100.0,8.8,8.6,93.7,High,
DB_1733_PY,2025EC0572,Aadhya Bhat,7,113.6,8.3,27.77,100.0,8.4,8.6,90.5,High,
DB_1733_ML,2025EC0572,Aadhya Bhat,3,193.7,4.4,18.85,90.0,9.1,8.6,89.5,High,
DB_1734_PY,2023EE0573,Avani Tripathi,11,298.8,5.81,15.7,85.0,5.6,5.19,65.3,Medium,
DB_1734_WD,2023EE0573,Avani Tripathi,8,250.7,6.8,16.37,75.0,5.2,5.19,61.7,Medium,
DB_1734_CN,2023EE0573,Avani Tripathi,3,98.3,4.95,12.56,90.0,5.0,5.19,60.1,Medium,
DB_1734_AIML,2023EE0573,Avani Tripathi,3,72.8,5.89,25.13,90.0,5.0,5.19,65.1,Medium,
DB_1735_CN,2024ME0574,Ramesh Pathak,5,150.6,3.35,13.93,80.0,4.8,5.36,57.0,Medium,
DB_1735_DSC,2024ME0574,Ramesh Pathak,7,142.2,4.4,11.6,80.0,4.7,5.36,58.5,Medium,
DB_1736_DSC,2025CE0575,Bhupendra Thomas,12,270.2,8.02,28.88,85.0,8.3,7.89,84.4,High,
DB_1736_AIML,2025CE0575,Bhupendra Thomas,6,124.8,8.85,40.5,90.0,8.1,7.89,89.6,High,
DB_1737_DS,2023CS0576,Meera Bajaj,7,262.4,6.4,15.7,90.0,6.8,7.68,73.7,Medium,
DB_1737_CN,2023CS0576,Meera Bajaj,8,216.5,3.3,18.95,95.0,6.8,7.68,73.7,Medium,
DB_1737_DSC,2023CS0576,Meera Bajaj,8,210.7,6.34,20.94,85.0,6.2,7.68,71.1,Medium,
DB_1737_AIML,2023CS0576,Meera Bajaj,6,149.5,6.45,29.27,85.0,7.0,7.68,73.3,Medium,
DB_1738_DS,2024IT0577,Kavya Singhal,10,319.8,6.92,19.71,90.0,6.5,6.08,69.7,Medium,
DB_1738_WD,2024IT0577,Kavya Singhal,4,141.2,6.13,20.31,90.0,6.4,6.08,67.0,Medium,
DB_1738_CN,2024IT0577,Kavya Singhal,9,243.8,7.6,18.34,90.0,6.5,6.08,74.5,Medium,
DB_1738_ML,2024IT0577,Kavya Singhal,3,194.0,2.8,13.35,80.0,6.4,6.08,65.0,Medium,
DB_1739_DS,2025AI0578,Rahul Lamba,12,349.4,6.33,21.63,90.0,7.2,6.83,71.5,Medium,
DB_1739_CN,2025AI0578,Rahul Lamba,9,200.3,7.22,15.9,80.0,6.7,6.83,74.5,Medium,
DB_1740_DS,2023DS0579,Shaurya Goyal,13,332.0,5.7,16.63,75.0,6.0,6.19,62.2,Medium,
DB_1740_CN,2023DS0579,Shaurya Goyal,11,225.9,4.27,14.96,85.0,5.4,6.19,62.4,Medium,
DB_1740_DSC,2023DS0579,Shaurya Goyal,6,106.5,4.76,20.04,90.0,5.3,6.19,63.8,Medium,
DB_1740_ML,2023DS0579,Shaurya Goyal,1,132.4,3.2,14.1,90.0,5.7,6.19,68.5,Medium,
DB_1741_DS,2024EC0580,Ojaswi Pinto,11,266.6,6.59,19.4,85.0,6.1,6.55,71.2,Medium,
DB_1741_ML,2024EC0580,Ojaswi Pinto,1,147.2,3.0,13.75,80.0,6.3,6.55,66.8,Medium,
DB_1742_PY,2025EE0581,Shruti Nambiar,8,266.2,6.97,17.3,85.0,5.9,5.48,64.6,Medium,
DB_1742_WD,2025EE0581,Shruti Nambiar,11,249.6,5.87,19.04,90.0,5.7,5.48,68.2,Medium,
DB_1742_CN,2025EE0581,Shruti Nambiar,5,103.6,5.0,16.5,95.0,5.9,5.48,69.1,Medium,
DB_1742_ML,2025EE0581,Shruti Nambiar,3,205.0,2.7,13.5,90.0,5.9,5.48,65.4,Medium,
DB_1743_CN,2023ME0582,Reyansh Mehta,3,60.8,4.62,13.0,85.0,4.5,5.6,56.0,Medium,
DB_1743_DSC,2023ME0582,Reyansh Mehta,9,263.4,5.4,15.07,90.0,4.9,5.6,60.5,Medium,
DB_1743_AIML,2023ME0582,Reyansh Mehta,4,87.5,5.43,17.27,85.0,4.7,5.6,59.3,Medium,
DB_1743_ML,2023ME0582,Reyansh Mehta,3,184.8,2.6,12.9,90.0,5.3,5.6,66.4,Medium,
DB_1744_DS,2024CE0583,Anand Dubey,6,159.8,4.17,14.21,85.0,4.2,5.35,53.7,Medium,
DB_1744_PY,2024CE0583,Anand Dubey,6,153.7,5.55,12.15,80.0,4.2,5.35,57.7,Medium,
DB_1744_CN,2024CE0583,Anand Dubey,5,126.8,4.63,10.48,70.0,4.1,5.35,57.0,Medium,
DB_1744_AIML,2024CE0583,Anand Dubey,12,239.7,4.72,14.5,90.0,4.7,5.35,55.7,Medium,
DB_1745_CN,2025CS0584,Garima Ahuja,11,193.7,6.65,20.97,95.0,6.8,6.47,77.1,High,
DB_1745_DSC,2025CS0584,Garima Ahuja,12,265.2,6.82,24.33,95.0,7.0,6.47,77.1,High,
DB_1745_ML,2025CS0584,Garima Ahuja,2,176.2,4.0,14.6,95.0,6.7,6.47,75.3,High,
DB_1746_WD,2023IT0585,Sai Ganguly,11,302.5,6.55,16.1,95.0,7.4,7.68,75.5,High,
DB_1746_ML,2023IT0585,Sai Ganguly,3,194.5,4.4,14.6,70.0,6.7,7.68,76.3,High,
DB_1747_PY,2024AI0586,Kavita Thomas,7,146.4,7.4,14.4,85.0,6.0,5.89,74.8,Medium,
DB_1747_CN,2024AI0586,Kavita Thomas,8,209.2,5.82,21.4,95.0,6.1,5.89,68.6,Medium,
DB_1748_DS,2025DS0587,Garima Kumar,13,358.7,8.1,20.37,85.0,7.2,7.86,83.6,High,
DB_1748_PY,2025DS0587,Garima Kumar,7,138.3,8.25,21.93,90.0,7.8,7.86,84.6,High,
DB_1748_WD,2025DS0587,Garima Kumar,8,231.7,8.3,19.8,100.0,7.6,7.86,82.0,High,
DB_1748_CN,2025DS0587,Garima Kumar,8,164.0,7.06,22.03,90.0,7.0,7.86,82.4,High,
DB_1749_WD,2023EC0588,Yamini Sanyal,9,329.7,5.4,11.47,80.0,4.6,5.36,56.2,Medium,
DB_1749_AIML,2023EC0588,Yamini Sanyal,10,186.0,5.64,20.53,85.0,4.8,5.36,58.9,Medium,
DB_1750_PY,2024EE0589,Shubham Mahajan,9,170.0,7.1,17.57,85.0,6.5,5.87,67.1,Medium,
DB_1750_WD,2024EE0589,Shubham Mahajan,6,108.8,5.62,18.95,85.0,5.9,5.87,64.6,Medium,
DB_1750_AIML,2024EE0589,Shubham Mahajan,6,116.2,6.46,25.64,85.0,5.8,5.87,67.3,Medium,
DB_1751_WD,2025ME0590,Shreya Kaushik,10,285.2,7.34,20.04,95.0,7.3,6.38,76.3,High,
DB_1751_CN,2025ME0590,Shreya Kaushik,13,286.7,7.5,20.14,85.0,6.7,6.38,77.7,High,
DB_1751_AIML,2025ME0590,Shreya Kaushik,11,210.0,7.52,28.58,75.0,6.5,6.38,70.2,Medium,
DB_1752_DS,2023CE0591,Pari Mathew,24,573.4,9.57,28.8,100.0,9.7,9.61,98.0,High,
DB_1752_PY,2023CE0591,Pari Mathew,19,429.6,9.91,23.77,95.0,9.2,9.61,93.4,High,
DB_1752_AIML,2023CE0591,Pari Mathew,11,212.4,9.34,38.87,90.0,9.1,9.61,95.6,High,
DB_1752_ML,2023CE0591,Pari Mathew,3,190.6,5.0,19.4,95.0,9.8,9.61,95.1,High,
DB_1753_DS,2024CS0592,Tanmay Tandon,8,136.7,5.9,22.0,70.0,6.0,5.92,65.4,Medium,
DB_1753_CN,2024CS0592,Tanmay Tandon,4,146.7,5.45,17.72,85.0,6.2,5.92,65.9,Medium,
DB_1753_DSC,2024CS0592,Tanmay Tandon,5,182.0,5.92,17.88,85.0,5.5,5.92,70.6,Medium,
DB_1754_DS,2025IT0593,Diya Garg,12,294.5,8.93,42.5,95.0,8.8,8.2,89.4,High,
DB_1754_PY,2025IT0593,Diya Garg,12,300.3,8.5,26.0,85.0,8.9,8.2,85.0,High,
DB_1754_CN,2025IT0593,Diya Garg,7,117.9,8.17,19.8,85.0,8.3,8.2,90.7,High,
DB_1754_DSC,2025IT0593,Diya Garg,7,148.4,8.31,28.13,100.0,8.3,8.2,89.4,High,
DB_1755_DS,2023AI0594,Lata Malhotra,10,310.3,6.34,14.93,90.0,6.1,6.99,69.7,Medium,
DB_1755_PY,2023AI0594,Lata Malhotra,14,272.6,5.8,17.12,90.0,5.8,6.99,65.5,Medium,
DB_1755_CN,2023AI0594,Lata Malhotra,5,125.2,5.83,16.09,85.0,6.1,6.99,65.9,Medium,
DB_1755_ML,2023AI0594,Lata Malhotra,2,158.5,2.3,12.65,80.0,6.3,6.99,66.2,Medium,
DB_1756_DS,2024DS0595,Nikhil Mahajan,14,419.9,8.47,20.68,100.0,8.7,9.69,89.9,High,
DB_1756_PY,2024DS0595,Nikhil Mahajan,15,389.4,9.03,22.74,90.0,8.1,9.69,90.6,High,
DB_1756_WD,2024DS0595,Nikhil Mahajan,9,220.1,7.97,32.07,90.0,8.8,9.69,91.7,High,
DB_1757_CN,2025EC0596,Vipul Bishnoi,12,251.0,7.93,21.12,90.0,8.9,8.76,89.9,High,
DB_1757_DSC,2025EC0596,Vipul Bishnoi,8,226.7,9.4,28.32,95.0,8.5,8.76,92.1,High,
DB_1757_AIML,2025EC0596,Vipul Bishnoi,14,275.2,8.98,38.7,95.0,8.0,8.76,87.9,High,
DB_1757_ML,2025EC0596,Vipul Bishnoi,3,193.9,4.6,18.4,95.0,8.9,8.76,90.7,High,
DB_1758_WD,2023EE0597,Nitin Pinto,15,340.6,7.9,33.67,95.0,9.2,9.74,92.4,High,
DB_1758_AIML,2023EE0597,Nitin Pinto,18,349.8,9.62,38.85,95.0,9.2,9.74,97.9,High,
DB_1759_WD,2024ME0598,Urvashi Agarwal,4,84.2,8.45,28.46,90.0,8.8,8.54,87.4,High,
DB_1759_CN,2024ME0598,Urvashi Agarwal,12,209.1,8.68,22.9,95.0,9.0,8.54,93.5,High,
DB_1759_ML,2024ME0598,Urvashi Agarwal,3,204.0,4.8,16.1,95.0,8.8,8.54,89.8,High,
DB_1760_DS,2025CE0599,Vikram Chauhan,3,62.3,5.73,20.64,85.0,5.8,6.02,69.2,Medium,
DB_1760_WD,2025CE0599,Vikram Chauhan,10,261.5,5.74,21.7,95.0,6.0,6.02,67.8,Medium,
DB_1760_CN,2025CE0599,Vikram Chauhan,8,197.5,4.0,20.23,80.0,6.4,6.02,72.3,Medium,
DB_1760_DSC,2025CE0599,Vikram Chauhan,10,255.4,6.48,13.2,90.0,6.5,6.02,71.4,Medium,
DB_1761_PY,2023CS0600,Devendra Tripathi,20,432.9,9.62,24.35,90.0,9.2,9.73,95.7,High,
DB_1761_DSC,2023CS0600,Devendra Tripathi,17,415.2,8.81,28.52,100.0,9.2,9.73,98.0,High,
DB_1761_AIML,2023CS0600,Devendra Tripathi,9,196.6,9.48,36.9,100.0,9.8,9.73,93.7,High,
DB_1762_PY,2024IT0601,Kavya Varghese,12,291.8,8.4,21.53,85.0,7.4,9.03,80.3,High,
DB_1762_CN,2024IT0601,Kavya Varghese,10,166.1,8.18,19.19,90.0,7.3,9.03,85.2,High,
DB_1763_DS,2025AI0602,Harshita Prajapat,8,144.3,9.25,29.19,95.0,8.8,9.62,96.6,High,
DB_1763_PY,2025AI0602,Harshita Prajapat,9,184.6,9.73,25.17,100.0,9.2,9.62,94.0,High,
DB_1763_WD,2025AI0602,Harshita Prajapat,11,266.2,9.58,29.02,90.0,8.8,9.62,88.9,High,
DB_1763_DSC,2025AI0602,Harshita Prajapat,10,282.4,7.87,29.62,95.0,9.0,9.62,91.3,High,
DB_1764_PY,2023DS0603,Lata Ganguly,11,243.9,7.1,17.23,80.0,7.1,6.83,70.8,Medium,
DB_1764_WD,2023DS0603,Lata Ganguly,9,302.0,6.52,22.14,95.0,7.1,6.83,76.2,High,
DB_1764_AIML,2023DS0603,Lata Ganguly,3,76.1,7.4,28.25,90.0,6.4,6.83,77.1,High,
DB_1765_WD,2024EC0604,Richa Singh,14,409.9,8.05,27.08,90.0,7.8,9.24,88.4,High,
DB_1765_CN,2024EC0604,Richa Singh,13,244.1,7.78,19.22,90.0,7.9,9.24,86.9,High,
DB_1765_DSC,2024EC0604,Richa Singh,12,341.4,8.07,28.93,100.0,8.2,9.24,92.9,High,
DB_1765_AIML,2024EC0604,Richa Singh,13,256.8,8.55,39.2,90.0,8.6,9.24,85.8,High,
DB_1766_DS,2025EE0605,Myra Mehta,8,263.0,8.65,21.86,75.0,7.3,8.07,78.8,High,
DB_1766_DSC,2025EE0605,Myra Mehta,9,265.4,6.56,32.3,90.0,7.0,8.07,77.8,High,
DB_1766_AIML,2025EE0605,Myra Mehta,4,104.9,7.83,34.2,90.0,7.0,8.07,81.8,High,
DB_1767_WD,2023ME0606,Bhavin Nambiar,6,198.7,5.4,20.6,80.0,5.5,5.39,64.6,Medium,
DB_1767_CN,2023ME0606,Bhavin Nambiar,7,171.0,5.56,22.9,85.0,5.6,5.39,60.3,Medium,
DB_1767_DSC,2023ME0606,Bhavin Nambiar,7,237.0,5.72,19.87,65.0,5.2,5.39,57.4,Medium,
DB_1767_AIML,2023ME0606,Bhavin Nambiar,8,155.6,5.65,24.24,80.0,5.2,5.39,60.9,Medium,
DB_1768_DS,2024CE0607,Kartik Mishra,4,96.7,7.0,19.97,90.0,6.6,6.04,68.1,Medium,
DB_1768_WD,2024CE0607,Kartik Mishra,5,121.4,6.9,23.9,70.0,7.0,6.04,67.2,Medium,
DB_1768_DSC,2024CE0607,Kartik Mishra,10,235.7,6.17,20.3,100.0,6.9,6.04,68.6,Medium,
DB_1769_PY,2025CS0608,Aarti Prajapat,12,244.2,7.34,19.33,70.0,7.1,7.22,72.8,Medium,
DB_1769_WD,2025CS0608,Aarti Prajapat,8,167.8,8.4,20.68,90.0,6.7,7.22,75.7,High,
DB_1769_CN,2025CS0608,Aarti Prajapat,7,205.2,6.53,16.69,90.0,6.3,7.22,72.5,Medium,
DB_1769_DSC,2025CS0608,Aarti Prajapat,6,130.4,7.3,19.03,90.0,6.7,7.22,75.7,High,
DB_1770_PY,2023IT0609,Swati Sharma,6,196.8,8.1,19.47,90.0,6.7,7.56,76.2,High,
DB_1770_CN,2023IT0609,Swati Sharma,8,175.9,6.4,21.98,75.0,6.7,7.56,75.1,High,
DB_1770_ML,2023IT0609,Swati Sharma,3,199.1,3.7,15.6,85.0,7.3,7.56,76.7,High,
DB_1771_DS,2024AI0610,Charu Bajaj,12,233.3,8.2,27.85,100.0,8.4,8.43,85.3,High,
DB_1771_CN,2024AI0610,Charu Bajaj,11,187.5,7.72,16.8,100.0,8.5,8.43,89.8,High,
DB_1771_ML,2024AI0610,Charu Bajaj,3,203.4,3.8,16.6,90.0,8.0,8.43,82.7,High,
DB_1772_CN,2025DS0611,Ira Bishnoi,6,154.1,6.34,16.84,75.0,5.4,6.87,62.9,Medium,
DB_1772_AIML,2025DS0611,Ira Bishnoi,9,187.6,6.07,24.63,80.0,5.4,6.87,64.0,Medium,
DB_1773_WD,2023EC0612,Pranav Sen,5,143.2,7.6,28.95,85.0,7.9,7.94,82.2,High,
DB_1773_CN,2023EC0612,Pranav Sen,10,255.2,7.54,22.63,95.0,7.1,7.94,80.7,High,
DB_1773_ML,2023EC0612,Pranav Sen,3,188.6,4.1,16.55,95.0,7.8,7.94,84.5,High,
DB_1774_DS,2024EE0613,Shreya Tomar,4,120.1,7.7,17.25,95.0,7.0,7.32,78.0,High,
DB_1774_PY,2024EE0613,Shreya Tomar,4,70.8,7.24,18.54,75.0,7.0,7.32,72.6,Medium,
DB_1774_WD,2024EE0613,Shreya Tomar,7,140.4,6.92,20.46,90.0,6.4,7.32,69.9,Medium,
DB_1774_ML,2024EE0613,Shreya Tomar,2,166.8,3.8,14.65,80.0,6.1,7.32,72.9,Medium,
DB_1775_CN,2025ME0614,Monali Sanyal,4,104.3,6.55,17.12,80.0,6.5,6.89,67.1,Medium,
DB_1775_DSC,2025ME0614,Monali Sanyal,8,175.6,4.55,26.4,90.0,6.2,6.89,68.8,Medium,
DB_1775_ML,2025ME0614,Monali Sanyal,3,206.8,2.8,13.55,80.0,6.4,6.89,66.4,Medium,
DB_1776_PY,2023CE0615,Ishita Bhatia,5,120.2,4.6,11.91,60.0,4.4,5.21,49.6,Low,
DB_1776_WD,2023CE0615,Ishita Bhatia,5,108.4,4.67,13.84,75.0,4.1,5.21,54.9,Medium,
DB_1776_CN,2023CE0615,Ishita Bhatia,7,170.2,4.42,13.32,85.0,4.0,5.21,55.3,Medium,
DB_1777_DS,2024CS0616,Pari Ganguly,12,297.7,8.2,29.68,95.0,8.2,8.92,84.7,High,
DB_1777_PY,2024CS0616,Pari Ganguly,14,320.5,8.63,24.2,90.0,8.7,8.92,91.0,High,
DB_1777_DSC,2024CS0616,Pari Ganguly,10,184.7,8.56,27.75,90.0,8.2,8.92,88.4,High,
DB_1778_DS,2025IT0617,Pranav Roy,8,167.2,7.19,22.98,95.0,7.8,7.48,81.4,High,
DB_1778_PY,2025IT0617,Pranav Roy,11,258.1,7.72,19.68,100.0,7.2,7.48,78.6,High,
DB_1778_CN,2025IT0617,Pranav Roy,9,224.0,6.7,15.7,90.0,6.9,7.48,77.5,High,
DB_1778_ML,2025IT0617,Pranav Roy,3,194.9,4.2,15.2,90.0,7.6,7.48,77.7,High,
DB_1779_PY,2023AI0618,Girish Chopra,4,122.4,8.68,22.62,100.0,7.8,8.21,89.3,High,
DB_1779_WD,2023AI0618,Girish Chopra,9,280.2,7.46,26.21,90.0,8.2,8.21,85.0,High,
DB_1779_DSC,2023AI0618,Girish Chopra,15,386.4,7.35,19.2,90.0,8.3,8.21,86.3,High,
DB_1780_PY,2024DS0619,Karan Varghese,5,161.2,5.15,13.75,75.0,4.7,5.89,55.5,Medium,
DB_1780_WD,2024DS0619,Karan Varghese,10,252.1,2.7,17.18,75.0,4.6,5.89,59.5,Medium,
DB_1781_WD,2025EC0620,Aadhya Pathak,14,389.6,9.06,31.19,90.0,9.6,9.03,98.0,High,
DB_1781_DSC,2025EC0620,Aadhya Pathak,13,270.8,9.04,31.72,90.0,9.8,9.03,96.2,High,
DB_1781_AIML,2025EC0620,Aadhya Pathak,9,178.0,9.7,34.8,100.0,9.8,9.03,96.2,High,
DB_1781_ML,2025EC0620,Aadhya Pathak,3,188.4,4.6,20.0,90.0,9.8,9.03,96.2,High,
DB_1782_DS,2023EE0621,Anika Bhat,4,217.0,5.2,18.23,85.0,4.8,6.11,61.9,Medium,
DB_1782_CN,2023EE0621,Anika Bhat,7,170.5,4.83,13.03,95.0,5.1,6.11,64.5,Medium,
DB_1782_ML,2023EE0621,Anika Bhat,2,173.4,3.0,9.5,85.0,5.3,6.11,58.5,Medium,
DB_1783_DSC,2024ME0622,Ayan Bhatia,13,345.7,8.4,26.57,90.0,8.0,8.57,87.2,High,
DB_1783_AIML,2024ME0622,Ayan Bhatia,4,81.6,8.38,31.35,90.0,8.6,8.57,84.3,High,
DB_1783_ML,2024ME0622,Ayan Bhatia,2,143.9,4.8,16.35,100.0,8.0,8.57,92.3,High,
DB_1784_PY,2025CE0623,Rashmi Pillai,12,235.0,8.25,22.52,85.0,7.7,8.23,83.4,High,
DB_1784_CN,2025CE0623,Rashmi Pillai,11,284.8,9.13,21.8,100.0,7.5,8.23,92.0,High,
DB_1784_AIML,2025CE0623,Rashmi Pillai,8,171.3,8.61,30.4,90.0,8.1,8.23,88.5,High,
DB_1785_PY,2023CS0624,Heena Chatterjee,7,167.3,8.5,20.0,90.0,9.9,9.61,95.1,High,
DB_1785_CN,2023CS0624,Heena Chatterjee,10,204.1,8.97,16.4,95.0,9.4,9.61,94.3,High,
DB_1785_ML,2023CS0624,Heena Chatterjee,3,195.4,4.7,20.0,95.0,9.5,9.61,93.7,High,
DB_1786_PY,2024IT0625,Satish Chopra,15,267.1,8.48,18.95,100.0,8.4,9.57,95.0,High,
DB_1786_AIML,2024IT0625,Satish Chopra,5,81.0,8.23,33.47,95.0,8.6,9.57,92.3,High,
DB_1787_DS,2025AI0626,Vihaan Chopra,17,377.3,9.65,28.12,95.0,9.5,9.32,93.5,High,
DB_1787_AIML,2025AI0626,Vihaan Chopra,9,176.0,9.45,30.0,100.0,10.0,9.32,98.0,High,
DB_1788_CN,2023DS0627,Chinmay Mehta,6,145.9,4.73,10.15,70.0,5.0,5.67,57.2,Medium,
DB_1788_DSC,2023DS0627,Chinmay Mehta,4,105.4,5.35,17.35,70.0,5.3,5.67,56.6,Medium,
DB_1789_WD,2024EC0628,Ashish Mishra,5,164.7,4.58,16.04,70.0,5.1,5.87,57.3,Medium,
DB_1789_AIML,2024EC0628,Ashish Mishra,5,96.5,5.45,22.5,75.0,5.0,5.87,61.5,Medium,
DB_1789_ML,2024EC0628,Ashish Mishra,3,192.7,3.1,9.3,70.0,5.3,5.87,58.9,Medium,
DB_1790_DS,2025EE0629,Ira Bhat,12,265.7,9.35,29.14,95.0,9.6,9.54,93.1,High,
DB_1790_PY,2025EE0629,Ira Bhat,11,293.1,9.64,26.62,100.0,9.7,9.54,97.0,High,
DB_1790_CN,2025EE0629,Ira Bhat,11,229.8,10.0,26.36,85.0,9.2,9.54,95.4,High,
DB_1790_AIML,2025EE0629,Ira Bhat,13,265.6,9.58,38.17,90.0,9.0,9.54,95.5,High,
DB_1791_DSC,2023ME0630,Shilpa Banerjee,11,301.3,7.63,19.6,100.0,9.3,9.18,96.8,High,
DB_1791_ML,2023ME0630,Shilpa Banerjee,2,178.2,5.0,20.0,100.0,8.9,9.18,98.0,High,
DB_1792_DS,2024CE0631,Ishita Dwivedi,7,231.2,7.23,16.5,85.0,7.5,8.22,74.3,Medium,
DB_1792_PY,2024CE0631,Ishita Dwivedi,4,113.6,7.1,19.91,90.0,7.2,8.22,78.9,High,
DB_1792_WD,2024CE0631,Ishita Dwivedi,7,233.6,5.0,22.63,80.0,7.0,8.22,75.2,High,
DB_1792_DSC,2024CE0631,Ishita Dwivedi,7,208.1,6.8,25.74,90.0,7.4,8.22,76.7,High,
DB_1793_DS,2025CS0632,Sandesh Sethi,6,156.6,10.0,24.2,95.0,9.2,9.76,94.3,High,
DB_1793_PY,2025CS0632,Sandesh Sethi,4,65.7,9.7,25.12,100.0,9.1,9.76,95.6,High,
DB_1793_ML,2025CS0632,Sandesh Sethi,3,203.2,5.0,20.0,95.0,9.4,9.76,98.0,High,
DB_1794_PY,2023IT0633,Gunjan Thomas,6,138.5,8.15,27.45,95.0,8.2,8.03,86.1,High,
DB_1794_DSC,2023IT0633,Gunjan Thomas,12,299.6,7.58,27.22,80.0,7.8,8.03,80.2,High,
DB_1794_AIML,2023IT0633,Gunjan Thomas,11,203.0,7.92,37.28,85.0,8.0,8.03,82.3,High,
DB_1795_AIML,2024AI0634,Hiten Kapoor,11,221.0,7.17,27.27,95.0,6.7,8.06,73.5,Medium,
DB_1795_ML,2024AI0634,Hiten Kapoor,3,191.5,3.8,12.3,90.0,6.9,8.06,73.9,Medium,
DB_1796_WD,2025DS0635,Prisha Menon,11,321.0,7.65,23.93,80.0,8.0,9.25,82.3,High,
DB_1796_CN,2025DS0635,Prisha Menon,11,270.8,7.97,23.24,85.0,8.0,9.25,83.3,High,
DB_1797_PY,2023EC0636,Myra Chopra,6,222.1,6.02,18.88,75.0,5.4,5.44,60.1,Medium,
DB_1797_DSC,2023EC0636,Myra Chopra,6,124.4,5.42,21.0,100.0,5.2,5.44,62.3,Medium,
DB_1798_DSC,2024EE0637,Dev Saini,8,232.3,9.8,27.86,95.0,9.2,9.59,93.3,High,
DB_1798_AIML,2024EE0637,Dev Saini,13,243.7,10.0,40.73,95.0,9.8,9.59,95.1,High,
DB_1798_ML,2024EE0637,Dev Saini,2,150.5,5.0,20.0,100.0,9.8,9.59,98.0,High,
DB_1799_DS,2025ME0638,Prathamesh Lamba,6,169.7,5.08,19.4,80.0,4.7,5.11,53.6,Medium,
DB_1799_CN,2025ME0638,Prathamesh Lamba,3,63.6,4.63,14.0,95.0,4.6,5.11,57.7,Medium,
DB_1799_DSC,2025ME0638,Prathamesh Lamba,3,78.9,5.45,15.6,70.0,5.1,5.11,59.1,Medium,
DB_1800_WD,2023CE0639,Neha Bhattacharya,13,354.2,7.81,29.5,95.0,8.5,8.93,87.9,High,
DB_1800_AIML,2023CE0639,Neha Bhattacharya,7,140.3,8.9,32.65,95.0,8.7,8.93,86.6,High,
DB_1801_WD,2024CS0640,Rishabh Nair,6,128.8,6.16,28.7,85.0,6.6,7.4,71.1,Medium,
DB_1801_ML,2024CS0640,Rishabh Nair,2,168.5,3.2,13.65,95.0,6.1,7.4,74.5,Medium,
DB_1802_PY,2025IT0641,Santosh Ghoshal,5,76.8,8.7,25.9,100.0,8.3,9.4,89.5,High,
DB_1802_CN,2025IT0641,Santosh Ghoshal,14,297.7,8.78,25.5,95.0,8.1,9.4,90.4,High,
DB_1802_DSC,2025IT0641,Santosh Ghoshal,9,196.7,8.9,29.47,95.0,8.0,9.4,93.0,High,
DB_1802_AIML,2025IT0641,Santosh Ghoshal,5,89.3,9.17,33.87,90.0,9.0,9.4,93.3,High,
DB_1803_DS,2023AI0642,Falguni Mittal,13,337.3,6.74,20.75,85.0,6.3,6.91,73.1,Medium,
DB_1803_CN,2023AI0642,Falguni Mittal,8,198.5,6.95,17.05,90.0,6.9,6.91,75.6,High,
DB_1803_AIML,2023AI0642,Falguni Mittal,8,157.0,6.0,30.26,80.0,6.5,6.91,70.6,Medium,
DB_1803_ML,2023AI0642,Falguni Mittal,3,206.4,3.2,13.95,75.0,7.0,6.91,69.4,Medium,
DB_1804_PY,2024DS0643,Rajendra Arora,13,298.7,6.92,17.48,80.0,5.9,5.97,66.6,Medium,
DB_1804_DSC,2024DS0643,Rajendra Arora,7,162.9,6.6,23.2,85.0,6.6,5.97,65.5,Medium,
DB_1804_AIML,2024DS0643,Rajendra Arora,2,60.5,6.63,30.7,100.0,6.4,5.97,72.3,Medium,
DB_1805_DS,2025EC0644,Girish Sharma,7,152.3,5.17,13.4,80.0,4.8,6.23,56.4,Medium,
DB_1805_CN,2025EC0644,Girish Sharma,7,122.0,3.88,13.93,90.0,5.6,6.23,63.3,Medium,
DB_1806_WD,2023EE0645,Kiran Upadhyay,10,225.7,9.9,26.67,90.0,8.8,8.35,91.6,High,
DB_1806_ML,2023EE0645,Kiran Upadhyay,3,205.4,4.6,17.5,85.0,8.6,8.35,86.6,High,
DB_1807_WD,2024ME0646,Mahesh Ahuja,13,374.9,9.74,32.76,80.0,8.4,8.72,91.2,High,
DB_1807_DSC,2024ME0646,Mahesh Ahuja,16,394.4,9.6,29.2,95.0,9.2,8.72,91.7,High,
DB_1807_ML,2024ME0646,Mahesh Ahuja,3,198.4,4.3,18.4,85.0,9.1,8.72,88.8,High,
DB_1808_DS,2025CE0647,Sakshi Pandey,12,266.5,7.53,22.23,85.0,7.3,8.12,77.2,High,
DB_1808_AIML,2025CE0647,Sakshi Pandey,11,239.7,6.97,31.17,95.0,6.7,8.12,81.5,High,
DB_1808_ML,2025CE0647,Sakshi Pandey,3,202.6,3.8,16.1,85.0,7.3,8.12,78.9,High,
DB_1809_DS,2023CS0648,Navya Banerjee,11,321.4,8.85,24.53,95.0,8.8,8.82,94.7,High,
DB_1809_AIML,2023CS0648,Navya Banerjee,13,248.1,9.15,40.05,100.0,9.1,8.82,91.2,High,
DB_1809_ML,2023CS0648,Navya Banerjee,3,194.3,4.2,18.95,90.0,8.9,8.82,89.7,High,
DB_1810_AIML,2024IT0649,Saanvi Anand,12,233.0,9.17,39.5,95.0,9.5,9.59,95.8,High,
DB_1810_ML,2024IT0649,Saanvi Anand,3,190.8,4.4,17.9,95.0,9.1,9.59,90.5,High,
DB_1811_DS,2025AI0650,Tanvi Rathore,19,446.1,9.52,45.0,100.0,9.0,9.72,94.7,High,
DB_1811_WD,2025AI0650,Tanvi Rathore,17,408.5,9.13,29.1,95.0,9.6,9.72,94.4,High,
DB_1811_AIML,2025AI0650,Tanvi Rathore,18,340.4,10.0,35.0,95.0,8.9,9.72,95.2,High,
DB_1811_ML,2025AI0650,Tanvi Rathore,3,195.4,5.0,19.1,100.0,9.2,9.72,98.0,High,
DB_1812_DS,2023DS0651,Nitin Chopra,10,231.0,5.3,16.43,70.0,5.7,6.69,59.2,Medium,
DB_1812_WD,2023DS0651,Nitin Chopra,7,166.2,5.47,19.88,95.0,6.2,6.69,67.5,Medium,
DB_1812_CN,2023DS0651,Nitin Chopra,7,133.1,5.6,13.68,90.0,5.2,6.69,63.4,Medium,
DB_1812_DSC,2023DS0651,Nitin Chopra,8,139.7,5.23,22.93,85.0,5.5,6.69,65.7,Medium,
DB_1813_PY,2024EC0652,Yamini Bajaj,10,288.6,7.24,20.45,85.0,6.5,8.01,78.9,High,
DB_1813_WD,2024EC0652,Yamini Bajaj,7,162.1,6.17,24.02,80.0,7.4,8.01,75.0,High,
DB_1814_DS,2025EE0653,Neeraj Jindal,10,172.5,9.8,24.3,100.0,8.9,9.13,95.5,High,
DB_1814_CN,2025EE0653,Neeraj Jindal,15,341.0,8.38,25.31,100.0,9.1,9.13,95.9,High,
DB_1814_DSC,2025EE0653,Neeraj Jindal,14,278.2,8.7,30.44,95.0,9.1,9.13,94.8,High,
DB_1815_CN,2023ME0654,Kartik Sen,12,228.9,10.0,25.6,95.0,8.6,8.96,93.8,High,
DB_1815_AIML,2023ME0654,Kartik Sen,7,121.8,9.07,45.47,95.0,8.6,8.96,91.3,High,
DB_1816_AIML,2024CE0655,Devanshi Pillai,7,153.8,6.0,27.7,70.0,5.5,5.06,56.3,Medium,
DB_1816_ML,2024CE0655,Devanshi Pillai,1,147.3,2.2,9.3,90.0,5.3,5.06,57.2,Medium,
DB_1817_PY,2025CS0656,Komal Saini,9,215.8,7.1,17.11,75.0,5.3,5.85,67.2,Medium,
DB_1817_WD,2025CS0656,Komal Saini,12,220.4,5.8,21.4,95.0,5.6,5.85,66.6,Medium,
DB_1817_DSC,2025CS0656,Komal Saini,4,146.7,6.62,22.2,90.0,5.9,5.85,70.4,Medium,
DB_1817_AIML,2025CS0656,Komal Saini,9,182.7,6.05,21.27,80.0,6.0,5.85,62.3,Medium,
DB_1818_WD,2023IT0657,Rajesh Majumdar,9,234.3,5.38,17.73,90.0,5.7,6.52,68.8,Medium,
DB_1818_AIML,2023IT0657,Rajesh Majumdar,3,61.7,5.84,23.13,70.0,5.9,6.52,64.4,Medium,
DB_1819_DS,2024AI0658,Devendra Kumar,7,196.1,5.4,14.71,60.0,5.2,5.99,53.5,Medium,
DB_1819_PY,2024AI0658,Devendra Kumar,12,235.3,5.97,16.75,65.0,5.5,5.99,62.8,Medium,
DB_1819_WD,2024AI0658,Devendra Kumar,9,232.3,6.04,16.43,85.0,5.6,5.99,63.0,Medium,
DB_1820_WD,2025DS0659,Harshit Bhattacharya,4,81.2,6.45,19.9,75.0,5.6,6.92,65.1,Medium,
DB_1820_CN,2025DS0659,Harshit Bhattacharya,7,122.8,5.84,16.3,85.0,5.9,6.92,65.0,Medium,
DB_1821_PY,2023EC0660,Riddhi Awasthi,10,229.5,6.05,19.02,90.0,5.9,6.34,67.0,Medium,
DB_1821_CN,2023EC0660,Riddhi Awasthi,6,148.8,5.7,15.5,90.0,5.5,6.34,65.8,Medium,
DB_1821_DSC,2023EC0660,Riddhi Awasthi,6,178.1,5.27,19.67,80.0,6.3,6.34,66.3,Medium,
DB_1821_AIML,2023EC0660,Riddhi Awasthi,6,121.2,6.25,29.6,95.0,6.0,6.34,71.1,Medium,
DB_1822_DS,2024EE0661,Karishma Maurya,7,133.9,6.15,18.16,75.0,5.1,6.63,63.4,Medium,
DB_1822_PY,2024EE0661,Karishma Maurya,12,333.7,6.0,13.8,80.0,5.4,6.63,61.8,Medium,
DB_1822_WD,2024EE0661,Karishma Maurya,8,237.5,5.97,17.77,85.0,6.0,6.63,62.3,Medium,
DB_1822_AIML,2024EE0661,Karishma Maurya,5,113.3,6.9,22.5,90.0,5.2,6.63,70.2,Medium,
DB_1823_WD,2025ME0662,Rakesh Pandey,17,439.4,7.85,29.41,100.0,9.0,9.72,96.6,High,
DB_1823_DSC,2025ME0662,Rakesh Pandey,12,241.1,8.36,27.0,100.0,9.3,9.72,93.5,High,
DB_1823_ML,2025ME0662,Rakesh Pandey,3,203.4,4.9,18.5,100.0,8.8,9.72,94.5,High,
DB_1824_WD,2023CE0663,Falguni Kaushik,10,318.0,7.04,24.35,90.0,7.2,8.01,79.4,High,
DB_1824_AIML,2023CE0663,Falguni Kaushik,12,233.6,8.2,32.21,100.0,7.4,8.01,84.9,High,
DB_1824_ML,2023CE0663,Falguni Kaushik,3,201.0,3.8,14.8,80.0,7.2,8.01,76.3,High,
DB_1825_WD,2024CS0664,Manish Khanna,6,138.2,8.4,23.64,80.0,7.5,9.08,80.3,High,
DB_1825_CN,2024CS0664,Manish Khanna,7,154.6,7.15,22.18,95.0,7.5,9.08,86.0,High,
DB_1825_ML,2024CS0664,Manish Khanna,2,167.8,4.3,16.9,100.0,8.0,9.08,88.3,High,
DB_1826_WD,2025IT0665,Ishaan Deshmukh,5,110.9,7.42,23.18,95.0,6.9,7.74,80.2,High,
DB_1826_DSC,2025IT0665,Ishaan Deshmukh,6,169.2,6.63,26.03,85.0,6.8,7.74,77.7,High,
DB_1827_DS,2023AI0666,Meera Ahuja,8,283.6,6.35,13.6,85.0,5.6,5.29,61.8,Medium,
DB_1827_PY,2023AI0666,Meera Ahuja,5,104.3,5.35,14.25,95.0,5.0,5.29,64.9,Medium,
DB_1827_AIML,2023AI0666,Meera Ahuja,5,117.1,4.4,20.5,65.0,5.1,5.29,53.1,Medium,
DB_1827_ML,2023AI0666,Meera Ahuja,2,182.2,2.6,10.5,80.0,4.9,5.29,57.2,Medium,
DB_1828_PY,2024DS0667,Mukesh Shah,10,212.4,6.83,14.6,75.0,5.6,6.39,63.9,Medium,
DB_1828_DSC,2024DS0667,Mukesh Shah,10,217.4,7.1,17.78,85.0,5.7,6.39,67.4,Medium,
DB_1828_ML,2024DS0667,Mukesh Shah,3,202.6,3.5,14.2,95.0,6.3,6.39,72.0,Medium,
DB_1829_DS,2025EC0668,Aadhya Shah,7,232.5,6.43,19.26,85.0,6.5,7.24,71.5,Medium,
DB_1829_CN,2025EC0668,Aadhya Shah,5,135.3,6.59,15.78,90.0,6.6,7.24,68.7,Medium,
DB_1829_DSC,2025EC0668,Aadhya Shah,8,210.2,5.02,26.6,90.0,5.7,7.24,69.5,Medium,
DB_1830_WD,2023EE0669,Simran Jindal,12,281.1,8.22,25.63,95.0,8.6,9.05,89.9,High,
DB_1830_DSC,2023EE0669,Simran Jindal,8,212.9,9.35,35.1,100.0,8.1,9.05,88.6,High,
DB_1830_AIML,2023EE0669,Simran Jindal,7,162.0,8.45,37.46,95.0,8.9,9.05,92.6,High,
DB_1830_ML,2023EE0669,Simran Jindal,3,200.2,4.6,17.3,100.0,8.0,9.05,89.4,High,
DB_1831_PY,2024ME0670,Vihaan Upadhyay,11,243.1,5.85,12.94,90.0,4.9,5.83,60.1,Medium,
DB_1831_AIML,2024ME0670,Vihaan Upadhyay,5,102.2,5.53,18.4,75.0,4.8,5.83,58.1,Medium,
DB_1831_ML,2024ME0670,Vihaan Upadhyay,2,153.3,2.2,13.1,85.0,5.1,5.83,62.9,Medium,
DB_1832_PY,2025CE0671,Alok Bishnoi,10,219.3,7.59,19.45,90.0,7.8,8.76,81.4,High,
DB_1832_CN,2025CE0671,Alok Bishnoi,6,175.9,7.1,18.56,90.0,7.5,8.76,78.5,High,
DB_1833_PY,2023CS0672,Lavanya Banerjee,9,184.4,8.07,18.87,100.0,6.9,7.07,76.8,High,
DB_1833_WD,2023CS0672,Lavanya Banerjee,3,83.5,7.17,23.23,85.0,6.9,7.07,75.6,High,
DB_1833_DSC,2023CS0672,Lavanya Banerjee,11,268.5,7.04,25.4,95.0,7.6,7.07,73.4,Medium,
DB_1833_ML,2023CS0672,Lavanya Banerjee,3,198.7,4.4,17.15,90.0,7.6,7.07,83.4,High,
DB_1834_PY,2024IT0673,Rohan Mahajan,14,345.5,7.8,26.4,95.0,7.5,7.23,78.2,High,
DB_1834_WD,2024IT0673,Rohan Mahajan,14,380.8,6.88,23.37,95.0,6.8,7.23,77.1,High,
DB_1835_PY,2025AI0674,Deepa Kurian,13,261.7,7.4,31.2,95.0,7.1,7.69,82.6,High,
DB_1835_WD,2025AI0674,Deepa Kurian,11,294.9,7.31,20.05,95.0,7.2,7.69,82.4,High,
DB_1836_DS,2023DS0675,Prateek Talwar,6,205.3,6.2,16.93,85.0,5.6,5.13,58.9,Medium,
DB_1836_AIML,2023DS0675,Prateek Talwar,5,83.0,6.5,23.8,85.0,5.0,5.13,63.2,Medium,
DB_1837_AIML,2024EC0676,Chhavi Jangid,4,76.5,7.7,36.23,85.0,8.0,8.52,81.0,High,
DB_1837_ML,2024EC0676,Chhavi Jangid,3,198.0,4.4,17.5,85.0,7.3,8.52,85.0,High,
DB_1838_PY,2025EE0677,Trisha Joshi,6,130.8,6.8,10.8,90.0,5.6,6.31,65.6,Medium,
DB_1838_CN,2025EE0677,Trisha Joshi,5,161.2,6.3,15.69,95.0,6.1,6.31,71.9,Medium,
DB_1838_ML,2025EE0677,Trisha Joshi,3,195.3,3.3,12.2,85.0,5.7,6.31,67.4,Medium,
DB_1839_WD,2023ME0678,Mukesh Dubey,8,216.6,8.15,24.64,85.0,7.1,7.97,78.3,High,
DB_1839_CN,2023ME0678,Mukesh Dubey,4,128.2,7.8,18.88,85.0,7.1,7.97,79.4,High,
DB_1839_AIML,2023ME0678,Mukesh Dubey,6,120.3,8.08,30.1,95.0,7.4,7.97,79.6,High,
DB_1839_ML,2023ME0678,Mukesh Dubey,3,204.3,3.4,14.1,80.0,7.5,7.97,72.2,Medium,
DB_1840_DS,2024CE0679,Payal Maurya,7,200.3,9.0,27.85,80.0,9.0,8.56,89.1,High,
DB_1840_DSC,2024CE0679,Payal Maurya,6,166.2,7.5,21.4,75.0,8.9,8.56,92.5,High,
DB_1840_AIML,2024CE0679,Payal Maurya,7,131.8,8.83,34.27,90.0,8.4,8.56,86.7,High,
DB_1841_DSC,2025CS0680,Harshit Bhatia,2,54.3,6.02,20.69,85.0,5.8,6.67,69.8,Medium,
DB_1841_AIML,2025CS0680,Harshit Bhatia,10,190.7,5.33,25.75,80.0,5.8,6.67,60.7,Medium,
DB_1841_ML,2025CS0680,Harshit Bhatia,2,179.1,3.4,10.95,80.0,5.5,6.67,65.6,Medium,
DB_1842_DS,2023IT0681,Jaya Ganguly,5,91.4,4.7,13.82,80.0,4.3,5.53,56.9,Medium,
DB_1842_DSC,2023IT0681,Jaya Ganguly,7,164.6,4.98,13.0,85.0,4.2,5.53,53.6,Medium,
DB_1842_ML,2023IT0681,Jaya Ganguly,3,195.3,2.4,10.9,85.0,4.0,5.53,60.5,Medium,
DB_1843_DS,2024AI0682,Anika Bajaj,9,209.3,6.28,17.76,75.0,5.5,5.1,61.7,Medium,
DB_1843_DSC,2024AI0682,Anika Bajaj,2,141.8,6.06,19.26,70.0,5.2,5.1,61.0,Medium,
DB_1843_ML,2024AI0682,Anika Bajaj,3,202.9,3.3,10.8,85.0,6.0,5.1,62.4,Medium,
DB_1844_PY,2025DS0683,Ishaan Talwar,8,266.3,9.07,25.4,100.0,8.4,8.47,90.9,High,
DB_1844_DSC,2025DS0683,Ishaan Talwar,9,269.4,8.09,33.62,100.0,8.0,8.47,88.6,High,
DB_1845_WD,2023EC0684,Ritvik Pillai,9,254.1,6.77,19.97,85.0,6.9,7.2,77.8,High,
DB_1845_DSC,2023EC0684,Ritvik Pillai,13,340.8,7.13,26.0,85.0,6.9,7.2,76.4,High,
DB_1846_DS,2024EE0685,Srishti Shukla,9,194.3,7.05,25.4,90.0,7.0,7.64,75.9,High,
DB_1846_DSC,2024EE0685,Srishti Shukla,5,194.1,6.38,21.64,80.0,7.5,7.64,73.5,Medium,
DB_1846_AIML,2024EE0685,Srishti Shukla,6,128.0,8.7,28.8,90.0,7.0,7.64,82.7,High,
DB_1846_ML,2024EE0685,Srishti Shukla,2,157.7,4.1,14.55,85.0,7.0,7.64,76.8,High,
DB_1847_PY,2025ME0686,Vijay Chakraborty,3,75.4,5.1,14.91,90.0,5.0,5.57,60.0,Medium,
DB_1847_WD,2025ME0686,Vijay Chakraborty,4,152.3,5.3,19.4,80.0,4.5,5.57,54.7,Medium,
DB_1847_DSC,2025ME0686,Vijay Chakraborty,4,93.1,4.47,15.41,75.0,4.4,5.57,53.2,Medium,
DB_1848_PY,2023CE0687,Saloni Mehta,14,350.0,5.5,15.73,75.0,5.4,6.04,59.2,Medium,
DB_1848_WD,2023CE0687,Saloni Mehta,5,208.4,6.03,18.92,85.0,6.2,6.04,64.1,Medium,
DB_1848_CN,2023CE0687,Saloni Mehta,9,220.2,5.91,21.23,85.0,5.8,6.04,65.5,Medium,
DB_1848_AIML,2023CE0687,Saloni Mehta,8,186.0,6.05,23.7,95.0,5.4,6.04,67.5,Medium,
DB_1849_CN,2024CS0688,Diya Shah,8,193.2,6.7,18.67,90.0,6.3,6.8,75.7,High,
DB_1849_DSC,2024CS0688,Diya Shah,9,165.4,6.4,24.38,90.0,6.7,6.8,72.7,Medium,
DB_1849_AIML,2024CS0688,Diya Shah,5,105.4,7.0,25.57,80.0,6.7,6.8,71.2,Medium,
DB_1850_PY,2025IT0689,Vaishnavi Garg,19,377.5,9.77,23.8,100.0,9.2,9.74,96.7,High,
DB_1850_DSC,2025IT0689,Vaishnavi Garg,16,393.8,10.0,22.63,95.0,9.7,9.74,94.9,High,
DB_1851_PY,2023AI0690,Gunjan Shah,14,308.7,7.83,26.4,80.0,7.7,7.67,79.8,High,
DB_1851_DSC,2023AI0690,Gunjan Shah,6,187.7,7.97,23.35,100.0,8.2,7.67,91.5,High,
DB_1851_AIML,2023AI0690,Gunjan Shah,11,241.3,8.33,31.0,90.0,8.2,7.67,79.8,High,
DB_1852_PY,2024DS0691,Pari Mukherjee,13,223.8,5.72,15.8,90.0,5.0,6.06,64.7,Medium,
DB_1852_AIML,2024DS0691,Pari Mukherjee,7,177.4,5.5,24.16,90.0,5.5,6.06,62.9,Medium,
DB_1852_ML,2024DS0691,Pari Mukherjee,2,151.6,2.4,11.5,85.0,5.1,6.06,61.9,Medium,
DB_1853_PY,2025EC0692,Chhavi Fernandes,5,125.7,4.45,15.56,85.0,4.7,5.51,56.1,Medium,
DB_1853_WD,2025EC0692,Chhavi Fernandes,4,75.4,4.23,16.38,70.0,5.2,5.51,56.1,Medium,
DB_1853_DSC,2025EC0692,Chhavi Fernandes,6,120.7,4.84,12.37,90.0,4.6,5.51,60.6,Medium,
DB_1853_ML,2025EC0692,Chhavi Fernandes,1,141.6,2.1,11.0,85.0,4.6,5.51,55.0,Medium,
DB_1854_PY,2023EE0693,Ayan Kumar,12,318.9,7.28,16.64,85.0,6.3,6.1,67.8,Medium,
DB_1854_DSC,2023EE0693,Ayan Kumar,10,291.7,6.18,23.47,80.0,6.8,6.1,70.8,Medium,
DB_1854_ML,2023EE0693,Ayan Kumar,2,157.2,2.7,12.0,90.0,6.2,6.1,62.6,Medium,
DB_1855_PY,2024ME0694,Lalit Reddy,6,127.4,6.97,24.23,95.0,6.3,5.98,73.9,Medium,
DB_1855_CN,2024ME0694,Lalit Reddy,9,198.8,6.45,16.65,80.0,6.0,5.98,66.7,Medium,
DB_1855_DSC,2024ME0694,Lalit Reddy,11,219.7,5.2,22.0,85.0,6.0,5.98,64.7,Medium,
DB_1855_AIML,2024ME0694,Lalit Reddy,4,118.3,7.17,26.95,95.0,6.2,5.98,71.6,Medium,
DB_1856_DS,2025CE0695,Ganesh Solanki,8,137.7,6.92,23.88,95.0,6.5,7.89,79.0,High,
DB_1856_CN,2025CE0695,Ganesh Solanki,3,90.7,7.22,21.1,85.0,6.7,7.89,72.3,Medium,
DB_1856_ML,2025CE0695,Ganesh Solanki,1,142.7,3.7,13.3,95.0,7.0,7.89,77.3,High,
DB_1857_WD,2023CS0696,Madhav Goyal,9,243.3,8.3,34.97,95.0,8.3,9.18,89.5,High,
DB_1857_CN,2023CS0696,Madhav Goyal,6,95.2,4.6,22.7,95.0,8.2,9.18,91.2,High,
DB_1858_CN,2024IT0697,Dev Menon,9,177.4,4.74,11.63,90.0,4.8,5.39,59.5,Medium,
DB_1858_AIML,2024IT0697,Dev Menon,7,158.6,6.19,15.7,85.0,5.6,5.39,63.5,Medium,
DB_1859_DS,2025AI0698,Mansi Bishnoi,7,125.8,8.93,27.22,100.0,9.1,8.48,90.3,High,
DB_1859_PY,2025AI0698,Mansi Bishnoi,12,268.1,9.77,26.31,95.0,8.8,8.48,95.4,High,
DB_1860_CN,2023DS0699,Vandana Shukla,12,277.3,8.54,23.95,90.0,8.1,7.74,86.0,High,
DB_1860_DSC,2023DS0699,Vandana Shukla,16,360.3,7.83,24.02,100.0,7.8,7.74,82.9,High,
DB_1860_ML,2023DS0699,Vandana Shukla,2,139.8,4.5,16.7,95.0,7.9,7.74,88.4,High,
DB_1861_DS,2024EC0700,Falguni Das,14,399.4,7.48,23.43,90.0,6.8,7.54,81.2,High,
DB_1861_AIML,2024EC0700,Falguni Das,5,103.2,7.05,40.8,95.0,7.0,7.54,82.3,High,
DB_1862_WD,2025EE0701,Sanket Ghosh,5,131.1,6.7,18.48,90.0,6.9,7.14,74.2,Medium,
DB_1862_DSC,2025EE0701,Sanket Ghosh,11,264.7,6.96,24.86,80.0,6.0,7.14,71.0,Medium,
DB_1863_PY,2023ME0702,Rahul Duggal,13,289.7,7.27,19.84,80.0,7.1,6.85,71.5,Medium,
DB_1863_AIML,2023ME0702,Rahul Duggal,6,154.2,7.38,30.73,85.0,7.0,6.85,76.5,High,
DB_1864_DS,2024CE0703,Parag Talwar,15,387.1,6.9,21.82,85.0,7.0,6.86,74.3,Medium,
DB_1864_DSC,2024CE0703,Parag Talwar,7,234.6,7.42,25.52,95.0,7.4,6.86,76.6,High,
DB_1864_AIML,2024CE0703,Parag Talwar,11,240.8,7.38,30.52,85.0,7.1,6.86,78.1,High,
DB_1865_DS,2025CS0704,Geeta Pillai,9,247.8,7.36,22.07,85.0,6.9,6.41,69.9,Medium,
DB_1865_PY,2025CS0704,Geeta Pillai,13,292.2,6.11,18.24,85.0,6.2,6.41,66.3,Medium,
DB_1865_DSC,2025CS0704,Geeta Pillai,5,225.1,6.48,20.8,75.0,6.2,6.41,70.4,Medium,
DB_1866_PY,2023IT0705,Ishita Tandon,11,192.5,7.1,22.15,90.0,7.5,7.69,77.7,High,
DB_1866_WD,2023IT0705,Ishita Tandon,7,127.7,6.1,23.5,95.0,7.2,7.69,77.3,High,
DB_1866_AIML,2023IT0705,Ishita Tandon,7,154.1,7.95,32.24,70.0,6.9,7.69,76.6,High,
DB_1867_PY,2024AI0706,Alok Chakraborty,11,307.3,7.26,20.9,100.0,7.5,6.62,77.6,High,
DB_1867_WD,2024AI0706,Alok Chakraborty,11,332.9,6.32,25.8,80.0,7.0,6.62,75.4,High,
DB_1867_CN,2024AI0706,Alok Chakraborty,11,250.8,7.4,17.6,90.0,7.3,6.62,80.6,High,
DB_1868_WD,2025DS0707,Ira Garg,8,155.0,6.8,20.13,90.0,6.4,7.38,72.6,Medium,
DB_1868_AIML,2025DS0707,Ira Garg,6,112.3,6.38,27.28,85.0,6.6,7.38,69.2,Medium,
DB_1869_DS,2023EC0708,Hemant Jindal,9,218.3,8.94,25.7,100.0,9.0,9.62,95.8,High,
DB_1869_WD,2023EC0708,Hemant Jindal,10,297.3,7.63,30.7,90.0,9.1,9.62,93.6,High,
DB_1869_CN,2023EC0708,Hemant Jindal,5,82.4,8.35,14.0,100.0,9.0,9.62,94.5,High,
DB_1869_DSC,2023EC0708,Hemant Jindal,7,112.9,9.33,31.3,100.0,9.2,9.62,98.0,High,
DB_1870_CN,2024EE0709,Hemant Tiwari,5,110.3,6.4,16.5,95.0,5.6,5.96,66.1,Medium,
DB_1870_DSC,2024EE0709,Hemant Tiwari,8,261.2,6.18,19.31,90.0,5.4,5.96,68.1,Medium,
DB_1870_AIML,2024EE0709,Hemant Tiwari,5,128.6,5.97,23.48,80.0,6.1,5.96,61.0,Medium,
DB_1870_ML,2024EE0709,Hemant Tiwari,2,164.2,3.3,14.25,95.0,6.3,5.96,74.2,Medium,
DB_1871_DS,2025ME0710,Aditya Goel,7,119.3,9.44,33.75,100.0,9.9,9.43,94.0,High,
DB_1871_PY,2025ME0710,Aditya Goel,5,162.6,8.9,25.27,100.0,9.4,9.43,92.1,High,
DB_1871_DSC,2025ME0710,Aditya Goel,15,327.6,10.0,28.38,100.0,9.2,9.43,95.1,High,
DB_1871_AIML,2025ME0710,Aditya Goel,10,211.5,9.57,37.71,100.0,10.0,9.43,94.3,High,
DB_1872_DS,2023CE0711,Vijay Dubey,6,150.8,5.4,15.57,95.0,5.2,5.69,64.7,Medium,
DB_1872_CN,2023CE0711,Vijay Dubey,11,234.1,5.82,16.4,80.0,5.8,5.69,63.1,Medium,
DB_1872_DSC,2023CE0711,Vijay Dubey,4,122.9,5.64,19.13,70.0,5.5,5.69,61.1,Medium,
DB_1872_ML,2023CE0711,Vijay Dubey,2,159.3,3.2,13.2,90.0,5.6,5.69,66.4,Medium,
DB_1873_PY,2024CS0712,Kriti Chatterjee,6,147.6,9.07,22.73,95.0,8.2,8.09,90.2,High,
DB_1873_WD,2024CS0712,Kriti Chatterjee,5,137.3,7.8,26.2,90.0,8.4,8.09,85.7,High,
DB_1873_DSC,2024CS0712,Kriti Chatterjee,9,174.5,7.4,28.52,100.0,8.8,8.09,88.3,High,
DB_1874_CN,2025IT0713,Darsh Singhal,11,231.4,8.17,19.8,85.0,7.6,7.89,80.1,High,
DB_1874_AIML,2025IT0713,Darsh Singhal,9,160.7,8.15,25.4,100.0,7.1,7.89,78.6,High,
DB_1875_PY,2023AI0714,Sumit Ahuja,16,365.4,7.7,29.05,95.0,8.9,8.23,91.2,High,
DB_1875_CN,2023AI0714,Sumit Ahuja,13,288.8,8.35,20.22,95.0,8.6,8.23,90.8,High,
DB_1875_DSC,2023AI0714,Sumit Ahuja,9,222.6,8.55,24.67,90.0,8.9,8.23,89.6,High,
DB_1876_DS,2024DS0715,Mahesh Garg,8,219.4,5.65,15.79,95.0,4.9,5.26,59.3,Medium,
DB_1876_CN,2024DS0715,Mahesh Garg,4,119.3,4.66,13.53,90.0,4.7,5.26,59.1,Medium,
DB_1876_ML,2024DS0715,Mahesh Garg,3,205.2,2.1,8.85,85.0,5.1,5.26,52.6,Medium,
DB_1877_WD,2025EC0716,Kapil Tripathi,9,234.4,8.9,24.15,95.0,8.4,9.09,90.9,High,
DB_1877_DSC,2025EC0716,Kapil Tripathi,12,327.8,8.0,26.64,80.0,8.5,9.09,81.6,High,
DB_1878_DS,2023EE0717,Vinay Jindal,5,141.1,7.5,25.93,90.0,7.9,7.74,83.5,High,
DB_1878_WD,2023EE0717,Vinay Jindal,9,240.6,6.9,22.9,95.0,7.4,7.74,78.9,High,
DB_1878_CN,2023EE0717,Vinay Jindal,9,169.0,7.85,14.0,95.0,7.8,7.74,78.4,High,
DB_1879_PY,2024ME0718,Ramesh Dutta,15,379.8,9.0,25.12,100.0,9.0,9.48,93.5,High,
DB_1879_DSC,2024ME0718,Ramesh Dutta,6,165.6,8.7,29.78,80.0,8.4,9.48,85.1,High,
DB_1879_ML,2024ME0718,Ramesh Dutta,2,161.4,4.5,20.0,90.0,8.5,9.48,94.7,High,
DB_1880_DS,2025CE0719,Rakesh Kapoor,5,100.8,8.62,30.22,100.0,8.0,8.88,91.6,High,
DB_1880_CN,2025CE0719,Rakesh Kapoor,12,239.6,8.9,25.0,100.0,8.8,8.88,95.4,High,
DB_1880_AIML,2025CE0719,Rakesh Kapoor,4,105.1,8.88,33.1,90.0,7.9,8.88,86.9,High,
DB_1880_ML,2025CE0719,Rakesh Kapoor,2,180.5,4.8,17.6,100.0,8.3,8.88,91.0,High,
DB_1881_PY,2023CS0720,Kunal Pillai,9,241.7,5.88,15.5,85.0,5.9,6.81,65.7,Medium,
DB_1881_AIML,2023CS0720,Kunal Pillai,10,206.8,5.27,21.1,75.0,5.9,6.81,63.1,Medium,
DB_1882_WD,2024IT0721,Parag Suri,14,406.1,7.57,26.91,95.0,7.8,8.87,88.8,High,
DB_1882_DSC,2024IT0721,Parag Suri,8,243.5,7.7,29.74,100.0,8.2,8.87,86.7,High,
DB_1882_AIML,2024IT0721,Parag Suri,9,168.6,8.3,35.4,90.0,7.7,8.87,87.5,High,
DB_1883_WD,2025AI0722,Brijesh Suri,4,85.4,6.7,16.6,90.0,5.2,5.44,66.8,Medium,
DB_1883_DSC,2025AI0722,Brijesh Suri,6,178.1,6.3,19.45,75.0,5.7,5.44,62.5,Medium,
DB_1883_ML,2025AI0722,Brijesh Suri,2,151.1,2.7,10.5,80.0,5.1,5.44,60.2,Medium,
DB_1884_DS,2023DS0723,Ganesh Pathak,10,199.1,9.77,23.0,100.0,9.0,9.01,92.4,High,
DB_1884_WD,2023DS0723,Ganesh Pathak,11,325.8,8.46,29.34,85.0,9.5,9.01,92.2,High,
DB_1885_WD,2024EC0724,Ganesh Gupta,7,129.8,4.83,17.07,80.0,4.7,5.25,58.0,Medium,
DB_1885_ML,2024EC0724,Ganesh Gupta,2,165.7,2.0,10.3,100.0,4.6,5.25,60.7,Medium,
DB_1886_PY,2025EE0725,Charu Jangid,9,183.8,6.86,22.4,90.0,6.9,7.47,72.9,Medium,
DB_1886_AIML,2025EE0725,Charu Jangid,11,232.5,6.65,26.7,85.0,7.0,7.47,74.6,Medium,
DB_1887_DS,2023ME0726,Santosh Verma,12,288.4,7.75,21.96,90.0,8.0,8.17,78.6,High,
DB_1887_WD,2023ME0726,Santosh Verma,7,126.6,7.12,29.67,95.0,7.1,8.17,86.5,High,
DB_1887_CN,2023ME0726,Santosh Verma,9,190.7,8.46,21.84,95.0,8.0,8.17,86.8,High,
DB_1888_DS,2024CE0727,Vandana Shukla,13,325.1,4.47,12.22,80.0,4.6,5.12,54.7,Medium,
DB_1888_DSC,2024CE0727,Vandana Shukla,7,226.9,4.78,16.61,90.0,5.0,5.12,62.6,Medium,
DB_1888_AIML,2024CE0727,Vandana Shukla,7,127.9,5.39,25.3,75.0,4.5,5.12,59.7,Medium,
DB_1889_DS,2025CS0728,Chaitali Bhattacharya,5,116.1,5.1,23.97,95.0,5.9,5.05,64.8,Medium,
DB_1889_DSC,2025CS0728,Chaitali Bhattacharya,6,110.9,5.28,21.4,80.0,5.4,5.05,63.1,Medium,
DB_1890_DS,2023IT0729,Advait Bhasin,2,59.1,7.13,18.72,85.0,5.8,6.05,65.7,Medium,
DB_1890_PY,2023IT0729,Advait Bhasin,6,140.9,6.9,14.4,85.0,5.7,6.05,64.2,Medium,
DB_1890_DSC,2023IT0729,Advait Bhasin,4,100.1,3.8,19.05,95.0,5.8,6.05,64.0,Medium,
DB_1891_DSC,2024AI0730,Radhika Khanna,4,84.1,9.22,28.8,90.0,8.7,8.86,89.7,High,
DB_1891_AIML,2024AI0730,Radhika Khanna,16,304.0,10.0,38.06,90.0,8.8,8.86,90.0,High,
DB_1892_WD,2025DS0731,Vijay Majumdar,8,190.9,7.2,27.73,85.0,7.9,9.04,82.1,High,
DB_1892_AIML,2025DS0731,Vijay Majumdar,7,166.2,9.7,34.45,90.0,7.5,9.04,83.9,High,
DB_1893_PY,2023EC0732,Hemlata Chakraborty,7,196.3,8.33,23.68,90.0,8.4,9.06,89.2,High,
DB_1893_WD,2023EC0732,Hemlata Chakraborty,13,409.7,7.7,26.86,85.0,8.6,9.06,85.9,High,
DB_1893_CN,2023EC0732,Hemlata Chakraborty,12,282.4,9.4,26.1,100.0,8.7,9.06,89.3,High,
DB_1894_DS,2024EE0733,Rashmi Solanki,5,146.0,7.22,22.98,95.0,7.5,8.41,78.7,High,
DB_1894_PY,2024EE0733,Rashmi Solanki,14,314.3,7.78,23.5,85.0,7.4,8.41,79.2,High,
DB_1894_WD,2024EE0733,Rashmi Solanki,7,174.5,7.06,21.16,95.0,7.0,8.41,78.3,High,
DB_1894_DSC,2024EE0733,Rashmi Solanki,7,243.4,8.0,23.39,85.0,7.5,8.41,77.1,High,
DB_1895_DS,2025ME0734,Vishal Garg,6,170.8,7.64,21.7,95.0,7.6,8.04,80.7,High,
DB_1895_CN,2025ME0734,Vishal Garg,6,101.0,7.95,21.8,95.0,7.6,8.04,82.4,High,
DB_1895_DSC,2025ME0734,Vishal Garg,8,248.7,8.2,23.78,100.0,7.4,8.04,81.0,High,
DB_1896_DS,2023CE0735,Prathamesh Talwar,9,265.0,6.79,22.68,95.0,6.4,6.17,70.3,Medium,
DB_1896_CN,2023CE0735,Prathamesh Talwar,11,245.0,6.8,17.18,95.0,6.7,6.17,72.4,Medium,
DB_1896_AIML,2023CE0735,Prathamesh Talwar,6,128.6,6.47,18.0,75.0,5.9,6.17,65.0,Medium,
DB_1896_ML,2023CE0735,Prathamesh Talwar,3,205.0,4.0,13.8,90.0,5.8,6.17,75.6,High,
DB_1897_PY,2024CS0736,Vinay Dubey,10,250.0,4.8,11.4,85.0,4.8,5.55,60.0,Medium,
DB_1897_WD,2024CS0736,Vinay Dubey,4,91.4,4.86,15.79,75.0,5.4,5.55,60.3,Medium,
DB_1897_AIML,2024CS0736,Vinay Dubey,4,109.9,6.4,20.32,90.0,4.6,5.55,64.1,Medium,
DB_1897_ML,2024CS0736,Vinay Dubey,3,195.3,3.1,10.5,90.0,5.2,5.55,62.9,Medium,
DB_1898_PY,2025IT0737,Upasana Upadhyay,3,103.0,7.14,13.0,85.0,7.3,7.86,70.8,Medium,
DB_1898_WD,2025IT0737,Upasana Upadhyay,11,224.1,8.05,32.47,80.0,6.6,7.86,75.9,High,
DB_1898_DSC,2025IT0737,Upasana Upadhyay,6,98.5,6.69,16.75,95.0,7.2,7.86,80.6,High,
DB_1898_ML,2025IT0737,Upasana Upadhyay,3,202.0,4.2,15.5,85.0,7.3,7.86,78.9,High,
DB_1899_PY,2023AI0738,Zoya Pandey,15,321.5,9.72,31.15,100.0,9.2,9.72,97.2,High,
DB_1899_WD,2023AI0738,Zoya Pandey,7,137.0,8.5,19.3,100.0,8.9,9.72,94.9,High,
DB_1900_DS,2024DS0739,Geeta Kulkarni,10,206.7,7.55,24.85,85.0,7.7,8.07,78.8,High,
DB_1900_PY,2024DS0739,Geeta Kulkarni,2,66.1,7.9,23.2,90.0,7.5,8.07,81.7,High,
DB_1900_DSC,2024DS0739,Geeta Kulkarni,13,325.0,7.19,25.0,80.0,8.0,8.07,76.6,High,
DB_1901_AIML,2025EC0740,Pragya Shah,14,280.6,8.47,36.82,85.0,8.7,8.1,87.4,High,
DB_1901_ML,2025EC0740,Pragya Shah,3,199.5,4.2,15.4,100.0,8.4,8.1,82.5,High,
DB_1902_CN,2023EE0741,Pragya Sood,10,245.5,6.9,26.33,85.0,7.2,8.63,79.5,High,
DB_1902_DSC,2023EE0741,Pragya Sood,13,296.9,8.26,23.5,75.0,7.7,8.63,75.8,High,
DB_1903_CN,2024ME0742,Shaurya D'Souza,11,200.3,9.97,25.77,95.0,9.3,9.72,95.7,High,
DB_1903_AIML,2024ME0742,Shaurya D'Souza,4,71.4,9.43,41.43,90.0,9.5,9.72,94.4,High,
DB_1904_DS,2025CE0743,Esha Singhal,13,322.7,8.45,29.65,100.0,8.7,9.64,93.0,High,
DB_1904_CN,2025CE0743,Esha Singhal,12,300.4,8.65,24.37,95.0,8.8,9.64,94.1,High,
DB_1904_ML,2025CE0743,Esha Singhal,3,192.7,4.9,18.0,100.0,8.9,9.64,94.9,High,
DB_1905_PY,2023CS0744,Krishna Tandon,10,253.6,6.26,15.53,85.0,5.1,5.82,66.8,Medium,
DB_1905_CN,2023CS0744,Krishna Tandon,7,153.2,5.7,14.61,80.0,5.6,5.82,59.8,Medium,
DB_1906_DS,2024IT0745,Hardik Chaubey,4,116.4,6.12,21.79,85.0,6.5,6.42,71.3,Medium,
DB_1906_DSC,2024IT0745,Hardik Chaubey,11,211.5,3.2,18.9,80.0,6.3,6.42,64.4,Medium,
DB_1906_ML,2024IT0745,Hardik Chaubey,1,126.2,3.8,12.3,85.0,6.2,6.42,67.8,Medium,
DB_1907_DS,2025AI0746,Karan Mehta,18,403.5,7.45,19.6,90.0,7.2,7.1,80.5,High,
DB_1907_WD,2025AI0746,Karan Mehta,9,282.2,7.8,24.96,100.0,8.0,7.1,81.0,High,
DB_1907_AIML,2025AI0746,Karan Mehta,7,165.9,8.43,29.03,100.0,7.6,7.1,84.0,High,
DB_1908_PY,2023DS0747,Ganesh Pinto,10,248.0,7.0,20.95,85.0,6.5,8.26,74.1,Medium,
DB_1908_ML,2023DS0747,Ganesh Pinto,3,199.1,3.3,14.8,90.0,7.2,8.26,74.4,Medium,
DB_1909_PY,2024EC0748,Saloni Mittal,5,127.0,6.17,18.3,90.0,6.8,6.85,71.9,Medium,
DB_1909_CN,2024EC0748,Saloni Mittal,10,239.1,4.3,12.8,75.0,7.0,6.85,75.1,High,
DB_1909_AIML,2024EC0748,Saloni Mittal,12,237.4,5.7,30.54,70.0,6.8,6.85,68.0,Medium,
DB_1909_ML,2024EC0748,Saloni Mittal,3,198.6,3.8,16.7,95.0,6.9,6.85,78.4,High,
DB_1910_WD,2025EE0749,Shubham Dutta,6,243.1,5.15,18.12,85.0,5.7,5.44,63.6,Medium,
DB_1910_CN,2025EE0749,Shubham Dutta,6,109.2,5.0,16.18,80.0,5.2,5.44,62.9,Medium,
DB_1910_AIML,2025EE0749,Shubham Dutta,7,136.5,5.17,22.16,75.0,5.5,5.44,60.3,Medium,
DB_1910_ML,2025EE0749,Shubham Dutta,3,196.5,3.7,11.6,80.0,5.5,5.44,66.5,Medium,
DB_1911_DS,2023ME0750,Karan Bajaj,7,205.0,5.71,15.04,90.0,5.1,5.03,57.5,Medium,
DB_1911_PY,2023ME0750,Karan Bajaj,7,133.5,5.04,12.92,85.0,4.8,5.03,60.1,Medium,
DB_1911_DSC,2023ME0750,Karan Bajaj,6,115.5,5.6,17.1,80.0,5.2,5.03,58.6,Medium,
DB_1911_ML,2023ME0750,Karan Bajaj,2,181.8,3.3,10.4,90.0,5.3,5.03,62.1,Medium,
DB_1912_PY,2024CE0751,Hardik Batra,6,194.5,6.4,19.35,95.0,6.7,7.9,77.1,High,
DB_1912_CN,2024CE0751,Hardik Batra,6,116.3,5.85,17.82,85.0,7.3,7.9,72.4,Medium,
DB_1913_WD,2025CS0752,Meera Thomas,6,182.4,5.74,30.35,80.0,6.7,6.24,70.4,Medium,
DB_1913_CN,2025CS0752,Meera Thomas,10,285.8,6.9,17.37,85.0,5.8,6.24,72.4,Medium,
DB_1914_PY,2023IT0753,Aniket Nambiar,14,309.6,7.87,16.1,95.0,7.8,7.86,78.9,High,
DB_1914_CN,2023IT0753,Aniket Nambiar,12,236.8,6.25,15.3,95.0,7.4,7.86,83.6,High,
DB_1914_ML,2023IT0753,Aniket Nambiar,2,177.8,3.4,16.4,90.0,7.6,7.86,78.9,High,
DB_1915_DS,2024AI0754,Tanvi Joseph,20,458.9,9.78,32.0,90.0,9.2,9.38,94.3,High,
DB_1915_WD,2024AI0754,Tanvi Joseph,6,154.5,8.9,35.52,90.0,9.1,9.38,91.6,High,
DB_1915_AIML,2024AI0754,Tanvi Joseph,7,152.8,9.47,50.0,100.0,9.3,9.38,94.2,High,
DB_1916_DS,2025DS0755,Saloni Rajput,12,355.4,6.27,20.93,90.0,6.4,6.07,70.9,Medium,
DB_1916_WD,2025DS0755,Saloni Rajput,8,263.0,5.7,15.0,85.0,5.9,6.07,66.1,Medium,
DB_1916_CN,2025DS0755,Saloni Rajput,8,227.1,4.2,17.5,90.0,6.3,6.07,67.7,Medium,
DB_1916_ML,2025DS0755,Saloni Rajput,3,193.0,3.4,12.3,90.0,5.7,6.07,65.5,Medium,
DB_1917_WD,2023EC0756,Isha Mishra,6,151.9,7.55,19.9,100.0,7.4,7.68,82.1,High,
DB_1917_DSC,2023EC0756,Isha Mishra,4,175.8,6.53,26.6,90.0,7.5,7.68,78.6,High,
DB_1918_DS,2024EE0757,Avani Iyer,15,374.1,8.68,24.2,85.0,7.7,9.32,83.0,High,
DB_1918_PY,2024EE0757,Avani Iyer,14,299.1,8.22,22.2,90.0,8.3,9.32,84.2,High,
DB_1918_DSC,2024EE0757,Avani Iyer,16,385.9,7.65,24.45,95.0,7.8,9.32,87.6,High,
DB_1918_ML,2024EE0757,Avani Iyer,3,194.1,4.0,17.3,80.0,8.3,9.32,84.9,High,
DB_1919_DS,2025ME0758,Alok Sanyal,18,384.3,7.84,27.02,85.0,7.7,8.6,78.3,High,
DB_1919_CN,2025ME0758,Alok Sanyal,12,294.2,7.9,21.82,90.0,8.1,8.6,84.7,High,
DB_1919_AIML,2025ME0758,Alok Sanyal,10,204.9,7.45,36.2,95.0,7.4,8.6,79.4,High,
DB_1920_PY,2023CE0759,Ashish Dubey,9,192.4,8.05,21.62,90.0,8.0,7.32,81.5,High,
DB_1920_WD,2023CE0759,Ashish Dubey,14,363.8,7.12,33.73,85.0,7.8,7.32,80.6,High,
DB_1920_AIML,2023CE0759,Ashish Dubey,11,236.5,7.62,33.2,90.0,7.9,7.32,83.1,High,
DB_1921_AIML,2024CS0760,Leena Dubey,4,81.3,9.3,32.17,90.0,7.5,7.79,85.9,High,
DB_1921_ML,2024CS0760,Leena Dubey,3,188.8,4.5,14.75,90.0,7.5,7.79,80.7,High,
DB_1922_DS,2025IT0761,Vaibhav Dhawan,13,364.0,8.07,27.45,90.0,8.1,9.27,85.6,High,
DB_1922_PY,2025IT0761,Vaibhav Dhawan,13,251.0,7.75,21.23,85.0,8.4,9.27,86.1,High,
DB_1922_CN,2025IT0761,Vaibhav Dhawan,10,231.7,7.1,21.19,90.0,7.5,9.27,82.5,High,
DB_1922_ML,2025IT0761,Vaibhav Dhawan,3,200.9,4.6,19.0,95.0,8.3,9.27,91.3,High,
DB_1923_CN,2023AI0762,Hardik Mehta,8,218.5,8.13,23.34,95.0,8.9,9.6,95.4,High,
DB_1923_ML,2023AI0762,Hardik Mehta,3,190.5,5.0,20.0,95.0,8.8,9.6,98.0,High,
DB_1924_PY,2024DS0763,Falguni Jangid,4,126.1,8.3,23.55,90.0,6.9,8.02,84.3,High,
DB_1924_WD,2024DS0763,Falguni Jangid,11,232.9,8.33,21.3,95.0,7.3,8.02,80.1,High,
DB_1924_ML,2024DS0763,Falguni Jangid,1,133.6,3.9,16.6,95.0,7.2,8.02,81.0,High,
DB_1925_PY,2025EC0764,Vihaan Kurian,7,111.9,6.7,19.77,100.0,7.5,8.68,77.7,High,
DB_1925_CN,2025EC0764,Vihaan Kurian,5,133.8,7.72,21.8,90.0,7.3,8.68,86.0,High,
DB_1925_AIML,2025EC0764,Vihaan Kurian,12,241.6,8.05,29.3,95.0,7.7,8.68,82.8,High,
DB_1925_ML,2025EC0764,Vihaan Kurian,3,202.4,3.8,17.6,80.0,7.7,8.68,85.1,High,
DB_1926_DS,2023EE0765,Sonam Bhat,9,136.0,5.85,16.47,85.0,5.4,6.71,60.8,Medium,
DB_1926_PY,2023EE0765,Sonam Bhat,9,199.6,5.83,16.9,65.0,5.8,6.71,60.2,Medium,
DB_1926_WD,2023EE0765,Sonam Bhat,7,172.1,5.44,17.13,90.0,5.7,6.71,63.7,Medium,
DB_1926_AIML,2023EE0765,Sonam Bhat,8,170.5,6.5,26.3,90.0,5.6,6.71,69.5,Medium,
DB_1927_PY,2024ME0766,Myra Yadav,10,205.4,4.77,15.54,90.0,5.8,6.49,60.4,Medium,
DB_1927_WD,2024ME0766,Myra Yadav,7,250.3,5.1,16.88,80.0,5.0,6.49,59.0,Medium,
DB_1927_DSC,2024ME0766,Myra Yadav,5,112.4,6.0,17.39,90.0,5.4,6.49,62.9,Medium,
DB_1927_AIML,2024ME0766,Myra Yadav,10,183.4,6.27,17.3,90.0,5.5,6.49,62.3,Medium,
DB_1928_DS,2025CE0767,Kavita Bhattacharya,11,308.5,7.3,24.95,85.0,7.3,8.0,80.4,High,
DB_1928_WD,2025CE0767,Kavita Bhattacharya,13,319.2,7.38,20.8,95.0,7.5,8.0,79.6,High,
DB_1929_AIML,2023CS0768,Kavita Kurian,7,151.5,5.13,22.54,65.0,4.6,5.57,53.2,Medium,
DB_1929_ML,2023CS0768,Kavita Kurian,2,171.2,3.1,10.7,85.0,5.3,5.57,64.9,Medium,
DB_1930_WD,2024IT0769,Nidhi Maurya,12,360.3,9.34,24.3,95.0,8.5,7.9,90.6,High,
DB_1930_DSC,2024IT0769,Nidhi Maurya,14,368.7,8.88,37.3,90.0,7.9,7.9,86.3,High,
DB_1931_WD,2025AI0770,Nisha Yadav,7,209.4,6.22,19.03,90.0,6.4,6.47,72.4,Medium,
DB_1931_AIML,2025AI0770,Nisha Yadav,2,57.0,6.77,28.81,80.0,6.6,6.47,72.2,Medium,
DB_1931_ML,2025AI0770,Nisha Yadav,2,140.7,4.2,14.45,85.0,7.1,6.47,75.4,High,
DB_1932_WD,2023DS0771,Kunal Dubey,10,225.5,9.9,21.1,85.0,8.5,9.15,92.0,High,
DB_1932_CN,2023DS0771,Kunal Dubey,11,244.2,9.16,22.58,95.0,8.4,9.15,91.0,High,
DB_1932_AIML,2023DS0771,Kunal Dubey,7,152.0,8.43,35.28,100.0,8.0,9.15,89.2,High,
DB_1932_ML,2023DS0771,Kunal Dubey,2,164.4,3.8,18.3,85.0,8.8,9.15,84.1,High,
DB_1933_DS,2024EC0772,Rajesh Mahajan,12,276.6,8.55,27.77,80.0,8.6,8.36,85.0,High,
DB_1933_ML,2024EC0772,Rajesh Mahajan,2,169.4,5.0,15.9,90.0,8.6,8.36,85.4,High,
DB_1934_PY,2025EE0773,Reyansh Talwar,13,325.7,9.37,21.35,100.0,8.6,9.78,91.4,High,
DB_1934_CN,2025EE0773,Reyansh Talwar,4,98.4,7.68,17.3,100.0,8.2,9.78,88.4,High,
DB_1935_DS,2023ME0774,Jyoti Pinto,17,473.2,9.03,26.32,95.0,8.4,9.0,91.8,High,
DB_1935_PY,2023ME0774,Jyoti Pinto,8,163.2,8.45,19.86,90.0,7.8,9.0,83.3,High,
DB_1935_AIML,2023ME0774,Jyoti Pinto,7,118.4,9.65,28.2,95.0,8.6,9.0,92.0,High,
DB_1935_ML,2023ME0774,Jyoti Pinto,1,132.8,4.3,19.7,95.0,8.5,9.0,89.2,High,
DB_1936_WD,2024CE0775,Ankita Choudhury,5,188.3,6.04,30.1,95.0,6.3,6.87,76.1,High,
DB_1936_ML,2024CE0775,Ankita Choudhury,3,193.3,3.8,13.6,80.0,6.8,6.87,75.5,High,
DB_1937_CN,2025CS0776,Shilpa Nair,6,102.9,5.46,15.82,75.0,5.3,5.77,60.5,Medium,
DB_1937_AIML,2025CS0776,Shilpa Nair,5,143.2,4.1,24.1,95.0,5.4,5.77,59.2,Medium,
DB_1938_DS,2023IT0777,Ritika Goel,5,97.8,9.44,28.5,100.0,8.8,8.71,90.1,High,
DB_1938_PY,2023IT0777,Ritika Goel,9,201.5,9.01,24.98,95.0,8.9,8.71,88.3,High,
DB_1938_CN,2023IT0777,Ritika Goel,17,357.5,8.3,29.7,100.0,8.6,8.71,96.6,High,
DB_1938_ML,2023IT0777,Ritika Goel,2,147.9,5.0,19.9,100.0,9.4,8.71,96.4,High,
DB_1939_PY,2024AI0778,Ekta Fernandes,5,126.3,6.08,17.72,85.0,5.9,6.48,66.8,Medium,
DB_1939_CN,2024AI0778,Ekta Fernandes,8,110.1,5.9,18.32,95.0,6.1,6.48,73.4,Medium,
DB_1939_DSC,2024AI0778,Ekta Fernandes,5,126.7,6.8,16.1,90.0,5.8,6.48,71.7,Medium,
DB_1939_AIML,2024AI0778,Ekta Fernandes,10,200.2,6.56,25.93,75.0,6.7,6.48,70.9,Medium,
DB_1940_DS,2025DS0779,Trisha Bishnoi,6,150.3,5.77,16.96,85.0,5.1,6.16,61.5,Medium,
DB_1940_CN,2025DS0779,Trisha Bishnoi,2,44.5,5.26,12.47,75.0,4.8,6.16,56.3,Medium,
DB_1940_DSC,2025DS0779,Trisha Bishnoi,6,232.2,4.2,18.68,80.0,5.6,6.16,59.3,Medium,
DB_1941_PY,2023EC0780,Mayank Kulkarni,11,258.7,7.42,19.5,90.0,6.6,7.2,74.7,Medium,
DB_1941_CN,2023EC0780,Mayank Kulkarni,11,243.5,6.08,19.47,90.0,7.3,7.2,75.9,High,
DB_1941_DSC,2023EC0780,Mayank Kulkarni,11,240.8,6.78,24.08,95.0,6.7,7.2,76.0,High,
DB_1942_WD,2024EE0781,Atharva Singh,6,182.4,4.15,11.73,85.0,4.6,5.12,58.1,Medium,
DB_1942_ML,2024EE0781,Atharva Singh,1,101.4,2.3,11.1,75.0,5.5,5.12,53.8,Medium,
DB_1943_DS,2025ME0782,Ramesh Khanna,17,445.8,8.99,20.0,85.0,8.5,9.33,89.6,High,
DB_1943_WD,2025ME0782,Ramesh Khanna,18,462.7,8.75,26.38,100.0,8.8,9.33,95.4,High,
DB_1944_DS,2023CE0783,Mayank Shah,12,205.3,8.3,27.8,85.0,7.7,8.48,84.0,High,
DB_1944_WD,2023CE0783,Mayank Shah,7,142.5,7.74,27.4,95.0,8.4,8.48,87.4,High,
DB_1944_AIML,2023CE0783,Mayank Shah,6,116.2,8.87,34.62,85.0,8.2,8.48,84.0,High,
DB_1945_DS,2024CS0784,Ravi Anand,10,289.2,7.87,20.84,95.0,6.5,6.38,77.3,High,
DB_1945_WD,2024CS0784,Ravi Anand,8,229.1,6.43,24.33,85.0,6.7,6.38,70.7,Medium,
DB_1945_AIML,2024CS0784,Ravi Anand,9,205.6,7.48,30.9,90.0,7.4,6.38,77.4,High,
DB_1946_PY,2025IT0785,Rishabh Saini,15,264.5,9.4,25.0,85.0,9.4,8.97,93.9,High,
DB_1946_WD,2025IT0785,Rishabh Saini,11,299.2,9.24,31.4,95.0,9.5,8.97,94.5,High,
DB_1946_DSC,2025IT0785,Rishabh Saini,17,416.1,9.0,30.5,100.0,9.0,8.97,93.7,High,
DB_1946_ML,2025IT0785,Rishabh Saini,3,188.5,5.0,20.0,100.0,9.4,8.97,95.8,High,
DB_1947_DS,2023AI0786,Myra Yadav,11,246.9,10.0,29.12,90.0,9.4,9.77,98.0,High,
DB_1947_PY,2023AI0786,Myra Yadav,13,273.7,9.97,25.18,95.0,9.3,9.77,98.0,High,
DB_1947_CN,2023AI0786,Myra Yadav,13,248.0,9.16,22.5,95.0,9.7,9.77,97.0,High,
DB_1947_DSC,2023AI0786,Myra Yadav,16,392.4,9.2,30.5,95.0,10.0,9.77,93.0,High,
DB_1948_WD,2024DS0787,Urvashi Bhattacharya,7,166.3,4.68,13.38,85.0,5.2,5.14,58.0,Medium,
DB_1948_DSC,2024DS0787,Urvashi Bhattacharya,6,192.9,3.95,17.5,85.0,5.2,5.14,59.4,Medium,
DB_1948_AIML,2024DS0787,Urvashi Bhattacharya,4,89.3,5.38,22.8,90.0,5.1,5.14,60.6,Medium,
DB_1948_ML,2024DS0787,Urvashi Bhattacharya,1,106.8,2.6,11.0,65.0,5.1,5.14,52.7,Medium,
DB_1949_DS,2025EC0788,Devanshi Bajaj,14,334.7,6.25,17.35,80.0,5.2,5.52,62.3,Medium,
DB_1949_WD,2025EC0788,Devanshi Bajaj,4,127.9,7.2,18.85,80.0,6.1,5.52,70.7,Medium,
DB_1950_PY,2023EE0789,Jagdish Ahuja,11,184.2,8.47,20.65,85.0,7.5,7.22,82.7,High,
DB_1950_CN,2023EE0789,Jagdish Ahuja,10,229.2,8.34,34.9,80.0,7.6,7.22,83.6,High,
DB_1950_AIML,2023EE0789,Jagdish Ahuja,13,279.4,7.78,33.54,90.0,7.6,7.22,83.7,High,
DB_1950_ML,2023EE0789,Jagdish Ahuja,2,169.3,3.5,16.2,100.0,8.0,7.22,81.7,High,
DB_1951_PY,2024ME0790,Radhika Chaubey,8,158.8,7.85,23.15,100.0,7.7,8.29,83.2,High,
DB_1951_WD,2024ME0790,Radhika Chaubey,12,359.6,6.73,18.63,85.0,7.2,8.29,78.0,High,
DB_1951_DSC,2024ME0790,Radhika Chaubey,7,236.2,6.6,18.3,90.0,7.8,8.29,81.1,High,
DB_1952_WD,2025CE0791,Abhishek Mittal,12,214.7,9.0,31.34,95.0,9.4,9.75,94.7,High,
DB_1952_CN,2025CE0791,Abhishek Mittal,19,391.8,8.9,19.0,90.0,9.4,9.75,94.1,High,
DB_1952_DSC,2025CE0791,Abhishek Mittal,6,120.6,9.9,26.02,95.0,9.0,9.75,95.4,High,
DB_1952_ML,2025CE0791,Abhishek Mittal,3,193.2,5.0,17.6,100.0,8.9,9.75,97.5,High,
DB_1953_WD,2023CS0792,Lavanya Shah,11,335.7,10.0,47.2,90.0,8.6,8.48,95.4,High,
DB_1953_CN,2023CS0792,Lavanya Shah,7,102.5,9.0,24.62,100.0,9.0,8.48,93.8,High,
DB_1953_ML,2023CS0792,Lavanya Shah,3,204.6,4.6,18.7,95.0,8.8,8.48,88.9,High,
DB_1954_PY,2024IT0793,Navya Duggal,9,239.6,7.06,15.4,90.0,6.4,7.26,76.3,High,
DB_1954_DSC,2024IT0793,Navya Duggal,8,148.1,6.99,28.25,90.0,6.7,7.26,72.0,Medium,
DB_1954_AIML,2024IT0793,Navya Duggal,9,174.5,7.1,26.67,90.0,6.3,7.26,70.8,Medium,
DB_1955_CN,2025AI0794,Chinmay Mathew,7,156.6,7.4,19.77,90.0,7.5,7.74,78.8,High,
DB_1955_AIML,2025AI0794,Chinmay Mathew,6,137.9,7.25,26.95,65.0,7.0,7.74,71.7,Medium,
DB_1956_DS,2023DS0795,Krishna Tripathi,15,423.5,8.87,20.53,85.0,8.0,9.07,85.0,High,
DB_1956_AIML,2023DS0795,Krishna Tripathi,3,85.9,8.31,34.99,100.0,8.0,9.07,86.3,High,
DB_1956_ML,2023DS0795,Krishna Tripathi,3,193.5,4.7,18.4,80.0,8.2,9.07,90.4,High,
DB_1957_CN,2024EC0796,Kailash Bose,8,178.4,5.3,10.25,90.0,5.4,5.52,61.5,Medium,
DB_1957_DSC,2024EC0796,Kailash Bose,4,89.6,4.22,12.8,80.0,5.0,5.52,57.5,Medium,
DB_1957_AIML,2024EC0796,Kailash Bose,6,126.0,5.8,21.6,65.0,5.4,5.52,58.7,Medium,
DB_1958_PY,2025EE0797,Pari Singhal,9,234.1,6.93,19.45,80.0,6.1,5.57,68.4,Medium,
DB_1958_WD,2025EE0797,Pari Singhal,10,294.3,6.0,28.9,90.0,6.6,5.57,67.3,Medium,
DB_1958_CN,2025EE0797,Pari Singhal,4,66.4,6.09,15.36,90.0,6.2,5.57,67.3,Medium,
DB_1958_ML,2025EE0797,Pari Singhal,2,161.2,3.9,13.7,85.0,6.3,5.57,73.0,Medium,
DB_1959_PY,2023ME0798,Ravi Tomar,16,332.1,9.07,24.49,95.0,9.2,9.11,94.0,High,
DB_1959_ML,2023ME0798,Ravi Tomar,3,203.3,5.0,18.85,100.0,8.6,9.11,96.2,High,
DB_1960_PY,2024CE0799,Harsh Shukla,9,215.6,8.6,20.42,80.0,7.1,7.82,82.1,High,
DB_1960_WD,2024CE0799,Harsh Shukla,13,331.0,8.15,23.44,90.0,7.6,7.82,77.5,High,
DB_1960_DSC,2024CE0799,Harsh Shukla,7,116.0,8.3,26.7,85.0,7.6,7.82,79.9,High,
DB_1960_ML,2024CE0799,Harsh Shukla,2,165.6,4.3,14.5,95.0,7.4,7.82,81.1,High,
DB_1961_WD,2025CS0800,Kailash Bajaj,10,310.1,6.09,18.46,90.0,5.4,5.13,64.7,Medium,
DB_1961_CN,2025CS0800,Kailash Bajaj,7,169.9,6.27,25.2,90.0,6.1,5.13,68.8,Medium,
DB_1961_ML,2025CS0800,Kailash Bajaj,2,160.4,3.6,14.2,75.0,5.9,5.13,69.9,Medium,
DB_1962_PY,2023IT0801,Shilpa Solanki,11,248.3,7.98,22.4,90.0,7.7,9.33,82.5,High,
DB_1962_DSC,2023IT0801,Shilpa Solanki,10,235.2,8.06,16.5,85.0,8.4,9.33,83.0,High,
DB_1963_WD,2024AI0802,Dhruv Jangid,11,325.2,5.8,21.48,80.0,6.7,7.06,67.7,Medium,
DB_1963_DSC,2024AI0802,Dhruv Jangid,6,169.8,6.96,24.39,85.0,6.9,7.06,76.2,High,
DB_1963_AIML,2024AI0802,Dhruv Jangid,7,141.0,6.1,28.47,85.0,6.9,7.06,68.8,Medium,
DB_1963_ML,2024AI0802,Dhruv Jangid,2,156.7,4.3,14.6,95.0,7.1,7.06,81.7,High,
DB_1964_PY,2025DS0803,Santosh Sen,11,266.1,8.6,22.27,95.0,8.4,8.58,89.1,High,
DB_1964_AIML,2025DS0803,Santosh Sen,5,108.3,8.5,33.27,90.0,7.7,8.58,85.5,High,
DB_1965_DS,2023EC0804,Akash Jindal,8,225.7,7.25,22.12,65.0,6.2,7.09,71.5,Medium,
DB_1965_PY,2023EC0804,Akash Jindal,6,167.6,6.94,17.44,95.0,6.0,7.09,74.2,Medium,
DB_1965_AIML,2023EC0804,Akash Jindal,8,150.5,6.73,27.54,85.0,6.8,7.09,72.0,Medium,
DB_1965_ML,2023EC0804,Akash Jindal,1,127.0,3.5,13.45,70.0,6.4,7.09,69.0,Medium,
DB_1966_PY,2024EE0805,Nikhil Pandey,9,142.4,5.4,16.82,90.0,5.6,5.84,62.4,Medium,
DB_1966_CN,2024EE0805,Nikhil Pandey,8,156.6,4.27,14.18,85.0,5.0,5.84,57.4,Medium,
DB_1966_DSC,2024EE0805,Nikhil Pandey,9,218.7,4.72,17.79,65.0,5.5,5.84,57.7,Medium,
DB_1966_AIML,2024EE0805,Nikhil Pandey,11,228.9,5.57,19.68,80.0,5.5,5.84,59.3,Medium,
DB_1967_PY,2025ME0806,Deepak Sood,11,218.5,7.22,21.33,80.0,6.5,6.25,68.0,Medium,
DB_1967_CN,2025ME0806,Deepak Sood,5,144.2,2.6,17.16,90.0,6.0,6.25,68.6,Medium,
DB_1967_DSC,2025ME0806,Deepak Sood,6,174.6,6.65,22.63,80.0,6.4,6.25,69.7,Medium,
DB_1968_PY,2023CE0807,Nisha Lamba,8,136.8,4.38,11.82,85.0,4.1,5.07,57.1,Medium,
DB_1968_CN,2023CE0807,Nisha Lamba,6,178.8,3.98,13.59,75.0,4.6,5.07,54.1,Medium,
DB_1968_DSC,2023CE0807,Nisha Lamba,8,193.5,3.77,14.9,70.0,4.0,5.07,48.6,Low,
DB_1969_PY,2024CS0808,Sai Rao,4,68.7,9.65,24.34,95.0,9.0,9.29,95.6,High,
DB_1969_DSC,2024CS0808,Sai Rao,8,200.4,9.57,29.45,95.0,9.4,9.29,97.0,High,
DB_1969_AIML,2024CS0808,Sai Rao,13,262.9,9.57,37.26,95.0,9.0,9.29,97.3,High,
DB_1970_DS,2025IT0809,Esha Chauhan,9,300.2,5.7,22.83,85.0,5.6,6.26,63.5,Medium,
DB_1970_PY,2025IT0809,Esha Chauhan,6,136.9,6.52,17.16,75.0,6.3,6.26,65.0,Medium,
DB_1970_WD,2025IT0809,Esha Chauhan,10,265.8,6.3,18.44,75.0,5.8,6.26,62.9,Medium,
DB_1970_DSC,2025IT0809,Esha Chauhan,6,192.8,5.3,19.6,95.0,6.1,6.26,64.8,Medium,
DB_1971_DS,2023AI0810,Sunil Deshmukh,13,258.2,9.56,30.15,95.0,8.5,9.65,97.1,High,
DB_1971_WD,2023AI0810,Sunil Deshmukh,17,452.3,9.2,33.55,90.0,8.5,9.65,89.7,High,
DB_1971_DSC,2023AI0810,Sunil Deshmukh,6,170.9,8.07,29.83,95.0,8.5,9.65,93.1,High,
DB_1971_AIML,2023AI0810,Sunil Deshmukh,13,240.1,9.16,33.33,100.0,9.0,9.65,94.4,High,
DB_1972_DS,2024DS0811,Esha Kohli,9,293.1,8.3,26.71,95.0,8.0,8.82,87.1,High,
DB_1972_WD,2024DS0811,Esha Kohli,7,250.9,8.33,30.48,95.0,7.8,8.82,90.0,High,
DB_1972_CN,2024DS0811,Esha Kohli,11,213.3,8.47,23.5,95.0,8.7,8.82,91.8,High,
DB_1973_DS,2025EC0812,Pankaj Nair,13,265.4,9.14,32.0,90.0,8.7,8.81,92.8,High,
DB_1973_PY,2025EC0812,Pankaj Nair,13,242.4,9.09,23.06,95.0,8.6,8.81,90.6,High,
DB_1973_DSC,2025EC0812,Pankaj Nair,4,89.8,8.28,26.87,100.0,8.9,8.81,93.7,High,
DB_1973_ML,2025EC0812,Pankaj Nair,3,189.0,3.9,16.1,90.0,8.8,8.81,85.8,High,
DB_1974_CN,2023EE0813,Yamini Chopra,13,248.8,5.03,16.53,90.0,6.5,7.37,73.5,Medium,
DB_1974_DSC,2023EE0813,Yamini Chopra,7,126.1,6.26,19.13,80.0,6.3,7.37,68.2,Medium,
DB_1974_AIML,2023EE0813,Yamini Chopra,7,149.1,6.23,27.23,95.0,6.4,7.37,68.8,Medium,
DB_1975_DS,2024ME0814,Sachin Ahuja,20,511.3,9.15,25.44,95.0,9.3,8.96,92.0,High,
DB_1975_WD,2024ME0814,Sachin Ahuja,12,359.2,8.27,26.32,100.0,9.1,8.96,96.0,High,
DB_1975_CN,2024ME0814,Sachin Ahuja,16,357.0,8.12,29.7,95.0,9.5,8.96,92.3,High,
DB_1975_DSC,2024ME0814,Sachin Ahuja,7,185.5,8.42,27.2,100.0,9.5,8.96,92.8,High,
DB_1976_WD,2025CE0815,Vivek Chakraborty,10,252.5,6.95,21.06,95.0,7.2,7.97,77.6,High,
DB_1976_DSC,2025CE0815,Vivek Chakraborty,8,216.7,6.0,24.93,85.0,7.0,7.97,73.7,Medium,
DB_1977_WD,2023CS0816,Mukesh Majumdar,11,334.5,7.52,37.7,95.0,6.9,7.65,80.9,High,
DB_1977_AIML,2023CS0816,Mukesh Majumdar,9,186.5,7.62,27.2,90.0,7.3,7.65,79.5,High,
DB_1977_ML,2023CS0816,Mukesh Majumdar,2,165.9,3.2,14.7,90.0,7.4,7.65,76.8,High,
DB_1978_PY,2024IT0817,Dev Lamba,11,302.9,9.1,25.7,100.0,8.8,8.3,91.7,High,
DB_1978_CN,2024IT0817,Dev Lamba,11,253.7,8.57,22.0,100.0,8.5,8.3,87.8,High,
DB_1978_DSC,2024IT0817,Dev Lamba,14,375.9,8.18,17.5,100.0,8.3,8.3,88.5,High,
DB_1979_AIML,2025AI0818,Aarav Mathew,12,245.9,7.97,30.43,85.0,6.8,7.17,78.7,High,
DB_1979_ML,2025AI0818,Aarav Mathew,2,153.0,3.2,15.6,100.0,7.7,7.17,78.9,High,
DB_1980_DS,2023DS0819,Dev Deshmukh,12,214.7,4.1,14.0,65.0,4.8,5.59,50.0,Medium,
DB_1980_DSC,2023DS0819,Dev Deshmukh,5,132.4,5.15,11.8,90.0,5.2,5.59,64.7,Medium,
DB_1981_PY,2024EC0820,Muskan Nambiar,7,230.8,5.55,17.44,85.0,6.3,5.28,63.5,Medium,
DB_1981_WD,2024EC0820,Muskan Nambiar,9,225.2,5.7,17.92,95.0,5.7,5.28,63.8,Medium,
DB_1982_CN,2025EE0821,Hemlata Ghosh,6,86.1,6.2,16.05,75.0,6.5,6.31,68.6,Medium,
DB_1982_ML,2025EE0821,Hemlata Ghosh,2,182.2,3.4,11.9,85.0,5.7,6.31,66.2,Medium,
DB_1983_WD,2023ME0822,Gaurav Pandey,8,176.2,6.16,21.59,80.0,6.3,7.39,68.0,Medium,
DB_1983_CN,2023ME0822,Gaurav Pandey,3,62.5,6.9,21.7,80.0,6.9,7.39,74.9,Medium,
DB_1984_WD,2024CE0823,Reyansh Deshmukh,7,137.2,5.17,16.6,80.0,4.7,5.39,58.2,Medium,
DB_1984_DSC,2024CE0823,Reyansh Deshmukh,5,156.8,4.62,19.45,70.0,4.1,5.39,56.6,Medium,
DB_1984_AIML,2024CE0823,Reyansh Deshmukh,3,87.2,5.22,20.4,65.0,4.9,5.39,52.1,Medium,
DB_1984_ML,2024CE0823,Reyansh Deshmukh,2,149.9,3.0,10.3,80.0,4.8,5.39,58.3,Medium,
DB_1985_DS,2025CS0824,Vihaan Solanki,17,452.8,8.11,24.58,90.0,8.0,8.62,83.6,High,
DB_1985_WD,2025CS0824,Vihaan Solanki,15,399.2,7.8,22.43,95.0,8.2,8.62,82.8,High,
DB_1985_DSC,2025CS0824,Vihaan Solanki,6,140.3,7.47,25.22,90.0,8.2,8.62,86.5,High,
DB_1985_ML,2025CS0824,Vihaan Solanki,3,195.6,3.7,17.05,100.0,8.1,8.62,85.9,High,
DB_1986_DS,2023IT0825,Falguni Pillai,13,403.1,7.36,24.2,70.0,7.5,8.68,72.9,Medium,
DB_1986_PY,2023IT0825,Falguni Pillai,10,209.3,7.49,20.9,90.0,7.6,8.68,79.3,High,
DB_1986_AIML,2023IT0825,Falguni Pillai,11,240.4,6.9,37.23,95.0,7.8,8.68,78.0,High,
DB_1987_CN,2024AI0826,Bhavya Pinto,16,355.9,8.11,23.62,75.0,7.8,8.56,81.4,High,
DB_1987_DSC,2024AI0826,Bhavya Pinto,8,136.0,7.54,37.1,95.0,8.1,8.56,86.8,High,
DB_1987_AIML,2024AI0826,Bhavya Pinto,8,156.5,9.32,35.55,95.0,8.8,8.56,88.9,High,
DB_1988_DS,2025DS0827,Arjun Ghosh,15,340.1,9.1,34.9,95.0,9.2,9.22,89.4,High,
DB_1988_DSC,2025DS0827,Arjun Ghosh,14,357.8,8.67,23.5,80.0,8.8,9.22,88.3,High,
DB_1988_AIML,2025DS0827,Arjun Ghosh,8,145.1,9.56,38.27,95.0,9.4,9.22,95.3,High,
DB_1988_ML,2025DS0827,Arjun Ghosh,2,158.6,4.6,18.0,95.0,8.6,9.22,89.4,High,
DB_1989_WD,2023EC0828,Tushar Rao,8,175.7,6.58,24.08,85.0,5.9,7.06,74.8,Medium,
DB_1989_ML,2023EC0828,Tushar Rao,2,180.0,3.1,12.95,90.0,6.7,7.06,73.0,Medium,
DB_1990_DS,2024EE0829,Chirag Vashistha,4,145.2,7.03,22.82,85.0,6.3,7.19,76.4,High,
DB_1990_PY,2024EE0829,Chirag Vashistha,6,202.8,7.11,18.27,80.0,6.3,7.19,73.3,Medium,
DB_1990_WD,2024EE0829,Chirag Vashistha,10,277.6,7.55,21.73,80.0,6.3,7.19,73.1,Medium,
DB_1990_DSC,2024EE0829,Chirag Vashistha,11,268.2,5.4,21.65,95.0,6.2,7.19,70.9,Medium,
DB_1991_PY,2025ME0830,Jagdish Batra,16,291.3,6.3,20.52,95.0,6.9,7.29,76.3,High,
DB_1991_CN,2025ME0830,Jagdish Batra,7,121.9,5.9,18.62,90.0,7.2,7.29,78.3,High,
DB_1991_AIML,2025ME0830,Jagdish Batra,7,152.9,7.05,36.4,85.0,6.8,7.29,73.7,Medium,
DB_1992_DS,2023CE0831,Mayank Bhattacharya,9,254.3,7.98,24.83,85.0,6.5,7.25,78.9,High,
DB_1992_PY,2023CE0831,Mayank Bhattacharya,8,181.8,8.6,19.37,85.0,6.6,7.25,78.9,High,
DB_1993_WD,2024CS0832,Kabir Mahajan,7,142.8,7.96,23.66,90.0,7.4,8.56,81.1,High,
DB_1993_AIML,2024CS0832,Kabir Mahajan,10,224.1,8.03,36.6,90.0,7.6,8.56,83.2,High,
DB_1993_ML,2024CS0832,Kabir Mahajan,2,162.5,4.0,14.1,90.0,7.9,8.56,78.3,High,
DB_1994_DS,2025IT0833,Saanvi Majumdar,19,398.4,8.63,27.49,100.0,7.7,7.73,83.2,High,
DB_1994_WD,2025IT0833,Saanvi Majumdar,14,282.9,7.39,19.65,90.0,8.1,7.73,78.9,High,
DB_1994_ML,2025IT0833,Saanvi Majumdar,3,195.9,4.0,16.1,95.0,8.1,7.73,81.9,High,
DB_1995_DS,2023AI0834,Gautam Sethi,7,229.8,6.55,19.98,90.0,6.6,6.74,67.9,Medium,
DB_1995_WD,2023AI0834,Gautam Sethi,7,275.7,5.9,24.05,85.0,5.9,6.74,69.8,Medium,
DB_1995_AIML,2023AI0834,Gautam Sethi,11,207.3,6.93,25.0,65.0,6.3,6.74,64.8,Medium,
DB_1995_ML,2023AI0834,Gautam Sethi,3,200.1,3.9,13.7,90.0,6.1,6.74,76.0,High,
DB_1996_WD,2024DS0835,Tanisha Agarwal,8,213.8,5.78,17.1,60.0,5.3,5.42,62.4,Medium,
DB_1996_CN,2024DS0835,Tanisha Agarwal,5,174.8,6.28,15.02,85.0,6.1,5.42,66.2,Medium,
DB_1996_ML,2024DS0835,Tanisha Agarwal,3,196.3,2.9,10.9,75.0,5.4,5.42,60.2,Medium,
DB_1997_DS,2025EC0836,Kiara Arora,15,405.4,7.67,16.6,80.0,7.1,7.59,81.4,High,
DB_1997_PY,2025EC0836,Kiara Arora,7,155.9,7.3,21.18,85.0,7.0,7.59,75.0,High,
DB_1998_DS,2023EE0837,Vishal Duggal,13,414.7,7.2,20.21,100.0,6.9,7.38,78.6,High,
DB_1998_WD,2023EE0837,Vishal Duggal,5,111.6,7.2,16.95,85.0,6.0,7.38,73.6,Medium,
DB_1998_AIML,2023EE0837,Vishal Duggal,7,154.1,6.5,27.54,85.0,6.3,7.38,73.7,Medium,
DB_1998_ML,2023EE0837,Vishal Duggal,2,155.7,3.9,14.6,85.0,6.7,7.38,75.2,High,
DB_1999_DS,2024ME0838,Atharva Chaubey,8,168.5,6.06,14.8,90.0,5.2,6.41,65.1,Medium,
DB_1999_DSC,2024ME0838,Atharva Chaubey,6,178.1,5.1,20.68,90.0,6.0,6.41,66.6,Medium,
DB_2000_DS,2025CE0839,Deepa Pandey,9,310.6,9.63,27.1,90.0,8.6,9.67,87.6,High,
DB_2000_ML,2025CE0839,Deepa Pandey,3,188.4,4.6,16.3,90.0,8.6,9.67,86.1,High,
DB_2001_DSC,2023CS0840,Divya Fernandes,9,198.8,8.56,30.02,95.0,9.4,9.02,93.9,High,
DB_2001_AIML,2023CS0840,Divya Fernandes,14,297.0,8.97,33.35,100.0,9.0,9.02,93.8,High,
DB_2001_ML,2023CS0840,Divya Fernandes,3,183.5,4.0,19.0,85.0,8.6,9.02,86.9,High,
DB_2002_WD,2024IT0841,Riya Sood,10,248.4,8.43,17.1,90.0,8.5,8.95,90.1,High,
DB_2002_AIML,2024IT0841,Riya Sood,10,209.5,8.44,35.86,85.0,8.6,8.95,86.9,High,
DB_2003_WD,2025AI0842,Ayan Reddy,10,286.5,6.25,18.6,95.0,5.8,5.97,71.1,Medium,
DB_2003_ML,2025AI0842,Ayan Reddy,1,139.8,3.3,13.7,100.0,5.9,5.97,72.9,Medium,
DB_2004_DS,2023DS0843,Sneha Prajapat,8,187.8,5.93,16.18,75.0,5.0,6.14,61.0,Medium,
DB_2004_WD,2023DS0843,Sneha Prajapat,10,277.6,5.25,16.2,85.0,5.4,6.14,62.3,Medium,
DB_2004_AIML,2023DS0843,Sneha Prajapat,10,185.9,5.86,24.18,85.0,5.6,6.14,67.0,Medium,
DB_2004_ML,2023DS0843,Sneha Prajapat,3,190.6,3.3,9.1,90.0,5.7,6.14,60.7,Medium,
DB_2005_DS,2024EC0844,Lokesh Shukla,7,145.0,7.68,21.43,80.0,6.8,6.54,71.2,Medium,
DB_2005_WD,2024EC0844,Lokesh Shukla,9,179.8,8.4,17.62,90.0,7.5,6.54,79.4,High,
DB_2005_CN,2024EC0844,Lokesh Shukla,5,88.8,7.34,18.05,85.0,6.8,6.54,77.1,High,
DB_2005_AIML,2024EC0844,Lokesh Shukla,8,164.1,6.98,29.15,90.0,7.4,6.54,75.2,High,
DB_2006_DS,2025EE0845,Kunal Malhotra,9,212.9,6.0,21.02,65.0,6.1,5.85,64.2,Medium,
DB_2006_CN,2025EE0845,Kunal Malhotra,8,218.2,5.35,16.38,95.0,6.0,5.85,68.0,Medium,
DB_2006_ML,2025EE0845,Kunal Malhotra,2,152.7,3.2,10.85,70.0,5.8,5.85,61.8,Medium,
DB_2007_DS,2023ME0846,Indu Singhal,6,171.6,9.6,21.6,95.0,9.1,9.48,94.8,High,
DB_2007_WD,2023ME0846,Indu Singhal,9,224.5,8.52,28.42,100.0,9.0,9.48,93.9,High,
DB_2007_DSC,2023ME0846,Indu Singhal,8,186.7,10.0,24.82,100.0,9.0,9.48,95.4,High,
DB_2007_AIML,2023ME0846,Indu Singhal,5,94.1,9.98,39.89,90.0,9.9,9.48,97.4,High,
DB_2008_CN,2024CE0847,Darsh Joshi,7,147.0,3.9,18.0,90.0,7.3,7.61,76.5,High,
DB_2008_AIML,2024CE0847,Darsh Joshi,9,168.4,7.75,31.66,90.0,6.9,7.61,78.2,High,
DB_2009_WD,2025CS0848,Kartik Bhasin,9,205.6,7.8,19.9,75.0,5.9,6.98,70.1,Medium,
DB_2009_CN,2025CS0848,Kartik Bhasin,7,171.3,5.64,17.6,95.0,5.6,6.98,68.7,Medium,
DB_2009_DSC,2025CS0848,Kartik Bhasin,10,320.5,4.8,22.9,75.0,6.2,6.98,61.1,Medium,
DB_2010_PY,2023IT0849,Dev Nair,19,408.0,8.51,19.6,95.0,7.8,7.93,91.8,High,
DB_2010_AIML,2023IT0849,Dev Nair,13,247.4,8.97,36.6,95.0,8.6,7.93,88.8,High,
DB_2011_DS,2024AI0850,Chirag Mathew,11,255.8,7.13,20.12,80.0,6.9,6.51,72.7,Medium,
DB_2011_DSC,2024AI0850,Chirag Mathew,9,223.9,7.0,23.98,75.0,7.2,6.51,74.1,Medium,
DB_2011_ML,2024AI0850,Chirag Mathew,3,192.7,3.9,15.6,95.0,6.5,6.51,77.9,High,
DB_2012_DS,2025DS0851,Monali Garg,15,400.5,6.62,21.0,100.0,6.9,6.02,71.3,Medium,
DB_2012_PY,2025DS0851,Monali Garg,8,244.8,6.78,17.36,90.0,6.4,6.02,69.5,Medium,
DB_2012_CN,2025DS0851,Monali Garg,7,160.3,7.25,18.29,75.0,6.8,6.02,66.5,Medium,
DB_2012_ML,2025DS0851,Monali Garg,2,179.3,4.0,12.4,85.0,6.8,6.02,68.6,Medium,
DB_2013_WD,2023EC0852,Nidhi Chopra,9,250.4,5.4,17.15,70.0,5.5,6.03,57.9,Medium,
DB_2013_CN,2023EC0852,Nidhi Chopra,6,96.4,4.76,13.6,80.0,5.6,6.03,62.3,Medium,
DB_2014_DS,2024EE0853,Indu Pinto,13,296.8,8.8,18.05,100.0,7.8,8.39,83.7,High,
DB_2014_PY,2024EE0853,Indu Pinto,10,240.2,9.05,23.43,90.0,8.6,8.39,86.2,High,
DB_2014_CN,2024EE0853,Indu Pinto,6,159.3,9.5,22.56,95.0,8.2,8.39,91.7,High,
DB_2014_AIML,2024EE0853,Indu Pinto,7,136.1,9.7,32.25,95.0,8.3,8.39,88.9,High,
DB_2015_DS,2025ME0854,Parag Lamba,16,418.9,7.13,24.57,95.0,6.9,8.14,79.3,High,
DB_2015_PY,2025ME0854,Parag Lamba,10,201.4,7.83,19.94,100.0,6.8,8.14,81.8,High,
DB_2016_DS,2023CE0855,Mansi Joseph,13,323.7,4.27,11.8,80.0,4.2,5.04,56.2,Medium,
DB_2016_PY,2023CE0855,Mansi Joseph,8,197.3,4.47,15.7,85.0,4.7,5.04,53.2,Medium,
DB_2016_WD,2023CE0855,Mansi Joseph,5,142.7,4.6,13.55,80.0,5.0,5.04,52.8,Medium,
DB_2016_CN,2023CE0855,Mansi Joseph,2,87.7,4.5,18.0,85.0,4.9,5.04,55.9,Medium,
DB_2017_WD,2024CS0856,Myra Arora,7,138.0,6.23,11.4,90.0,6.0,6.86,66.6,Medium,
DB_2017_DSC,2024CS0856,Myra Arora,7,144.7,7.17,21.18,85.0,6.8,6.86,73.9,Medium,
DB_2018_DS,2025IT0857,Shruti Goyal,8,178.4,9.35,29.22,95.0,9.1,8.78,92.0,High,
DB_2018_WD,2025IT0857,Shruti Goyal,14,304.8,7.92,26.91,100.0,9.2,8.78,91.7,High,
DB_2018_DSC,2025IT0857,Shruti Goyal,8,193.7,9.0,32.6,100.0,9.4,8.78,90.8,High,
DB_2018_AIML,2025IT0857,Shruti Goyal,10,212.3,9.2,42.67,95.0,8.7,8.78,95.7,High,
DB_2019_CN,2023AI0858,Harsh Pathak,14,258.1,8.8,17.5,85.0,7.1,8.49,85.4,High,
DB_2019_DSC,2023AI0858,Harsh Pathak,5,89.0,8.3,22.9,75.0,7.1,8.49,79.9,High,
DB_2019_AIML,2023AI0858,Harsh Pathak,12,239.8,7.42,29.95,90.0,7.1,8.49,83.0,High,
DB_2019_ML,2023AI0858,Harsh Pathak,3,194.2,4.0,14.0,70.0,7.7,8.49,74.9,Medium,
DB_2020_DS,2024DS0859,Mayank Kaushik,13,316.0,7.1,21.79,70.0,6.5,6.51,70.3,Medium,
DB_2020_PY,2024DS0859,Mayank Kaushik,12,287.8,6.93,25.0,90.0,6.7,6.51,70.6,Medium,
DB_2020_AIML,2024DS0859,Mayank Kaushik,6,125.5,6.1,27.47,75.0,6.4,6.51,65.4,Medium,
DB_2021_DS,2025EC0860,Trisha Ghoshal,15,333.2,8.62,26.4,90.0,8.8,8.17,89.5,High,
DB_2021_WD,2025EC0860,Trisha Ghoshal,8,165.2,8.8,31.8,100.0,8.1,8.17,88.5,High,
DB_2021_AIML,2025EC0860,Trisha Ghoshal,4,98.2,8.25,42.7,100.0,8.4,8.17,87.4,High,
DB_2022_PY,2023EE0861,Pallavi Upadhyay,9,257.1,7.43,22.67,90.0,8.1,9.04,81.5,High,
DB_2022_CN,2023EE0861,Pallavi Upadhyay,3,55.4,7.69,24.0,80.0,7.5,9.04,81.1,High,
DB_2022_DSC,2023EE0861,Pallavi Upadhyay,14,291.6,7.67,24.48,90.0,7.5,9.04,85.5,High,
DB_2022_ML,2023EE0861,Pallavi Upadhyay,3,196.9,4.4,15.3,100.0,7.9,9.04,86.4,High,
DB_2023_DS,2024ME0862,Vivek Goyal,18,454.5,8.3,27.85,85.0,8.5,9.22,85.5,High,
DB_2023_PY,2024ME0862,Vivek Goyal,11,272.3,8.8,23.33,85.0,8.1,9.22,83.6,High,
DB_2023_ML,2024ME0862,Vivek Goyal,3,187.6,3.8,16.9,100.0,8.0,9.22,84.1,High,
DB_2024_DSC,2025CE0863,Kiara Chakraborty,10,197.7,6.53,21.07,100.0,6.6,7.57,77.9,High,
DB_2024_AIML,2025CE0863,Kiara Chakraborty,8,161.8,6.85,23.0,90.0,7.1,7.57,74.7,Medium,
DB_2025_DS,2023CS0864,Devendra Rajput,10,241.8,7.78,23.62,100.0,7.4,7.64,83.6,High,
DB_2025_DSC,2023CS0864,Devendra Rajput,3,79.1,8.27,22.57,95.0,7.9,7.64,81.5,High,
DB_2025_AIML,2023CS0864,Devendra Rajput,7,162.3,8.0,30.97,95.0,7.8,7.64,83.9,High,
DB_2026_WD,2024IT0865,Myra Prajapat,6,132.0,5.74,17.1,75.0,5.2,5.05,60.9,Medium,
DB_2026_CN,2024IT0865,Myra Prajapat,7,129.3,5.99,13.9,90.0,5.4,5.05,64.9,Medium,
DB_2026_DSC,2024IT0865,Myra Prajapat,3,129.9,6.23,11.5,90.0,5.6,5.05,64.1,Medium,
DB_2026_ML,2024IT0865,Myra Prajapat,2,154.1,3.2,10.6,85.0,5.3,5.05,64.7,Medium,
DB_2027_WD,2025AI0866,Hiten Chaubey,5,102.9,4.15,14.95,80.0,4.8,5.4,51.7,Medium,
DB_2027_ML,2025AI0866,Hiten Chaubey,3,199.7,1.8,8.7,90.0,4.1,5.4,52.0,Medium,
DB_2028_CN,2023DS0867,Siddharth Lobo,5,78.8,6.49,16.65,90.0,7.1,7.39,74.2,Medium,
DB_2028_AIML,2023DS0867,Siddharth Lobo,11,220.5,6.75,25.47,95.0,7.1,7.39,75.4,High,
DB_2029_DS,2024EC0868,Lokesh Lobo,7,194.1,7.03,23.08,85.0,6.5,6.86,69.8,Medium,
DB_2029_ML,2024EC0868,Lokesh Lobo,3,190.4,3.4,13.7,95.0,7.0,6.86,73.4,Medium,
DB_2030_PY,2025EE0869,Manisha Nambiar,10,280.2,6.5,15.45,85.0,5.7,6.67,68.7,Medium,
DB_2030_WD,2025EE0869,Manisha Nambiar,9,310.0,4.65,19.35,85.0,5.5,6.67,66.8,Medium,
DB_2030_AIML,2025EE0869,Manisha Nambiar,8,210.2,6.27,31.3,80.0,5.9,6.67,64.8,Medium,
DB_2030_ML,2025EE0869,Manisha Nambiar,3,200.1,3.3,12.65,85.0,6.1,6.67,71.4,Medium,
DB_2031_DS,2023ME0870,Madhav Banerjee,11,359.5,9.7,17.8,85.0,9.0,9.58,93.6,High,
DB_2031_ML,2023ME0870,Madhav Banerjee,3,200.7,4.1,19.5,100.0,8.5,9.58,93.7,High,
DB_2032_PY,2024CE0871,Anjali Mahajan,8,174.2,7.6,20.65,100.0,7.5,8.09,84.0,High,
DB_2032_WD,2024CE0871,Anjali Mahajan,6,208.9,7.28,25.43,85.0,8.0,8.09,84.1,High,
DB_2032_ML,2024CE0871,Anjali Mahajan,3,202.4,4.5,15.9,90.0,8.0,8.09,86.5,High,
DB_2033_WD,2025CS0872,Ritvik Mehta,10,229.8,8.67,36.13,95.0,8.8,9.0,92.4,High,
DB_2033_DSC,2025CS0872,Ritvik Mehta,16,388.7,8.41,27.82,100.0,8.3,9.0,90.3,High,
DB_2033_AIML,2025CS0872,Ritvik Mehta,12,272.9,9.85,37.95,85.0,8.7,9.0,93.0,High,
DB_2034_PY,2023IT0873,Amit Mehta,11,282.7,8.08,21.63,100.0,7.4,7.74,81.5,High,
DB_2034_CN,2023IT0873,Amit Mehta,13,239.7,6.53,19.34,85.0,7.2,7.74,78.5,High,
DB_2035_PY,2024AI0874,Ananya Shah,8,254.7,6.9,18.64,90.0,6.7,7.79,72.5,Medium,
DB_2035_CN,2024AI0874,Ananya Shah,7,113.0,7.45,15.57,95.0,6.8,7.79,75.1,High,
DB_2035_AIML,2024AI0874,Ananya Shah,6,121.0,7.12,29.95,85.0,6.6,7.79,72.6,Medium,
DB_2036_PY,2025DS0875,Radhika Vashistha,14,319.0,8.26,23.75,100.0,7.5,9.15,85.0,High,
DB_2036_WD,2025DS0875,Radhika Vashistha,14,333.1,7.48,26.91,100.0,7.7,9.15,86.1,High,
DB_2036_AIML,2025DS0875,Radhika Vashistha,7,124.6,8.05,32.87,85.0,8.4,9.15,85.8,High,
DB_2037_DS,2023EC0876,Madhav Deshmukh,10,249.5,5.65,17.71,70.0,6.0,5.64,62.1,Medium,
DB_2037_WD,2023EC0876,Madhav Deshmukh,11,249.0,5.8,19.37,85.0,6.0,5.64,68.2,Medium,
DB_2037_CN,2023EC0876,Madhav Deshmukh,4,84.8,6.52,12.55,95.0,6.5,5.64,68.0,Medium,
DB_2037_ML,2023EC0876,Madhav Deshmukh,2,182.7,3.8,13.4,95.0,5.6,5.64,70.0,Medium,
DB_2038_DS,2024EE0877,Chetna Reddy,18,437.9,9.72,16.8,95.0,8.6,8.98,87.8,High,
DB_2038_PY,2024EE0877,Chetna Reddy,7,163.4,9.05,23.03,95.0,8.4,8.98,92.5,High,
DB_2038_AIML,2024EE0877,Chetna Reddy,5,93.3,8.76,34.98,80.0,9.2,8.98,87.4,High,
DB_2039_PY,2025ME0878,Bhavya Dhawan,7,136.5,7.67,15.4,90.0,7.0,7.58,77.4,High,
DB_2039_WD,2025ME0878,Bhavya Dhawan,10,256.7,5.53,20.56,90.0,7.6,7.58,78.2,High,
DB_2040_DS,2023CE0879,Jyoti Chauhan,9,236.7,6.6,23.67,95.0,6.3,7.17,76.1,High,
DB_2040_PY,2023CE0879,Jyoti Chauhan,15,263.8,6.06,17.67,95.0,6.7,7.17,72.6,Medium,
DB_2040_WD,2023CE0879,Jyoti Chauhan,7,211.1,6.07,33.7,80.0,6.0,7.17,68.5,Medium,
DB_2040_ML,2023CE0879,Jyoti Chauhan,2,151.3,3.8,13.0,90.0,6.2,7.17,73.2,Medium,
DB_2041_PY,2024CS0880,Urvashi Bhat,11,225.1,7.25,31.4,90.0,6.9,7.01,78.7,High,
DB_2041_CN,2024CS0880,Urvashi Bhat,12,273.0,6.79,16.06,85.0,6.8,7.01,73.8,Medium,
DB_2042_DS,2025IT0881,Devendra Solanki,6,132.1,5.35,15.45,85.0,5.7,5.31,61.3,Medium,
DB_2042_PY,2025IT0881,Devendra Solanki,5,142.5,6.54,17.91,85.0,5.9,5.31,68.5,Medium,
DB_2042_AIML,2025IT0881,Devendra Solanki,8,158.6,5.97,26.87,75.0,5.3,5.31,62.7,Medium,
DB_2043_WD,2023AI0882,Manisha Sanyal,7,163.3,6.1,22.51,95.0,6.7,7.78,73.1,Medium,
DB_2043_DSC,2023AI0882,Manisha Sanyal,6,205.0,7.25,21.2,85.0,7.2,7.78,73.2,Medium,
DB_2044_WD,2024DS0883,Kapil Upadhyay,5,110.1,3.3,19.44,90.0,5.6,6.08,68.4,Medium,
DB_2044_CN,2024DS0883,Kapil Upadhyay,4,68.9,4.93,12.6,85.0,5.3,6.08,57.7,Medium,
DB_2044_DSC,2024DS0883,Kapil Upadhyay,11,246.0,6.3,20.07,75.0,5.2,6.08,66.1,Medium,
DB_2045_PY,2025EC0884,Pranav Varghese,12,299.2,7.24,20.19,95.0,6.8,6.66,76.3,High,
DB_2045_CN,2025EC0884,Pranav Varghese,7,162.1,7.87,22.97,90.0,6.4,6.66,78.6,High,
DB_2045_ML,2025EC0884,Pranav Varghese,3,196.7,2.8,14.25,90.0,6.8,6.66,70.7,Medium,
DB_2046_PY,2023EE0885,Deepika D'Souza,5,176.3,5.9,14.36,90.0,4.8,5.13,59.1,Medium,
DB_2046_ML,2023EE0885,Deepika D'Souza,1,154.1,3.3,9.6,80.0,5.3,5.13,60.9,Medium,
DB_2047_DS,2024ME0886,Yogesh Agarwal,7,184.3,5.4,14.37,80.0,4.7,5.98,61.4,Medium,
DB_2047_CN,2024ME0886,Yogesh Agarwal,8,133.2,6.7,22.5,85.0,4.9,5.98,64.4,Medium,
DB_2047_AIML,2024ME0886,Yogesh Agarwal,6,133.4,5.38,20.75,95.0,4.8,5.98,59.0,Medium,
DB_2047_ML,2024ME0886,Yogesh Agarwal,2,162.4,3.0,11.9,90.0,4.7,5.98,62.8,Medium,
DB_2048_WD,2025CE0887,Garima Arora,8,272.1,7.53,23.63,95.0,8.1,9.11,86.0,High,
DB_2048_DSC,2025CE0887,Garima Arora,9,167.5,7.33,28.4,80.0,8.5,9.11,88.5,High,
DB_2048_AIML,2025CE0887,Garima Arora,4,71.4,8.57,48.7,100.0,8.5,9.11,92.5,High,
DB_2048_ML,2025CE0887,Garima Arora,3,193.7,4.9,19.8,95.0,8.2,9.11,97.1,High,
DB_2049_WD,2023CS0888,Deepak Banerjee,13,366.0,9.05,25.37,95.0,9.3,9.45,96.0,High,
DB_2049_DSC,2023CS0888,Deepak Banerjee,11,199.2,8.9,34.35,85.0,9.5,9.45,94.1,High,
DB_2050_WD,2024IT0889,Charu Kapoor,13,379.7,8.3,23.3,85.0,7.3,6.7,81.0,High,
DB_2050_CN,2024IT0889,Charu Kapoor,13,317.9,6.5,20.76,90.0,7.2,6.7,76.9,High,
DB_2051_WD,2025AI0890,Ashish Agarwal,11,267.1,5.96,20.4,95.0,5.9,7.59,72.5,Medium,
DB_2051_CN,2025AI0890,Ashish Agarwal,11,241.6,6.54,16.86,90.0,5.8,7.59,72.0,Medium,
DB_2051_DSC,2025AI0890,Ashish Agarwal,9,300.2,5.53,20.32,85.0,6.3,7.59,72.5,Medium,
DB_2052_PY,2023DS0891,Vipul Dhawan,11,217.7,10.0,18.45,100.0,9.4,9.67,94.4,High,
DB_2052_AIML,2023DS0891,Vipul Dhawan,16,316.6,9.7,43.33,95.0,9.4,9.67,98.0,High,
DB_2053_DS,2024EC0892,Kailash Mishra,10,238.8,7.6,23.07,80.0,7.0,7.74,74.0,Medium,
DB_2053_CN,2024EC0892,Kailash Mishra,9,227.1,4.95,23.37,85.0,7.2,7.74,76.9,High,
DB_2053_DSC,2024EC0892,Kailash Mishra,13,277.7,6.3,24.47,85.0,6.5,7.74,76.9,High,
DB_2054_CN,2025EE0893,Yamini Mathew,8,202.4,8.32,28.15,100.0,7.5,7.34,86.6,High,
DB_2054_DSC,2025EE0893,Yamini Mathew,12,299.6,8.6,26.33,95.0,8.3,7.34,85.3,High,
DB_2054_AIML,2025EE0893,Yamini Mathew,7,180.6,7.95,32.55,100.0,7.7,7.34,83.3,High,
DB_2055_DS,2023ME0894,Komal Choudhury,9,183.2,7.95,26.7,95.0,6.9,6.78,82.3,High,
DB_2055_CN,2023ME0894,Komal Choudhury,5,84.1,7.7,20.43,95.0,7.4,6.78,80.5,High,
DB_2056_WD,2024CE0895,Juhi Bansal,9,175.7,4.16,14.16,90.0,3.8,5.03,53.8,Medium,
DB_2056_CN,2024CE0895,Juhi Bansal,7,148.7,4.2,9.7,80.0,3.8,5.03,50.6,Medium,
DB_2056_DSC,2024CE0895,Juhi Bansal,4,95.3,4.08,11.7,85.0,4.3,5.03,53.3,Medium,
DB_2056_AIML,2024CE0895,Juhi Bansal,6,129.3,4.17,17.43,75.0,4.6,5.03,49.6,Low,
DB_2057_PY,2025CS0896,Jyoti Ghoshal,6,230.9,6.7,17.3,95.0,6.3,6.91,67.9,Medium,
DB_2057_WD,2025CS0896,Jyoti Ghoshal,9,265.9,3.6,17.85,90.0,6.4,6.91,73.1,Medium,
DB_2057_CN,2025CS0896,Jyoti Ghoshal,6,185.6,5.5,17.43,85.0,6.0,6.91,71.4,Medium,
DB_2057_AIML,2025CS0896,Jyoti Ghoshal,6,122.4,6.8,23.38,95.0,5.8,6.91,71.5,Medium,
DB_2058_CN,2023IT0897,Mamta Talwar,7,128.0,5.6,12.5,80.0,5.5,5.44,62.0,Medium,
DB_2058_DSC,2023IT0897,Mamta Talwar,2,154.5,5.75,16.86,90.0,5.4,5.44,65.4,Medium,
DB_2058_ML,2023IT0897,Mamta Talwar,2,178.0,2.1,11.6,70.0,5.4,5.44,53.1,Medium,
DB_2059_DSC,2024AI0898,Akanksha Dubey,13,289.1,9.86,38.9,95.0,10.0,9.69,98.0,High,
DB_2059_ML,2024AI0898,Akanksha Dubey,3,199.6,4.8,18.5,95.0,10.0,9.69,96.1,High,
DB_2060_DS,2025DS0899,Meenakshi Dhawan,4,85.0,5.85,17.75,95.0,6.1,6.45,66.5,Medium,
DB_2060_WD,2025DS0899,Meenakshi Dhawan,6,131.1,4.98,19.48,70.0,5.7,6.45,64.6,Medium,
DB_2060_ML,2025DS0899,Meenakshi Dhawan,2,144.7,3.2,11.75,80.0,5.9,6.45,67.0,Medium,
DB_2061_WD,2023EC0900,Reyansh Bhasin,6,118.1,6.2,16.05,100.0,5.8,6.96,65.2,Medium,
DB_2061_AIML,2023EC0900,Reyansh Bhasin,7,127.3,5.8,20.73,75.0,5.9,6.96,66.1,Medium,
DB_2061_ML,2023EC0900,Reyansh Bhasin,2,181.5,2.5,14.4,90.0,5.8,6.96,71.0,Medium,
DB_2062_WD,2024EE0901,Charu Tripathi,7,191.3,5.0,17.59,80.0,5.1,6.34,58.9,Medium,
DB_2062_DSC,2024EE0901,Charu Tripathi,8,276.8,5.08,17.78,85.0,5.5,6.34,64.4,Medium,
DB_2062_ML,2024EE0901,Charu Tripathi,3,196.4,2.3,9.95,90.0,5.7,6.34,60.3,Medium,
DB_2063_DS,2025ME0902,Girish Patel,6,109.7,9.34,27.41,95.0,9.2,9.64,94.7,High,
DB_2063_WD,2025ME0902,Girish Patel,7,186.4,8.76,28.43,95.0,9.0,9.64,96.0,High,
DB_2063_DSC,2025ME0902,Girish Patel,15,295.9,7.9,33.07,100.0,8.4,9.64,92.9,High,
DB_2063_AIML,2025ME0902,Girish Patel,9,218.0,9.02,38.47,100.0,9.1,9.64,97.9,High,
DB_2064_PY,2023CE0903,Tanmay Thomas,8,204.3,8.79,19.12,100.0,8.0,8.95,87.9,High,
DB_2064_WD,2023CE0903,Tanmay Thomas,6,118.8,7.93,28.3,100.0,7.8,8.95,88.8,High,
DB_2064_AIML,2023CE0903,Tanmay Thomas,13,264.8,7.73,34.85,95.0,8.2,8.95,83.9,High,
DB_2065_PY,2024CS0904,Ekta Ganguly,9,184.0,5.0,15.96,80.0,5.4,6.09,57.8,Medium,
DB_2065_WD,2024CS0904,Ekta Ganguly,8,231.9,4.91,18.74,85.0,5.0,6.09,63.0,Medium,
DB_2065_AIML,2024CS0904,Ekta Ganguly,5,101.2,4.77,15.95,70.0,4.8,6.09,52.4,Medium,
DB_2065_ML,2024CS0904,Ekta Ganguly,1,154.0,2.4,12.05,85.0,5.5,6.09,59.8,Medium,
DB_2066_PY,2025IT0905,Satish Rajput,11,203.8,8.97,18.3,90.0,7.5,8.31,79.9,High,
DB_2066_CN,2025IT0905,Satish Rajput,13,259.3,7.58,22.14,85.0,7.9,8.31,84.3,High,
DB_2066_AIML,2025IT0905,Satish Rajput,11,199.1,7.58,33.37,85.0,8.0,8.31,77.1,High,
DB_2066_ML,2025IT0905,Satish Rajput,3,201.6,4.0,18.3,90.0,7.7,8.31,88.3,High,
DB_2067_DSC,2023AI0906,Vipul Sharma,12,315.7,6.75,24.3,80.0,6.6,6.3,73.5,Medium,
DB_2067_AIML,2023AI0906,Vipul Sharma,7,148.7,8.2,31.7,90.0,6.4,6.3,76.4,High,
DB_2068_DS,2024DS0907,Tanmay Patil,12,251.1,6.37,22.1,85.0,6.6,6.51,65.7,Medium,
DB_2068_PY,2024DS0907,Tanmay Patil,12,295.9,7.03,18.66,85.0,6.2,6.51,68.7,Medium,
DB_2068_WD,2024DS0907,Tanmay Patil,7,235.6,6.75,22.81,90.0,6.5,6.51,74.4,Medium,
DB_2068_AIML,2024DS0907,Tanmay Patil,9,182.9,6.68,24.73,100.0,6.4,6.51,70.4,Medium,
DB_2069_CN,2025EC0908,Vandana Pandey,6,158.2,7.4,17.23,85.0,6.5,5.86,69.9,Medium,
DB_2069_DSC,2025EC0908,Vandana Pandey,5,201.5,6.47,22.2,90.0,5.5,5.86,70.6,Medium,
DB_2069_AIML,2025EC0908,Vandana Pandey,7,165.1,6.95,25.1,85.0,5.6,5.86,67.8,Medium,
DB_2070_DS,2023EE0909,Vikas Nair,7,214.8,6.7,24.05,90.0,7.2,7.5,77.3,High,
DB_2070_AIML,2023EE0909,Vikas Nair,8,180.4,7.74,37.3,90.0,7.3,7.5,78.3,High,
DB_2071_PY,2024ME0910,Alok Vashistha,15,288.2,7.16,14.6,100.0,7.4,7.51,80.1,High,
DB_2071_WD,2024ME0910,Alok Vashistha,12,325.5,6.9,22.1,80.0,7.6,7.51,77.6,High,
DB_2071_CN,2024ME0910,Alok Vashistha,11,257.0,8.48,24.83,80.0,7.6,7.51,78.4,High,
DB_2071_DSC,2024ME0910,Alok Vashistha,12,272.6,6.43,21.37,100.0,7.6,7.51,81.1,High,
DB_2072_CN,2025CE0911,Ritika Patel,11,290.4,7.1,16.23,80.0,7.5,7.33,76.3,High,
DB_2072_DSC,2025CE0911,Ritika Patel,11,275.7,7.12,25.82,85.0,7.1,7.33,78.7,High,
DB_2073_DS,2023CS0912,Nikhil Bhattacharya,17,325.3,8.48,27.75,90.0,9.1,8.74,86.1,High,
DB_2073_WD,2023CS0912,Nikhil Bhattacharya,14,311.9,7.12,28.2,95.0,8.4,8.74,91.6,High,
DB_2073_CN,2023CS0912,Nikhil Bhattacharya,9,145.3,8.72,34.6,100.0,9.0,8.74,88.7,High,
DB_2073_ML,2023CS0912,Nikhil Bhattacharya,2,153.4,4.7,18.4,95.0,8.9,8.74,93.8,High,
DB_2074_DS,2024IT0913,Mansi Bose,6,208.8,8.96,26.89,95.0,8.0,7.96,89.8,High,
DB_2074_WD,2024IT0913,Mansi Bose,7,198.3,7.84,24.0,95.0,8.3,7.96,87.0,High,
DB_2074_DSC,2024IT0913,Mansi Bose,5,133.2,8.3,36.23,95.0,8.3,7.96,94.7,High,
DB_2074_ML,2024IT0913,Mansi Bose,3,189.1,4.9,18.75,100.0,8.6,7.96,95.6,High,
DB_2075_DS,2025AI0914,Neeraj Mittal,16,452.4,7.6,24.35,95.0,7.9,8.85,85.9,High,
DB_2075_PY,2025AI0914,Neeraj Mittal,13,303.9,7.5,17.4,100.0,7.6,8.85,86.1,High,
DB_2075_DSC,2025AI0914,Neeraj Mittal,6,182.6,8.5,25.72,90.0,8.1,8.85,84.7,High,
DB_2075_ML,2025AI0914,Neeraj Mittal,3,194.9,4.7,16.1,100.0,7.8,8.85,89.0,High,
DB_2076_PY,2023DS0915,Myra Rajput,11,284.8,7.3,31.2,95.0,7.1,7.24,78.1,High,
DB_2076_DSC,2023DS0915,Myra Rajput,12,229.4,7.45,19.45,85.0,6.9,7.24,75.9,High,
DB_2076_AIML,2023DS0915,Myra Rajput,4,100.8,8.8,32.9,85.0,7.3,7.24,78.0,High,
DB_2076_ML,2023DS0915,Myra Rajput,3,192.5,3.0,15.2,95.0,7.3,7.24,77.6,High,
DB_2077_WD,2024EC0916,Suresh Yadav,4,92.6,3.25,11.3,85.0,4.5,5.26,56.2,Medium,
DB_2077_CN,2024EC0916,Suresh Yadav,6,156.6,4.6,13.4,85.0,4.9,5.26,59.8,Medium,
DB_2078_DS,2025EE0917,Satish Upadhyay,18,468.1,8.95,24.17,90.0,7.9,9.4,82.9,High,
DB_2078_PY,2025EE0917,Satish Upadhyay,4,74.5,8.1,24.29,100.0,8.3,9.4,92.1,High,
DB_2078_ML,2025EE0917,Satish Upadhyay,3,193.6,4.0,15.4,80.0,8.3,9.4,79.7,High,
DB_2079_WD,2023ME0918,Lalit Majumdar,4,133.0,5.64,17.08,80.0,6.0,5.1,64.0,Medium,
DB_2079_CN,2023ME0918,Lalit Majumdar,6,150.8,5.2,17.88,90.0,5.6,5.1,63.1,Medium,
DB_2079_DSC,2023ME0918,Lalit Majumdar,8,196.2,5.6,19.2,80.0,5.8,5.1,60.8,Medium,
DB_2079_ML,2023ME0918,Lalit Majumdar,1,137.9,3.1,10.0,90.0,6.0,5.1,62.6,Medium,
DB_2080_DS,2024CE0919,Preeti Lamba,12,300.4,6.68,26.9,85.0,6.8,6.27,72.0,Medium,
DB_2080_WD,2024CE0919,Preeti Lamba,6,194.7,6.2,18.48,100.0,6.4,6.27,72.2,Medium,
DB_2080_AIML,2024CE0919,Preeti Lamba,9,183.1,6.51,26.85,90.0,6.5,6.27,68.7,Medium,
DB_2080_ML,2024CE0919,Preeti Lamba,3,202.8,2.9,15.05,90.0,6.8,6.27,72.0,Medium,
DB_2081_CN,2025CS0920,Amit Rao,7,117.4,7.17,15.69,90.0,5.9,7.05,66.7,Medium,
DB_2081_DSC,2025CS0920,Amit Rao,8,249.0,5.1,17.68,80.0,5.4,7.05,62.7,Medium,
DB_2081_ML,2025CS0920,Amit Rao,3,195.7,3.0,10.3,80.0,5.8,7.05,63.3,Medium,
DB_2082_CN,2023IT0921,Abhishek Chatterjee,7,114.3,8.5,19.4,100.0,9.3,9.49,97.9,High,
DB_2082_DSC,2023IT0921,Abhishek Chatterjee,18,429.3,9.6,31.67,95.0,9.3,9.49,95.1,High,
DB_2083_DS,2024AI0922,Upasana Talwar,8,170.0,6.13,11.83,90.0,6.0,5.01,61.3,Medium,
DB_2083_CN,2024AI0922,Upasana Talwar,9,170.4,5.61,12.2,70.0,5.6,5.01,58.6,Medium,
DB_2083_DSC,2024AI0922,Upasana Talwar,8,254.2,2.4,25.95,90.0,5.4,5.01,57.3,Medium,
DB_2083_ML,2024AI0922,Upasana Talwar,3,196.1,2.5,11.8,80.0,5.4,5.01,57.0,Medium,
DB_2084_DS,2025DS0923,Advait Dubey,20,434.0,8.2,30.62,90.0,7.9,8.84,87.6,High,
DB_2084_WD,2025DS0923,Advait Dubey,14,312.9,8.8,22.48,90.0,8.4,8.84,85.3,High,
DB_2084_DSC,2025DS0923,Advait Dubey,5,159.1,7.47,47.6,90.0,8.4,8.84,88.2,High,
DB_2085_DS,2023EC0924,Rahul Thomas,4,116.2,5.66,18.83,80.0,5.1,6.63,62.2,Medium,
DB_2085_DSC,2023EC0924,Rahul Thomas,5,153.2,4.7,18.95,75.0,5.2,6.63,59.6,Medium,
DB_2086_DS,2024EE0925,Pari Pandey,7,182.4,8.15,25.7,85.0,7.9,7.93,80.7,High,
DB_2086_WD,2024EE0925,Pari Pandey,10,286.7,8.05,24.88,90.0,7.8,7.93,80.2,High,
DB_2086_DSC,2024EE0925,Pari Pandey,10,158.9,7.58,25.15,90.0,7.3,7.93,82.5,High,
DB_2087_DS,2025ME0926,Kapil Malhotra,16,443.7,6.9,16.6,95.0,6.8,8.02,78.7,High,
DB_2087_WD,2025ME0926,Kapil Malhotra,4,113.5,6.82,21.89,85.0,6.9,8.02,76.5,High,
DB_2087_CN,2025ME0926,Kapil Malhotra,10,216.5,7.3,16.85,100.0,7.4,8.02,83.2,High,
DB_2087_AIML,2025ME0926,Kapil Malhotra,12,232.0,7.93,31.14,80.0,7.3,8.02,75.8,High,
DB_2088_DSC,2023CE0927,Rashmi Singhal,8,251.3,5.9,18.71,95.0,4.7,5.43,63.1,Medium,
DB_2088_AIML,2023CE0927,Rashmi Singhal,3,72.8,5.2,19.1,85.0,5.0,5.43,56.6,Medium,
DB_2089_DS,2024CS0928,Hiten Thomas,15,389.8,9.3,28.9,90.0,8.9,9.55,90.3,High,
DB_2089_DSC,2024CS0928,Hiten Thomas,16,394.6,9.4,30.26,95.0,8.7,9.55,95.2,High,
DB_2090_PY,2025IT0929,Vivek Sanyal,7,241.2,4.34,14.37,75.0,4.4,5.33,53.0,Medium,
DB_2090_ML,2025IT0929,Vivek Sanyal,3,206.9,2.4,9.4,95.0,4.3,5.33,54.9,Medium,
DB_2091_PY,2023AI0930,Swati Mishra,14,333.1,6.58,19.97,90.0,6.7,6.48,70.2,Medium,
DB_2091_CN,2023AI0930,Swati Mishra,4,126.3,6.77,16.66,80.0,6.3,6.48,72.8,Medium,
DB_2091_AIML,2023AI0930,Swati Mishra,7,152.3,6.17,27.9,80.0,6.4,6.48,69.4,Medium,
DB_2092_PY,2024DS0931,Sumit Goyal,11,261.1,7.83,19.25,95.0,7.8,8.49,82.5,High,
DB_2092_CN,2024DS0931,Sumit Goyal,3,69.6,8.05,16.05,95.0,7.3,8.49,81.7,High,
DB_2092_ML,2024DS0931,Sumit Goyal,3,193.1,4.4,16.6,85.0,7.5,8.49,85.0,High,
DB_2093_PY,2025EC0932,Gaurav Varghese,8,231.2,7.05,30.6,95.0,7.6,7.69,80.0,High,
DB_2093_WD,2025EC0932,Gaurav Varghese,7,261.1,8.3,24.08,95.0,7.2,7.69,85.1,High,
DB_2093_AIML,2025EC0932,Gaurav Varghese,9,187.6,9.0,30.68,90.0,7.3,7.69,84.2,High,
DB_2093_ML,2025EC0932,Gaurav Varghese,2,161.5,3.7,13.95,100.0,7.8,7.69,78.8,High,
DB_2094_WD,2023EE0933,Suman Dubey,13,289.1,10.0,18.5,90.0,9.5,9.66,94.0,High,
DB_2094_CN,2023EE0933,Suman Dubey,12,245.9,8.8,32.1,95.0,9.9,9.66,98.0,High,
DB_2094_AIML,2023EE0933,Suman Dubey,6,122.8,10.0,27.1,90.0,9.6,9.66,93.7,High,
DB_2094_ML,2023EE0933,Suman Dubey,3,202.0,5.0,20.0,100.0,10.0,9.66,97.2,High,
DB_2095_DS,2024ME0934,Tanisha Malhotra,16,423.8,8.34,21.8,95.0,8.5,8.74,93.2,High,
DB_2095_PY,2024ME0934,Tanisha Malhotra,19,430.9,9.08,23.22,85.0,8.7,8.74,85.1,High,
DB_2095_ML,2024ME0934,Tanisha Malhotra,3,200.1,4.0,16.8,100.0,8.3,8.74,86.4,High,
DB_2096_PY,2025CE0935,Simran Tiwari,13,328.5,6.58,17.5,95.0,5.8,6.73,73.8,Medium,
DB_2096_WD,2025CE0935,Simran Tiwari,5,117.4,6.7,17.5,100.0,5.9,6.73,69.4,Medium,
DB_2096_AIML,2025CE0935,Simran Tiwari,10,186.1,6.6,26.23,95.0,5.7,6.73,71.3,Medium,
DB_2097_DS,2023CS0936,Umesh Kumar,17,454.2,8.43,29.19,90.0,8.8,8.18,86.2,High,
DB_2097_CN,2023CS0936,Umesh Kumar,6,101.8,6.35,23.13,85.0,8.7,8.18,85.1,High,
DB_2097_AIML,2023CS0936,Umesh Kumar,9,176.1,8.0,32.1,80.0,9.0,8.18,83.7,High,
DB_2097_ML,2023CS0936,Umesh Kumar,3,193.9,3.8,18.2,95.0,8.2,8.18,84.8,High,
DB_2098_DS,2024IT0937,Vishal Jangid,6,157.5,7.47,22.7,90.0,7.3,6.89,78.2,High,
DB_2098_WD,2024IT0937,Vishal Jangid,9,187.3,6.52,20.42,85.0,7.1,6.89,76.7,High,
DB_2098_AIML,2024IT0937,Vishal Jangid,11,227.8,7.95,36.83,100.0,7.3,6.89,81.3,High,
DB_2098_ML,2024IT0937,Vishal Jangid,1,128.4,4.2,16.9,95.0,6.9,6.89,80.9,High,
DB_2099_DS,2025AI0938,Deepika Reddy,6,230.6,6.06,23.2,80.0,4.9,6.09,61.3,Medium,
DB_2099_DSC,2025AI0938,Deepika Reddy,5,187.0,5.7,19.0,75.0,5.6,6.09,60.1,Medium,
DB_2100_DS,2023DS0939,Vivaan Roy,10,177.0,6.24,17.2,90.0,6.4,6.19,71.5,Medium,
DB_2100_PY,2023DS0939,Vivaan Roy,10,186.2,6.53,18.55,100.0,6.1,6.19,72.6,Medium,
DB_2100_WD,2023DS0939,Vivaan Roy,12,339.8,4.05,20.36,90.0,6.5,6.19,68.0,Medium,
DB_2100_CN,2023DS0939,Vivaan Roy,8,144.3,6.01,11.3,80.0,6.1,6.19,65.8,Medium,
DB_2101_WD,2024EC0940,Ramesh Bose,4,119.7,5.5,19.29,95.0,6.1,5.52,68.4,Medium,
DB_2101_DSC,2024EC0940,Ramesh Bose,8,203.2,5.43,25.5,75.0,5.5,5.52,58.8,Medium,
DB_2101_AIML,2024EC0940,Ramesh Bose,5,104.5,6.3,24.02,80.0,5.7,5.52,65.6,Medium,
DB_2102_DSC,2025EE0941,Zoya Kulkarni,7,198.5,3.7,14.62,70.0,4.4,5.51,47.3,Low,
DB_2102_AIML,2025EE0941,Zoya Kulkarni,6,111.9,4.9,19.28,75.0,4.1,5.51,54.8,Medium,
DB_2103_DS,2023ME0942,Yamini Nambiar,8,135.9,7.95,21.65,90.0,8.6,8.8,84.0,High,
DB_2103_WD,2023ME0942,Yamini Nambiar,10,213.5,7.72,32.05,90.0,8.4,8.8,87.2,High,
DB_2103_ML,2023ME0942,Yamini Nambiar,2,162.6,4.3,16.65,85.0,7.8,8.8,86.8,High,
DB_2104_WD,2024CE0943,Sandesh Pinto,13,352.2,7.15,31.27,90.0,6.8,7.7,74.5,Medium,
DB_2104_CN,2024CE0943,Sandesh Pinto,11,251.7,6.15,15.67,85.0,6.8,7.7,76.0,High,
DB_2104_DSC,2024CE0943,Sandesh Pinto,9,245.8,7.03,24.9,95.0,6.7,7.7,80.6,High,
DB_2104_AIML,2024CE0943,Sandesh Pinto,6,121.0,7.78,32.15,90.0,6.7,7.7,81.6,High,
DB_2105_WD,2025CS0944,Ayush Sharma,13,323.2,8.3,20.68,90.0,6.4,6.46,76.8,High,
DB_2105_DSC,2025CS0944,Ayush Sharma,6,122.0,5.7,25.15,85.0,6.8,6.46,67.5,Medium,
DB_2105_AIML,2025CS0944,Ayush Sharma,3,82.6,6.9,38.0,80.0,6.3,6.46,74.8,Medium,
DB_2105_ML,2025CS0944,Ayush Sharma,3,203.5,3.5,14.8,80.0,6.7,6.46,71.8,Medium,
DB_2106_DS,2023IT0945,Ishita Bhattacharya,12,373.9,7.1,17.53,100.0,6.6,5.93,71.9,Medium,
DB_2106_AIML,2023IT0945,Ishita Bhattacharya,8,179.6,6.61,29.07,75.0,6.3,5.93,64.3,Medium,
DB_2107_DS,2024AI0946,Ananya Ghosh,9,284.2,7.5,21.32,80.0,7.0,7.24,76.7,High,
DB_2107_WD,2024AI0946,Ananya Ghosh,9,221.4,7.03,20.6,90.0,6.6,7.24,77.4,High,
DB_2107_AIML,2024AI0946,Ananya Ghosh,12,240.5,6.93,28.34,100.0,7.3,7.24,76.3,High,
DB_2107_ML,2024AI0946,Ananya Ghosh,2,134.2,3.4,15.2,95.0,6.9,7.24,75.2,High,
DB_2108_DS,2025DS0947,Karan Maurya,6,210.3,8.33,24.22,85.0,8.0,9.26,85.2,High,
DB_2108_AIML,2025DS0947,Karan Maurya,10,197.0,7.83,38.4,90.0,7.9,9.26,83.1,High,
DB_2108_ML,2025DS0947,Karan Maurya,3,191.4,4.2,18.3,95.0,7.7,9.26,91.9,High,
DB_2109_PY,2023EC0948,Payal Awasthi,23,488.5,9.2,29.88,100.0,9.6,9.54,98.0,High,
DB_2109_CN,2023EC0948,Payal Awasthi,11,255.6,9.55,29.65,95.0,9.2,9.54,97.2,High,
DB_2109_ML,2023EC0948,Payal Awasthi,3,193.5,4.7,18.1,100.0,9.8,9.54,93.4,High,
DB_2110_DS,2024EE0949,Anand Arora,17,391.3,9.32,27.97,100.0,9.3,8.63,93.7,High,
DB_2110_PY,2024EE0949,Anand Arora,14,313.8,9.0,29.18,100.0,9.1,8.63,92.4,High,
DB_2110_DSC,2024EE0949,Anand Arora,9,211.9,10.0,34.1,90.0,9.2,8.63,93.4,High,
DB_2110_ML,2024EE0949,Anand Arora,3,195.7,5.0,18.8,90.0,9.1,8.63,92.1,High,
DB_2111_WD,2025ME0950,Jyoti Tiwari,11,243.6,7.19,22.92,85.0,7.7,8.5,81.3,High,
DB_2111_CN,2025ME0950,Jyoti Tiwari,6,141.4,8.06,15.8,95.0,7.5,8.5,86.6,High,
DB_2112_DS,2023CE0951,Juhi Solanki,6,159.1,9.35,27.14,100.0,8.5,9.11,91.0,High,
DB_2112_AIML,2023CE0951,Juhi Solanki,5,110.1,9.7,45.43,100.0,8.6,9.11,97.0,High,
DB_2112_ML,2023CE0951,Juhi Solanki,2,156.3,4.7,18.75,90.0,9.3,9.11,94.1,High,
DB_2113_PY,2024CS0952,Darsh Jangid,2,112.2,6.83,18.65,90.0,6.3,6.51,73.1,Medium,
DB_2113_WD,2024CS0952,Darsh Jangid,10,318.0,6.1,14.4,85.0,7.0,6.51,74.5,Medium,
DB_2113_CN,2024CS0952,Darsh Jangid,11,265.9,7.03,9.0,90.0,7.1,6.51,68.7,Medium,
DB_2113_ML,2024CS0952,Darsh Jangid,3,196.6,3.9,15.45,90.0,6.3,6.51,77.1,High,
DB_2114_CN,2025IT0953,Priyanka Kumar,13,319.1,8.85,33.1,85.0,7.9,8.47,85.1,High,
DB_2114_AIML,2025IT0953,Priyanka Kumar,10,240.4,8.0,31.1,85.0,7.6,8.47,84.7,High,
DB_2115_WD,2023AI0954,Diya Gupta,15,399.3,8.52,31.0,100.0,9.5,9.4,92.9,High,
DB_2115_CN,2023AI0954,Diya Gupta,8,177.9,9.48,26.78,100.0,8.8,9.4,93.3,High,
DB_2115_AIML,2023AI0954,Diya Gupta,9,181.8,8.57,34.7,95.0,9.6,9.4,92.7,High,
DB_2116_PY,2024DS0955,Riya Iyer,5,116.6,6.95,18.35,85.0,5.4,5.09,64.6,Medium,
DB_2116_WD,2024DS0955,Riya Iyer,11,321.6,6.35,17.09,85.0,5.7,5.09,61.8,Medium,
DB_2116_CN,2024DS0955,Riya Iyer,11,243.7,4.8,15.54,85.0,4.9,5.09,58.6,Medium,
DB_2116_AIML,2024DS0955,Riya Iyer,8,160.1,5.5,18.8,60.0,5.2,5.09,56.5,Medium,
DB_2117_WD,2025EC0956,Bhavin Suri,9,183.9,7.51,23.46,85.0,7.4,7.09,80.0,High,
DB_2117_AIML,2025EC0956,Bhavin Suri,3,70.4,7.83,22.9,95.0,7.9,7.09,82.4,High,
DB_2117_ML,2025EC0956,Bhavin Suri,2,165.0,3.5,15.9,90.0,7.7,7.09,77.2,High,
DB_2118_DS,2023EE0957,Lokesh Suri,7,172.4,7.38,24.6,95.0,6.9,7.38,77.4,High,
DB_2118_WD,2023EE0957,Lokesh Suri,5,96.4,6.13,25.64,90.0,7.4,7.38,80.2,High,
DB_2118_CN,2023EE0957,Lokesh Suri,10,218.2,8.3,18.51,80.0,6.9,7.38,77.5,High,
DB_2118_ML,2023EE0957,Lokesh Suri,2,181.4,3.6,13.2,90.0,6.9,7.38,76.6,High,
DB_2119_PY,2024ME0958,Bhupendra Awasthi,11,250.2,7.62,20.12,90.0,8.0,7.61,79.7,High,
DB_2119_DSC,2024ME0958,Bhupendra Awasthi,11,298.8,6.9,27.97,100.0,7.4,7.61,80.9,High,
DB_2120_DSC,2025CE0959,Nisha Mittal,12,237.0,7.9,22.64,95.0,7.2,7.79,77.1,High,
DB_2120_ML,2025CE0959,Nisha Mittal,3,202.8,3.1,16.1,100.0,7.1,7.79,78.8,High,
DB_2121_WD,2023CS0960,Sandesh Mishra,5,128.6,7.9,21.61,80.0,7.3,8.85,79.7,High,
DB_2121_DSC,2023CS0960,Sandesh Mishra,11,205.4,7.63,28.8,90.0,8.0,8.85,82.6,High,
DB_2121_ML,2023CS0960,Sandesh Mishra,1,116.6,3.3,15.3,90.0,7.2,8.85,76.4,High,
DB_2122_DS,2024IT0961,Bhupendra Gupta,5,162.1,4.93,20.5,70.0,4.6,5.5,57.1,Medium,
DB_2122_PY,2024IT0961,Bhupendra Gupta,8,114.1,5.35,12.87,75.0,4.3,5.5,55.2,Medium,
DB_2122_DSC,2024IT0961,Bhupendra Gupta,11,236.3,5.23,17.8,75.0,4.5,5.5,57.9,Medium,
DB_2123_PY,2025AI0962,Lalit Mukherjee,8,128.9,5.43,17.01,85.0,5.9,6.25,65.7,Medium,
DB_2123_WD,2025AI0962,Lalit Mukherjee,8,259.5,5.03,15.54,85.0,5.2,6.25,62.1,Medium,
DB_2123_CN,2025AI0962,Lalit Mukherjee,10,271.4,6.14,12.85,80.0,5.4,6.25,66.2,Medium,
DB_2123_ML,2025AI0962,Lalit Mukherjee,2,162.7,3.3,10.6,75.0,5.3,6.25,59.1,Medium,
DB_2124_CN,2023DS0963,Isha Talwar,8,180.6,7.16,20.11,100.0,7.7,8.82,81.2,High,
DB_2124_DSC,2023DS0963,Isha Talwar,10,295.0,8.0,24.48,85.0,7.3,8.82,81.5,High,
DB_2125_DS,2024EC0964,Riya Tripathi,14,400.0,8.77,21.74,100.0,8.3,8.14,89.7,High,
DB_2125_WD,2024EC0964,Riya Tripathi,10,266.3,9.37,33.5,90.0,7.8,8.14,92.3,High,
DB_2125_CN,2024EC0964,Riya Tripathi,9,176.4,7.83,16.55,90.0,8.2,8.14,85.9,High,
DB_2126_DS,2025EE0965,Gautam Mehta,8,249.4,9.0,26.37,85.0,7.4,7.87,83.7,High,
DB_2126_PY,2025EE0965,Gautam Mehta,10,245.5,6.8,22.42,90.0,8.2,7.87,79.8,High,
DB_2126_WD,2025EE0965,Gautam Mehta,16,422.8,7.02,15.6,85.0,7.7,7.87,76.7,High,
DB_2126_DSC,2025EE0965,Gautam Mehta,4,132.4,8.12,44.2,95.0,7.8,7.87,83.5,High,
DB_2127_DS,2023ME0966,Diya Agarwal,10,198.7,10.0,19.0,100.0,9.8,9.0,98.0,High,
DB_2127_PY,2023ME0966,Diya Agarwal,8,132.6,9.05,35.0,95.0,9.0,9.0,95.4,High,
DB_2127_CN,2023ME0966,Diya Agarwal,14,273.5,8.9,17.5,95.0,9.8,9.0,89.1,High,
DB_2127_AIML,2023ME0966,Diya Agarwal,12,250.6,9.64,36.73,100.0,9.5,9.0,92.5,High,
DB_2128_WD,2024CE0967,Sunil Goyal,10,289.2,7.53,20.93,90.0,7.7,7.39,78.0,High,
DB_2128_ML,2024CE0967,Sunil Goyal,0,127.2,3.3,14.1,85.0,7.3,7.39,70.6,Medium,
DB_2129_DSC,2025CS0968,Bhavya Prajapat,13,351.8,8.95,26.95,90.0,8.0,8.0,83.7,High,
DB_2129_AIML,2025CS0968,Bhavya Prajapat,15,301.6,8.28,36.38,100.0,8.4,8.0,86.8,High,
DB_2129_ML,2025CS0968,Bhavya Prajapat,3,202.9,3.6,16.4,95.0,8.3,8.0,80.3,High,
DB_2130_DS,2023IT0969,Simran Joshi,13,264.2,9.43,32.3,100.0,9.3,8.92,97.1,High,
DB_2130_PY,2023IT0969,Simran Joshi,17,408.2,9.6,26.25,95.0,9.6,8.92,95.5,High,
DB_2130_DSC,2023IT0969,Simran Joshi,15,362.6,10.0,30.02,100.0,9.7,8.92,94.4,High,
DB_2131_DS,2024AI0970,Vaibhav D'Souza,6,226.1,5.24,15.8,75.0,4.6,5.58,59.1,Medium,
DB_2131_WD,2024AI0970,Vaibhav D'Souza,8,175.6,4.64,10.5,90.0,4.5,5.58,57.5,Medium,
DB_2132_DS,2025DS0971,Radhika Rajput,16,355.7,8.11,23.51,95.0,7.3,8.07,84.9,High,
DB_2132_AIML,2025DS0971,Radhika Rajput,7,137.6,8.03,23.3,85.0,7.5,8.07,77.5,High,
DB_2133_PY,2023EC0972,Vishal Chauhan,8,190.5,7.33,27.75,85.0,7.1,6.87,77.2,High,
DB_2133_WD,2023EC0972,Vishal Chauhan,11,329.5,6.28,21.6,95.0,6.6,6.87,75.4,High,
DB_2133_CN,2023EC0972,Vishal Chauhan,9,198.9,7.12,19.08,95.0,6.8,6.87,78.1,High,
DB_2133_ML,2023EC0972,Vishal Chauhan,2,161.7,4.0,14.55,90.0,6.8,6.87,79.5,High,
DB_2134_DS,2024EE0973,Chaitali Mukherjee,12,415.4,8.28,25.15,95.0,8.1,8.17,83.7,High,
DB_2134_WD,2024EE0973,Chaitali Mukherjee,11,266.8,7.97,25.38,95.0,7.1,8.17,80.1,High,
DB_2134_DSC,2024EE0973,Chaitali Mukherjee,7,141.2,8.3,17.9,90.0,7.5,8.17,82.1,High,
DB_2134_AIML,2024EE0973,Chaitali Mukherjee,7,151.6,7.49,31.7,100.0,7.9,8.17,82.6,High,
DB_2135_CN,2025ME0974,Rohan Sethi,11,226.1,5.11,22.6,85.0,5.2,6.27,66.1,Medium,
DB_2135_AIML,2025ME0974,Rohan Sethi,6,163.3,6.25,22.6,80.0,5.4,6.27,60.5,Medium,
DB_2136_CN,2023CE0975,Ritika Mishra,13,312.7,8.52,22.13,95.0,9.1,8.74,90.5,High,
DB_2136_DSC,2023CE0975,Ritika Mishra,6,135.5,9.63,28.55,95.0,9.5,8.74,95.9,High,
DB_2136_ML,2023CE0975,Ritika Mishra,3,197.6,4.9,19.45,95.0,9.3,8.74,96.7,High,
DB_2137_WD,2024CS0976,Mansi Sethi,17,416.6,6.49,21.82,95.0,7.5,8.46,81.3,High,
DB_2137_CN,2024CS0976,Mansi Sethi,7,150.9,7.43,14.47,95.0,8.0,8.46,80.7,High,
DB_2137_DSC,2024CS0976,Mansi Sethi,12,339.4,7.95,22.8,95.0,7.4,8.46,81.1,High,
DB_2137_ML,2024CS0976,Mansi Sethi,3,196.6,3.6,17.4,85.0,7.7,8.46,82.2,High,
DB_2138_DS,2025IT0977,Pradeep Majumdar,11,283.4,6.92,24.33,95.0,7.4,7.64,76.3,High,
DB_2138_WD,2025IT0977,Pradeep Majumdar,9,166.5,7.48,23.12,95.0,7.1,7.64,77.0,High,
DB_2138_CN,2025IT0977,Pradeep Majumdar,8,238.8,6.98,22.3,95.0,7.0,7.64,77.0,High,
DB_2138_AIML,2025IT0977,Pradeep Majumdar,7,167.4,8.0,29.12,100.0,6.9,7.64,81.0,High,
DB_2139_WD,2023AI0978,Vipul Rathore,9,257.4,8.09,23.75,90.0,7.0,8.37,83.3,High,
DB_2139_DSC,2023AI0978,Vipul Rathore,11,317.0,7.32,24.99,100.0,7.3,8.37,84.0,High,
DB_2140_WD,2024DS0979,Madhuri Sood,8,201.5,5.65,20.75,85.0,6.2,7.53,71.5,Medium,
DB_2140_DSC,2024DS0979,Madhuri Sood,6,167.7,6.88,22.72,75.0,6.6,7.53,74.5,Medium,
DB_2140_AIML,2024DS0979,Madhuri Sood,8,173.5,6.88,25.45,90.0,6.1,7.53,68.7,Medium,
DB_2141_DS,2025EC0980,Lata Patil,9,190.2,5.9,18.5,75.0,5.6,5.77,63.5,Medium,
DB_2141_PY,2025EC0980,Lata Patil,11,222.5,7.6,13.87,80.0,5.8,5.77,65.7,Medium,
DB_2141_WD,2025EC0980,Lata Patil,7,180.0,5.76,18.38,85.0,6.5,5.77,69.5,Medium,
DB_2141_DSC,2025EC0980,Lata Patil,7,258.9,6.23,18.5,90.0,6.1,5.77,68.4,Medium,
DB_2142_DS,2023EE0981,Ravi Agarwal,4,121.2,9.53,33.75,90.0,8.0,7.59,89.2,High,
DB_2142_PY,2023EE0981,Ravi Agarwal,12,238.2,8.43,23.26,100.0,8.1,7.59,88.2,High,
DB_2142_CN,2023EE0981,Ravi Agarwal,13,314.2,8.4,20.76,100.0,8.6,7.59,88.4,High,
DB_2142_ML,2023EE0981,Ravi Agarwal,2,160.5,4.0,16.7,90.0,8.3,7.59,80.2,High,
DB_2143_PY,2024ME0982,Dev Nambiar,8,262.4,7.8,19.4,100.0,7.0,7.22,78.8,High,
DB_2143_CN,2024ME0982,Dev Nambiar,9,189.1,6.7,18.43,100.0,7.1,7.22,77.0,High,
DB_2143_DSC,2024ME0982,Dev Nambiar,6,116.4,6.92,25.34,95.0,7.0,7.22,78.6,High,
DB_2144_WD,2025CE0983,Dinesh Ghosh,15,430.8,7.58,29.13,90.0,7.9,8.18,83.7,High,
DB_2144_CN,2025CE0983,Dinesh Ghosh,4,96.4,7.96,21.14,85.0,8.1,8.18,86.8,High,
DB_2144_AIML,2025CE0983,Dinesh Ghosh,8,158.1,8.33,30.33,100.0,7.3,8.18,85.4,High,
DB_2145_PY,2023CS0984,Shruti Banerjee,18,367.0,8.95,29.6,95.0,8.8,8.58,90.5,High,
DB_2145_AIML,2023CS0984,Shruti Banerjee,5,110.3,8.68,37.13,95.0,9.0,8.58,92.0,High,
DB_2146_DS,2024IT0985,Vaishnavi Ganguly,11,203.8,6.19,20.4,85.0,6.3,6.45,67.9,Medium,
DB_2146_PY,2024IT0985,Vaishnavi Ganguly,7,123.9,7.5,16.59,75.0,6.0,6.45,71.3,Medium,
DB_2146_CN,2024IT0985,Vaishnavi Ganguly,11,202.4,5.84,15.88,100.0,6.0,6.45,69.7,Medium,
DB_2146_ML,2024IT0985,Vaishnavi Ganguly,2,171.7,2.6,13.0,95.0,6.2,6.45,67.0,Medium,
DB_2147_WD,2025AI0986,Lavanya Iyer,17,370.3,8.42,28.17,85.0,8.1,8.13,84.9,High,
DB_2147_CN,2025AI0986,Lavanya Iyer,13,253.2,7.88,19.34,95.0,7.7,8.13,84.1,High,
DB_2148_DS,2023DS0987,Tejas Ghoshal,13,312.5,7.2,19.92,95.0,6.3,7.28,72.8,Medium,
DB_2148_PY,2023DS0987,Tejas Ghoshal,5,159.7,6.53,20.3,80.0,6.2,7.28,69.4,Medium,
DB_2148_CN,2023DS0987,Tejas Ghoshal,4,84.1,6.7,17.6,80.0,6.5,7.28,70.4,Medium,
DB_2148_DSC,2023DS0987,Tejas Ghoshal,10,239.8,5.47,18.78,80.0,6.4,7.28,66.8,Medium,
DB_2149_DS,2024EC0988,Pragya Khanna,7,207.7,5.75,13.13,90.0,5.2,5.13,60.7,Medium,
DB_2149_DSC,2024EC0988,Pragya Khanna,8,161.7,4.46,14.75,85.0,4.9,5.13,62.2,Medium,
DB_2150_WD,2025EE0989,Ira Sanyal,16,368.8,7.1,24.9,95.0,7.1,8.4,85.1,High,
DB_2150_CN,2025EE0989,Ira Sanyal,7,119.1,7.29,12.65,90.0,7.7,8.4,82.2,High,
DB_2150_DSC,2025EE0989,Ira Sanyal,7,174.2,6.8,26.85,90.0,7.5,8.4,79.3,High,
DB_2151_DS,2023ME0990,Vandana Ganguly,12,302.6,6.41,20.73,90.0,6.0,6.88,67.6,Medium,
DB_2151_DSC,2023ME0990,Vandana Ganguly,7,194.6,5.71,20.89,80.0,6.3,6.88,70.8,Medium,
DB_2152_DS,2024CE0991,Sakshi Garg,8,123.0,7.27,18.82,85.0,7.6,7.9,79.0,High,
DB_2152_WD,2024CE0991,Sakshi Garg,13,282.4,7.62,23.97,95.0,6.9,7.9,82.1,High,
DB_2152_DSC,2024CE0991,Sakshi Garg,10,265.3,7.65,25.17,100.0,7.3,7.9,80.5,High,
DB_2153_PY,2025CS0992,Geeta Kohli,6,104.5,6.65,14.93,85.0,5.9,7.03,68.3,Medium,
DB_2153_WD,2025CS0992,Geeta Kohli,7,150.9,6.42,21.21,85.0,6.0,7.03,70.2,Medium,
DB_2153_CN,2025CS0992,Geeta Kohli,6,188.3,5.68,15.99,75.0,5.8,7.03,66.3,Medium,
DB_2153_ML,2025CS0992,Geeta Kohli,2,143.5,3.6,13.0,85.0,6.7,7.03,70.5,Medium,
DB_2154_DS,2023IT0993,Meenakshi Garg,8,221.8,7.81,20.8,100.0,7.4,8.58,83.1,High,
DB_2154_PY,2023IT0993,Meenakshi Garg,13,338.6,7.75,15.85,95.0,7.1,8.58,78.8,High,
DB_2154_CN,2023IT0993,Meenakshi Garg,9,201.3,8.65,17.73,80.0,7.2,8.58,80.2,High,
DB_2154_AIML,2023IT0993,Meenakshi Garg,6,136.3,8.1,38.25,85.0,7.2,8.58,83.3,High,
DB_2155_DS,2024AI0994,Monali Pinto,7,116.9,8.85,25.46,95.0,8.5,8.68,89.9,High,
DB_2155_WD,2024AI0994,Monali Pinto,14,371.4,8.1,26.33,100.0,8.3,8.68,89.6,High,
DB_2155_CN,2024AI0994,Monali Pinto,8,196.8,9.2,21.78,100.0,8.6,8.68,90.1,High,
DB_2156_PY,2025DS0995,Pragya Lobo,7,189.4,6.45,15.44,80.0,5.0,5.89,60.9,Medium,
DB_2156_WD,2025DS0995,Pragya Lobo,5,199.0,4.97,13.77,85.0,4.6,5.89,59.6,Medium,
DB_2156_DSC,2025DS0995,Pragya Lobo,5,109.3,3.9,18.1,85.0,5.1,5.89,59.1,Medium,
DB_2156_AIML,2025DS0995,Pragya Lobo,7,159.1,6.25,20.16,75.0,5.2,5.89,60.3,Medium,
DB_2157_PY,2023EC0996,Manish Singhal,14,301.4,6.87,18.3,90.0,6.3,7.77,74.2,Medium,
DB_2157_WD,2023EC0996,Manish Singhal,12,371.1,6.1,22.62,95.0,6.0,7.77,72.6,Medium,
DB_2158_CN,2024EE0997,Ritvik Mahajan,7,113.8,5.8,17.59,95.0,6.1,6.32,70.3,Medium,
DB_2158_DSC,2024EE0997,Ritvik Mahajan,8,203.9,7.9,22.45,90.0,6.1,6.32,71.2,Medium,
DB_2159_PY,2025ME0998,Pari Bhatia,4,68.2,6.49,19.9,80.0,6.4,6.28,67.2,Medium,
DB_2159_WD,2025ME0998,Pari Bhatia,8,245.9,6.13,19.49,80.0,6.8,6.28,65.3,Medium,
DB_2159_CN,2025ME0998,Pari Bhatia,5,141.8,5.6,18.66,80.0,6.2,6.28,65.5,Medium,
DB_2159_AIML,2025ME0998,Pari Bhatia,3,98.5,6.13,25.82,85.0,6.0,6.28,70.1,Medium,
DB_2160_PY,2023CE0999,Ramesh Mathew,4,119.4,5.7,14.3,90.0,5.1,5.44,58.5,Medium,
DB_2160_CN,2023CE0999,Ramesh Mathew,3,50.9,6.3,9.0,70.0,5.2,5.44,60.0,Medium,
DB_2160_ML,2023CE0999,Ramesh Mathew,2,158.9,2.3,12.05,90.0,5.5,5.44,62.0,Medium,
DB_2161_DS,2024CS1000,Tanisha Reddy,4,144.4,4.63,15.4,75.0,4.6,5.67,56.0,Medium,
DB_2161_PY,2024CS1000,Tanisha Reddy,7,210.4,5.5,15.56,90.0,4.6,5.67,61.2,Medium,
DB_2161_DSC,2024CS1000,Tanisha Reddy,9,207.1,4.7,16.4,75.0,4.5,5.67,57.4,Medium,
DB_2161_ML,2024CS1000,Tanisha Reddy,2,175.4,2.4,10.5,70.0,4.4,5.67,53.9,Medium,
DB_2162_DS,2025IT1001,Yogesh Arora,5,72.7,8.0,21.4,80.0,6.6,7.57,80.0,High,
DB_2162_WD,2025IT1001,Yogesh Arora,5,85.3,7.1,28.8,95.0,6.6,7.57,78.6,High,
DB_2162_ML,2025IT1001,Yogesh Arora,3,195.5,3.0,14.55,95.0,6.8,7.57,71.2,Medium,
DB_2163_WD,2023AI1002,Darsh D'Souza,12,336.8,8.7,32.5,85.0,9.1,9.23,93.8,High,
DB_2163_CN,2023AI1002,Darsh D'Souza,11,207.6,9.5,24.51,100.0,9.4,9.23,95.4,High,
DB_2164_WD,2024DS1003,Ira Garg,8,173.3,6.27,18.33,85.0,6.1,6.82,66.9,Medium,
DB_2164_CN,2024DS1003,Ira Garg,5,92.0,5.02,17.8,85.0,6.6,6.82,68.7,Medium,
DB_2164_AIML,2024DS1003,Ira Garg,9,175.8,6.59,28.7,90.0,6.3,6.82,73.2,Medium,
DB_2164_ML,2024DS1003,Ira Garg,1,152.1,3.2,15.6,80.0,6.1,6.82,74.6,Medium,
DB_2165_DS,2025EC1004,Ishaan Reddy,8,182.9,7.4,18.0,85.0,7.3,7.57,76.9,High,
DB_2165_DSC,2025EC1004,Ishaan Reddy,9,311.8,7.63,28.17,80.0,7.7,7.57,77.3,High,
DB_2166_CN,2023EE1005,Kailash Varghese,5,137.5,6.22,15.05,85.0,6.2,6.78,69.2,Medium,
DB_2166_DSC,2023EE1005,Kailash Varghese,10,298.4,5.3,20.1,85.0,6.1,6.78,64.0,Medium,
DB_2166_ML,2023EE1005,Kailash Varghese,2,156.5,2.3,10.95,80.0,6.1,6.78,58.2,Medium,
DB_2167_DS,2024ME1006,Rohan Sood,6,117.3,6.7,22.47,95.0,7.0,6.65,71.5,Medium,
DB_2167_PY,2024ME1006,Rohan Sood,11,238.5,7.6,18.25,85.0,6.8,6.65,75.5,High,
DB_2167_CN,2024ME1006,Rohan Sood,10,216.7,6.75,22.3,75.0,6.4,6.65,66.5,Medium,
DB_2167_DSC,2024ME1006,Rohan Sood,6,227.8,7.28,21.86,90.0,7.1,6.65,73.3,Medium,
DB_2168_CN,2025CE1007,Nikhil Duggal,6,141.9,9.0,22.99,95.0,8.0,8.49,86.6,High,
DB_2168_DSC,2025CE1007,Nikhil Duggal,16,395.2,7.9,28.45,100.0,8.3,8.49,89.5,High,
DB_2168_AIML,2025CE1007,Nikhil Duggal,7,117.0,9.2,41.07,95.0,8.4,8.49,87.4,High,
DB_2168_ML,2025CE1007,Nikhil Duggal,1,106.0,4.5,16.2,80.0,8.6,8.49,85.8,High,
DB_2169_DS,2023CS1008,Shweta Arora,3,101.9,7.83,18.52,85.0,7.4,6.87,73.2,Medium,
DB_2169_PY,2023CS1008,Shweta Arora,11,257.0,7.42,19.91,90.0,7.1,6.87,74.8,Medium,
DB_2169_AIML,2023CS1008,Shweta Arora,6,97.6,7.14,35.7,95.0,7.8,6.87,80.1,High,
DB_2170_DS,2024IT1009,Rakesh Goel,7,180.8,6.98,22.09,85.0,6.8,7.62,77.1,High,
DB_2170_CN,2024IT1009,Rakesh Goel,10,232.3,7.62,18.2,85.0,7.3,7.62,75.3,High,
DB_2171_DS,2025AI1010,Sakshi Chopra,16,419.1,8.57,22.83,85.0,8.8,8.13,85.3,High,
DB_2171_WD,2025AI1010,Sakshi Chopra,15,404.6,8.42,28.5,100.0,8.5,8.13,89.6,High,
DB_2171_DSC,2025AI1010,Sakshi Chopra,12,343.4,8.5,35.15,95.0,8.5,8.13,92.2,High,
DB_2171_AIML,2025AI1010,Sakshi Chopra,9,195.4,9.61,33.87,95.0,8.5,8.13,90.2,High,
DB_2172_DS,2023DS1011,Falguni Vashistha,11,341.2,6.15,14.85,75.0,5.3,6.06,58.7,Medium,
DB_2172_CN,2023DS1011,Falguni Vashistha,5,156.8,6.45,12.9,80.0,5.8,6.06,68.0,Medium,
DB_2172_AIML,2023DS1011,Falguni Vashistha,4,110.7,5.02,21.75,70.0,4.8,6.06,56.4,Medium,
DB_2173_WD,2024EC1012,Shaurya Garg,15,398.5,8.02,26.94,95.0,8.4,8.74,87.1,High,
DB_2173_CN,2024EC1012,Shaurya Garg,18,382.3,8.13,24.18,95.0,9.0,8.74,86.4,High,
DB_2173_AIML,2024EC1012,Shaurya Garg,7,144.4,9.17,37.33,95.0,8.3,8.74,94.4,High,
DB_2174_PY,2025EE1013,Karishma Suri,9,210.3,6.9,17.8,70.0,5.7,6.56,60.9,Medium,
DB_2174_CN,2025EE1013,Karishma Suri,6,221.8,6.33,14.3,95.0,5.5,6.56,63.8,Medium,
DB_2174_AIML,2025EE1013,Karishma Suri,6,136.4,5.49,24.03,70.0,6.0,6.56,63.4,Medium,
DB_2174_ML,2025EE1013,Karishma Suri,3,193.3,2.6,11.6,90.0,5.4,6.56,63.4,Medium,
DB_2175_DS,2023ME1014,Trisha Sen,6,140.4,7.21,21.1,80.0,7.3,6.43,73.7,Medium,
DB_2175_WD,2023ME1014,Trisha Sen,9,321.1,6.9,25.8,85.0,6.5,6.43,74.8,Medium,
DB_2175_CN,2023ME1014,Trisha Sen,9,191.3,6.58,19.72,100.0,6.6,6.43,73.7,Medium,
DB_2175_ML,2023ME1014,Trisha Sen,1,122.2,3.0,15.15,90.0,6.7,6.43,72.9,Medium,
DB_2176_DS,2024CE1015,Kartik Bhasin,9,241.7,5.6,16.24,85.0,5.3,5.55,59.2,Medium,
DB_2176_PY,2024CE1015,Kartik Bhasin,8,237.6,5.15,12.7,65.0,5.5,5.55,58.0,Medium,
DB_2176_DSC,2024CE1015,Kartik Bhasin,10,180.0,6.3,23.7,85.0,5.6,5.55,65.9,Medium,
DB_2177_DS,2025CS1016,Riddhi Arora,17,405.8,8.7,30.62,90.0,9.6,8.93,91.4,High,
DB_2177_PY,2025CS1016,Riddhi Arora,5,67.8,9.45,18.6,95.0,9.6,8.93,96.2,High,
DB_2177_WD,2025CS1016,Riddhi Arora,11,303.0,10.0,34.12,95.0,9.5,8.93,93.6,High,
DB_2177_DSC,2025CS1016,Riddhi Arora,9,223.5,8.7,31.02,100.0,9.2,8.93,94.6,High,
DB_2178_PY,2023IT1017,Manish Reddy,3,56.3,5.57,12.34,85.0,4.8,5.86,62.7,Medium,
DB_2178_CN,2023IT1017,Manish Reddy,6,108.4,4.72,15.72,80.0,4.6,5.86,59.0,Medium,
DB_2178_DSC,2023IT1017,Manish Reddy,7,195.1,4.58,20.73,80.0,5.1,5.86,61.6,Medium,
DB_2178_AIML,2023IT1017,Manish Reddy,5,103.8,5.85,18.2,85.0,4.7,5.86,61.8,Medium,
DB_2179_DS,2024AI1018,Kiara Agarwal,13,338.3,7.97,22.83,95.0,6.6,8.17,79.6,High,
DB_2179_PY,2024AI1018,Kiara Agarwal,4,62.9,7.42,17.43,100.0,6.8,8.17,76.4,High,
DB_2179_DSC,2024AI1018,Kiara Agarwal,8,215.4,6.8,24.03,90.0,7.2,8.17,80.8,High,
DB_2179_ML,2024AI1018,Kiara Agarwal,3,189.9,4.0,15.25,100.0,7.3,8.17,81.1,High,
DB_2180_WD,2025DS1019,Karishma Rajput,6,180.2,6.03,21.55,100.0,6.3,7.42,72.5,Medium,
DB_2180_CN,2025DS1019,Karishma Rajput,9,154.3,6.5,20.03,75.0,6.1,7.42,72.9,Medium,
DB_2180_DSC,2025DS1019,Karishma Rajput,6,110.5,5.6,22.63,75.0,6.8,7.42,67.3,Medium,
DB_2181_DS,2023EC1020,Indu Joshi,6,96.4,5.61,13.1,90.0,5.8,5.43,59.1,Medium,
DB_2181_PY,2023EC1020,Indu Joshi,6,144.6,6.44,16.61,65.0,5.8,5.43,63.2,Medium,
DB_2181_WD,2023EC1020,Indu Joshi,3,78.2,5.88,18.16,85.0,5.1,5.43,60.8,Medium,
DB_2181_ML,2023EC1020,Indu Joshi,1,149.7,2.3,13.6,75.0,5.6,5.43,61.8,Medium,
DB_2182_PY,2024EE1021,Pooja Sood,5,148.4,7.3,14.77,65.0,6.1,7.5,70.2,Medium,
DB_2182_WD,2024EE1021,Pooja Sood,10,198.8,6.7,24.3,85.0,6.5,7.5,71.7,Medium,
DB_2182_DSC,2024EE1021,Pooja Sood,13,273.9,2.8,20.1,90.0,6.2,7.5,68.1,Medium,
DB_2183_CN,2025ME1022,Shubham Kumar,8,122.4,6.95,16.49,70.0,6.6,7.41,66.0,Medium,
DB_2183_ML,2025ME1022,Shubham Kumar,3,197.9,3.5,13.9,90.0,6.4,7.41,75.3,High,
DB_2184_PY,2023CE1023,Ajay Awasthi,10,258.2,6.25,16.4,85.0,6.2,6.21,69.9,Medium,
DB_2184_AIML,2023CE1023,Ajay Awasthi,7,135.4,6.9,24.86,85.0,6.7,6.21,71.7,Medium,
DB_2184_ML,2023CE1023,Ajay Awasthi,3,187.6,3.1,13.55,100.0,6.5,6.21,71.5,Medium,
DB_2185_DS,2024CS1024,Aadhya Singhal,20,501.9,8.93,24.07,100.0,8.6,9.69,93.9,High,
DB_2185_PY,2024CS1024,Aadhya Singhal,8,144.1,8.53,24.86,100.0,9.0,9.69,94.8,High,
DB_2185_CN,2024CS1024,Aadhya Singhal,17,347.8,8.81,24.69,95.0,9.2,9.69,94.3,High,
DB_2185_AIML,2024CS1024,Aadhya Singhal,16,299.9,10.0,40.54,80.0,9.0,9.69,93.7,High,
DB_2186_PY,2025IT1025,Simran Grover,10,222.8,6.5,21.62,90.0,7.5,6.66,76.2,High,
DB_2186_WD,2025IT1025,Simran Grover,12,222.6,6.5,20.7,75.0,6.9,6.66,66.9,Medium,
DB_2186_CN,2025IT1025,Simran Grover,9,200.5,7.2,16.7,90.0,7.2,6.66,75.7,High,
DB_2187_WD,2023AI1026,Ankita Chatterjee,13,278.2,9.0,47.2,95.0,9.6,9.3,92.8,High,
DB_2187_ML,2023AI1026,Ankita Chatterjee,3,194.1,4.4,20.0,90.0,9.7,9.3,94.5,High,
DB_2188_PY,2024DS1027,Hardik Yadav,12,291.3,9.38,26.06,90.0,9.1,9.6,93.3,High,
DB_2188_ML,2024DS1027,Hardik Yadav,2,175.6,4.4,20.0,100.0,8.9,9.6,94.7,High,
DB_2189_CN,2025EC1028,Kiran Saini,15,336.2,8.7,22.75,85.0,8.4,8.58,85.0,High,
DB_2189_DSC,2025EC1028,Kiran Saini,11,219.3,8.3,26.43,95.0,7.9,8.58,84.4,High,
DB_2189_AIML,2025EC1028,Kiran Saini,7,126.5,7.6,33.3,95.0,7.7,8.58,86.1,High,
DB_2190_DSC,2023EE1029,Chinmay Majumdar,5,114.2,8.6,18.9,95.0,7.9,7.46,84.2,High,
DB_2190_AIML,2023EE1029,Chinmay Majumdar,12,235.0,7.62,29.6,95.0,7.3,7.46,81.9,High,
DB_2191_PY,2024ME1030,Prateek Dubey,5,82.9,3.3,10.65,85.0,4.9,5.46,49.6,Low,
DB_2191_WD,2024ME1030,Prateek Dubey,6,208.5,4.48,17.28,65.0,4.5,5.46,51.8,Medium,
DB_2191_AIML,2024ME1030,Prateek Dubey,2,55.3,4.66,22.3,60.0,4.7,5.46,51.6,Medium,
DB_2191_ML,2024ME1030,Prateek Dubey,3,195.5,2.0,7.35,95.0,4.7,5.46,51.8,Medium,
DB_2192_CN,2025CE1031,Deepika Rao,5,94.5,7.62,23.3,95.0,8.9,9.02,94.1,High,
DB_2192_DSC,2025CE1031,Deepika Rao,13,329.4,9.6,26.83,95.0,8.6,9.02,88.0,High,
DB_2192_ML,2025CE1031,Deepika Rao,3,205.2,4.1,16.4,95.0,8.8,9.02,88.1,High,
DB_2193_PY,2023CS1032,Falguni Bhatia,8,263.9,7.2,19.56,85.0,6.6,7.36,70.0,Medium,
DB_2193_ML,2023CS1032,Falguni Bhatia,2,175.0,3.7,14.7,95.0,6.2,7.36,79.1,High,
DB_2194_DS,2024IT1033,Shilpa Chauhan,8,151.4,7.6,19.65,95.0,7.6,7.79,81.0,High,
DB_2194_PY,2024IT1033,Shilpa Chauhan,9,188.3,7.7,22.67,85.0,7.5,7.79,80.5,High,
DB_2194_WD,2024IT1033,Shilpa Chauhan,17,370.7,7.17,25.0,95.0,7.6,7.79,84.9,High,
DB_2195_PY,2025AI1034,Kabir Chauhan,15,316.9,9.31,18.3,95.0,8.6,8.99,92.2,High,
DB_2195_WD,2025AI1034,Kabir Chauhan,14,335.0,9.6,26.93,95.0,8.2,8.99,91.9,High,
DB_2195_DSC,2025AI1034,Kabir Chauhan,10,232.7,8.08,27.85,90.0,7.7,8.99,85.8,High,
DB_2196_DS,2023DS1035,Siddharth Dhawan,5,96.4,5.9,23.73,85.0,5.8,6.0,66.8,Medium,
DB_2196_WD,2023DS1035,Siddharth Dhawan,9,249.5,6.84,21.56,75.0,6.0,6.0,68.1,Medium,
DB_2196_CN,2023DS1035,Siddharth Dhawan,9,242.0,6.8,18.9,95.0,6.3,6.0,70.4,Medium,
DB_2196_AIML,2023DS1035,Siddharth Dhawan,10,207.1,6.09,24.09,90.0,6.1,6.0,68.4,Medium,
DB_2197_PY,2024EC1036,Suman Saini,12,233.0,8.86,23.77,100.0,9.2,9.09,92.0,High,
DB_2197_CN,2024EC1036,Suman Saini,15,325.6,9.5,27.4,90.0,8.4,9.09,88.1,High,
DB_2197_AIML,2024EC1036,Suman Saini,10,203.3,8.7,41.3,90.0,8.9,9.09,85.9,High,
DB_2197_ML,2024EC1036,Suman Saini,3,199.5,4.5,17.05,95.0,8.9,9.09,87.5,High,
DB_2198_DS,2025EE1037,Kiran Nambiar,4,83.7,9.03,26.86,100.0,9.4,8.99,91.3,High,
DB_2198_WD,2025EE1037,Kiran Nambiar,12,322.2,9.56,34.83,90.0,9.5,8.99,97.1,High,
DB_2198_CN,2025EE1037,Kiran Nambiar,10,248.3,10.0,27.87,90.0,9.0,8.99,93.1,High,
DB_2198_DSC,2025EE1037,Kiran Nambiar,13,291.8,9.93,30.1,95.0,9.5,8.99,93.6,High,
DB_2199_DS,2023ME1038,Leena Pandey,5,126.7,8.13,17.2,95.0,8.0,8.54,88.2,High,
DB_2199_CN,2023ME1038,Leena Pandey,12,279.7,8.0,21.66,95.0,8.3,8.54,87.5,High,
DB_2199_DSC,2023ME1038,Leena Pandey,5,100.3,8.2,32.0,95.0,8.4,8.54,83.8,High,
DB_2200_PY,2024CE1039,Shruti Banerjee,12,272.9,9.15,23.45,100.0,9.1,9.78,91.4,High,
DB_2200_CN,2024CE1039,Shruti Banerjee,5,129.7,8.18,33.0,90.0,9.4,9.78,95.1,High,
DB_2201_DS,2025CS1040,Nitin Joshi,16,381.0,9.0,31.93,95.0,8.4,9.39,89.0,High,
DB_2201_PY,2025CS1040,Nitin Joshi,18,363.9,8.93,23.16,95.0,8.9,9.39,87.6,High,
DB_2201_WD,2025CS1040,Nitin Joshi,11,245.4,8.67,27.9,100.0,8.5,9.39,92.7,High,
DB_2201_AIML,2025CS1040,Nitin Joshi,14,274.1,9.53,35.64,100.0,9.0,9.39,92.2,High,
DB_2202_DS,2023IT1041,Nidhi Pandey,7,264.2,6.19,15.14,75.0,5.2,5.76,62.5,Medium,
DB_2202_AIML,2023IT1041,Nidhi Pandey,3,103.2,5.25,19.35,90.0,5.3,5.76,60.4,Medium,
DB_2202_ML,2023IT1041,Nidhi Pandey,1,119.3,2.4,11.85,80.0,5.4,5.76,58.7,Medium,
DB_2203_DS,2024AI1042,Alok Rathore,4,111.1,5.35,14.03,80.0,4.4,5.62,54.6,Medium,
DB_2203_PY,2024AI1042,Alok Rathore,10,220.3,4.37,10.65,75.0,5.0,5.62,58.2,Medium,
DB_2203_CN,2024AI1042,Alok Rathore,6,108.7,5.0,10.82,70.0,4.8,5.62,55.3,Medium,
DB_2203_ML,2024AI1042,Alok Rathore,2,168.1,2.7,9.4,80.0,4.7,5.62,59.1,Medium,
DB_2204_DS,2025DS1043,Satish Kaushik,14,358.4,8.18,25.02,80.0,8.3,7.47,81.3,High,
DB_2204_PY,2025DS1043,Satish Kaushik,9,210.6,8.7,22.4,90.0,8.2,7.47,85.6,High,
DB_2204_WD,2025DS1043,Satish Kaushik,15,413.4,9.07,25.96,90.0,8.0,7.47,84.3,High,
DB_2204_CN,2025DS1043,Satish Kaushik,14,316.4,9.05,21.1,85.0,8.2,7.47,83.4,High,
DB_2205_PY,2023EC1044,Devanshi Pandey,9,238.8,6.83,15.23,90.0,6.0,7.03,74.4,Medium,
DB_2205_DSC,2023EC1044,Devanshi Pandey,9,216.8,5.88,21.6,80.0,6.1,7.03,69.1,Medium,
DB_2206_DS,2024EE1045,Utkarsh Deshmukh,8,218.7,8.0,23.78,95.0,7.4,8.1,80.3,High,
DB_2206_DSC,2024EE1045,Utkarsh Deshmukh,12,318.3,7.63,22.57,85.0,7.2,8.1,79.3,High,
DB_2207_PY,2025ME1046,Shweta Awasthi,10,196.5,8.47,19.88,85.0,7.5,8.82,81.2,High,
DB_2207_CN,2025ME1046,Shweta Awasthi,13,318.8,7.49,22.2,95.0,7.6,8.82,84.0,High,
DB_2207_AIML,2025ME1046,Shweta Awasthi,9,174.6,7.75,30.66,90.0,7.8,8.82,80.1,High,
DB_2207_ML,2025ME1046,Shweta Awasthi,3,201.2,3.6,15.9,90.0,7.8,8.82,78.4,High,
DB_2208_CN,2023CE1047,Amit D'Souza,5,120.0,6.05,24.5,80.0,5.9,6.31,67.9,Medium,
DB_2208_AIML,2023CE1047,Amit D'Souza,8,163.6,6.9,29.18,80.0,6.0,6.31,68.7,Medium,
DB_2209_DS,2024CS1048,Jyoti Maurya,8,159.2,5.69,14.56,75.0,5.0,5.35,58.5,Medium,
DB_2209_WD,2024CS1048,Jyoti Maurya,5,114.3,4.75,14.35,100.0,4.4,5.35,57.1,Medium,
DB_2209_DSC,2024CS1048,Jyoti Maurya,3,136.4,4.53,18.2,90.0,4.4,5.35,59.4,Medium,
DB_2210_DS,2025IT1049,Meenakshi Chauhan,7,140.1,6.13,15.06,90.0,5.4,6.92,67.4,Medium,
DB_2210_CN,2025IT1049,Meenakshi Chauhan,5,189.0,5.33,15.4,90.0,5.6,6.92,67.6,Medium,
DB_2210_DSC,2025IT1049,Meenakshi Chauhan,4,100.1,4.8,18.78,65.0,5.7,6.92,61.6,Medium,
DB_2210_ML,2025IT1049,Meenakshi Chauhan,3,202.0,2.7,12.1,95.0,5.6,6.92,65.9,Medium,
DB_2211_DS,2023AI1050,Lata Deshmukh,10,284.4,8.05,24.3,90.0,7.5,9.3,85.1,High,
DB_2211_DSC,2023AI1050,Lata Deshmukh,8,262.6,7.26,24.03,95.0,7.6,9.3,82.2,High,
DB_2211_AIML,2023AI1050,Lata Deshmukh,10,233.0,7.75,32.07,100.0,8.4,9.3,86.9,High,
DB_2212_WD,2024DS1051,Urvashi Pathak,14,287.2,6.42,22.62,90.0,6.8,7.42,74.8,Medium,
DB_2212_AIML,2024DS1051,Urvashi Pathak,6,115.4,7.4,29.57,80.0,7.3,7.42,76.2,High,
DB_2212_ML,2024DS1051,Urvashi Pathak,2,167.2,3.7,12.9,85.0,6.9,7.42,70.0,Medium,
DB_2213_WD,2025EC1052,Priyanka Shukla,14,332.4,6.87,26.7,90.0,7.6,8.72,81.9,High,
DB_2213_DSC,2025EC1052,Priyanka Shukla,4,132.6,9.35,28.72,90.0,7.7,8.72,89.2,High,
DB_2213_AIML,2025EC1052,Priyanka Shukla,9,185.0,8.5,25.3,95.0,8.3,8.72,84.8,High,
DB_2213_ML,2025EC1052,Priyanka Shukla,3,194.5,3.7,17.2,95.0,8.2,8.72,81.9,High,
DB_2214_DS,2023EE1053,Simran Mehta,12,327.9,7.48,21.99,80.0,6.8,6.8,76.4,High,
DB_2214_CN,2023EE1053,Simran Mehta,10,241.5,7.0,21.13,95.0,7.3,6.8,79.8,High,
DB_2215_DS,2024ME1054,Shilpa Tiwari,9,213.1,7.65,15.7,85.0,6.5,7.95,79.5,High,
DB_2215_WD,2024ME1054,Shilpa Tiwari,8,284.1,6.75,22.43,100.0,7.0,7.95,83.8,High,
DB_2215_CN,2024ME1054,Shilpa Tiwari,8,124.4,6.75,20.04,80.0,6.7,7.95,75.1,High,
DB_2215_ML,2024ME1054,Shilpa Tiwari,2,167.1,3.0,15.85,100.0,7.3,7.95,76.1,High,
DB_2216_DS,2025CE1055,Kapil Sethi,8,208.7,6.07,12.68,80.0,5.4,6.16,61.3,Medium,
DB_2216_PY,2025CE1055,Kapil Sethi,5,127.9,5.2,14.8,80.0,5.2,6.16,63.8,Medium,
DB_2217_PY,2023CS1056,Gautam Gupta,15,336.7,9.8,15.7,95.0,7.8,8.3,87.4,High,
DB_2217_AIML,2023CS1056,Gautam Gupta,8,173.7,8.4,39.25,85.0,8.2,8.3,86.7,High,
DB_2217_ML,2023CS1056,Gautam Gupta,3,198.1,4.4,14.7,100.0,7.6,8.3,86.3,High,
DB_2218_PY,2024IT1057,Gautam D'Souza,4,52.5,7.75,25.8,75.0,7.7,7.24,75.6,High,
DB_2218_WD,2024IT1057,Gautam D'Souza,11,241.4,6.7,19.57,70.0,7.0,7.24,74.7,Medium,
DB_2218_CN,2024IT1057,Gautam D'Souza,7,200.0,7.6,20.08,95.0,7.5,7.24,79.5,High,
DB_2218_DSC,2024IT1057,Gautam D'Souza,7,176.7,9.0,34.3,90.0,6.9,7.24,79.6,High,
DB_2219_PY,2025AI1058,Tanmay Bose,18,428.1,8.82,25.8,100.0,8.8,9.34,93.2,High,
DB_2219_WD,2025AI1058,Tanmay Bose,18,403.1,5.0,30.0,90.0,8.8,9.34,98.0,High,
DB_2219_CN,2025AI1058,Tanmay Bose,11,220.4,8.1,23.6,100.0,8.8,9.34,95.3,High,
DB_2220_DS,2023DS1059,Rajendra Ghoshal,7,285.1,5.09,13.52,90.0,5.2,5.11,56.4,Medium,
DB_2220_WD,2023DS1059,Rajendra Ghoshal,7,249.8,6.1,15.73,80.0,4.4,5.11,59.7,Medium,
DB_2220_DSC,2023DS1059,Rajendra Ghoshal,7,172.0,4.12,18.61,90.0,5.1,5.11,60.0,Medium,
DB_2220_ML,2023DS1059,Rajendra Ghoshal,2,153.7,3.2,12.0,95.0,4.6,5.11,67.2,Medium,
DB_2221_PY,2024EC1060,Anika Sen,11,240.9,9.95,25.83,95.0,9.5,9.37,94.1,High,
DB_2221_WD,2024EC1060,Anika Sen,18,475.4,9.25,25.0,100.0,9.1,9.37,97.0,High,
DB_2221_AIML,2024EC1060,Anika Sen,10,203.0,10.0,39.35,90.0,9.9,9.37,94.5,High,
DB_2222_DS,2025EE1061,Ashish Kulkarni,16,426.2,9.25,29.67,100.0,8.4,8.55,94.5,High,
DB_2222_CN,2025EE1061,Ashish Kulkarni,8,171.2,8.4,23.86,100.0,8.4,8.55,88.0,High,
DB_2222_ML,2025EE1061,Ashish Kulkarni,2,162.2,4.5,16.1,90.0,7.9,8.55,84.0,High,
DB_2223_DS,2023ME1062,Abhishek Iyer,14,410.4,8.47,23.68,95.0,7.6,7.68,83.4,High,
DB_2223_CN,2023ME1062,Abhishek Iyer,7,163.0,7.57,21.78,100.0,8.2,7.68,85.7,High,
DB_2223_ML,2023ME1062,Abhishek Iyer,2,174.4,4.2,18.7,90.0,8.0,7.68,87.8,High,
DB_2224_CN,2024CE1063,Ganesh Shah,8,132.3,7.35,19.88,90.0,6.8,7.37,79.8,High,
DB_2224_DSC,2024CE1063,Ganesh Shah,10,293.2,6.41,23.93,80.0,7.4,7.37,72.3,Medium,
DB_2225_DS,2025CS1064,Pooja Ghoshal,19,499.7,9.04,34.8,100.0,8.8,8.89,95.5,High,
DB_2225_WD,2025CS1064,Pooja Ghoshal,15,418.9,8.9,25.19,95.0,8.7,8.89,89.3,High,
DB_2225_DSC,2025CS1064,Pooja Ghoshal,6,102.5,7.75,29.11,95.0,8.7,8.89,87.3,High,
DB_2226_DS,2023IT1065,Muskan Vashistha,13,330.0,9.57,26.55,95.0,9.1,9.74,98.0,High,
DB_2226_WD,2023IT1065,Muskan Vashistha,15,397.5,9.1,29.29,100.0,9.1,9.74,95.0,High,
DB_2226_DSC,2023IT1065,Muskan Vashistha,16,402.3,9.06,32.79,100.0,10.0,9.74,98.0,High,
DB_2227_PY,2024AI1066,Simran Singh,6,181.0,8.3,24.05,80.0,7.2,7.48,78.3,High,
DB_2227_WD,2024AI1066,Simran Singh,14,324.3,6.16,18.22,85.0,6.6,7.48,69.3,Medium,
DB_2227_CN,2024AI1066,Simran Singh,10,266.0,7.07,13.7,85.0,6.7,7.48,77.4,High,
DB_2228_PY,2025DS1067,Harshita Rajput,16,329.0,7.38,20.68,85.0,6.7,6.52,70.0,Medium,
DB_2228_CN,2025DS1067,Harshita Rajput,5,104.8,6.29,15.2,90.0,6.7,6.52,72.9,Medium,
DB_2229_WD,2023EC1068,Zoya Talwar,10,302.0,6.83,23.0,100.0,6.6,6.75,74.8,Medium,
DB_2229_CN,2023EC1068,Zoya Talwar,9,169.6,6.7,17.63,80.0,7.0,6.75,73.1,Medium,
DB_2229_DSC,2023EC1068,Zoya Talwar,8,186.7,6.1,24.5,95.0,6.5,6.75,75.8,High,
DB_2229_AIML,2023EC1068,Zoya Talwar,6,130.2,6.67,33.5,90.0,6.8,6.75,72.9,Medium,
DB_2230_DS,2024EE1069,Karan Lamba,11,283.4,5.47,18.96,85.0,6.2,7.04,65.3,Medium,
DB_2230_PY,2024EE1069,Karan Lamba,8,193.0,5.68,13.5,95.0,6.1,7.04,72.6,Medium,
DB_2230_CN,2024EE1069,Karan Lamba,8,173.0,5.05,15.59,75.0,5.6,7.04,64.1,Medium,
DB_2230_DSC,2024EE1069,Karan Lamba,7,191.2,5.68,20.12,85.0,6.1,7.04,68.0,Medium,
DB_2231_DS,2025ME1070,Neeraj Banerjee,7,192.9,4.58,14.59,95.0,4.2,5.22,56.0,Medium,
DB_2231_PY,2025ME1070,Neeraj Banerjee,7,173.2,4.06,11.69,75.0,4.1,5.22,51.5,Medium,
DB_2231_AIML,2025ME1070,Neeraj Banerjee,7,145.2,5.0,18.85,85.0,4.8,5.22,56.5,Medium,
DB_2232_DS,2023CE1071,Vikram Das,6,110.3,5.14,19.45,100.0,4.9,5.64,60.4,Medium,
DB_2232_CN,2023CE1071,Vikram Das,9,160.5,5.36,15.8,90.0,5.4,5.64,64.1,Medium,
DB_2232_DSC,2023CE1071,Vikram Das,6,170.0,5.33,18.54,65.0,5.2,5.64,56.2,Medium,
DB_2233_PY,2024CS1072,Chhavi Ghoshal,6,194.3,6.5,22.38,85.0,7.7,6.77,74.2,Medium,
DB_2233_WD,2024CS1072,Chhavi Ghoshal,12,355.2,3.6,23.81,85.0,6.9,6.77,76.0,High,
DB_2233_DSC,2024CS1072,Chhavi Ghoshal,8,270.7,7.15,24.46,90.0,7.7,6.77,75.9,High,
DB_2233_ML,2024CS1072,Chhavi Ghoshal,2,152.3,4.0,15.0,90.0,7.6,6.77,79.2,High,
DB_2234_PY,2025IT1073,Monali Mukherjee,8,223.3,4.63,11.72,80.0,4.1,5.19,52.7,Medium,
DB_2234_DSC,2025IT1073,Monali Mukherjee,4,82.5,3.88,11.5,80.0,4.3,5.19,55.1,Medium,
DB_2234_ML,2025IT1073,Monali Mukherjee,1,114.9,1.7,7.5,80.0,3.8,5.19,47.8,Low,
DB_2235_DS,2023AI1074,Kanika Singhal,9,261.3,9.4,28.65,100.0,9.7,9.41,97.3,High,
DB_2235_PY,2023AI1074,Kanika Singhal,21,400.1,9.7,23.58,100.0,9.1,9.41,97.4,High,
DB_2235_AIML,2023AI1074,Kanika Singhal,8,146.8,9.55,40.6,90.0,9.7,9.41,95.0,High,
DB_2236_PY,2024DS1075,Atharva Bishnoi,8,176.3,9.2,25.72,95.0,8.3,7.85,91.9,High,
DB_2236_CN,2024DS1075,Atharva Bishnoi,12,227.0,8.49,23.65,100.0,8.7,7.85,89.2,High,
DB_2237_PY,2025EC1076,Hardik Dubey,9,218.0,8.89,20.0,95.0,8.9,8.36,94.7,High,
DB_2237_AIML,2025EC1076,Hardik Dubey,6,107.3,9.72,39.17,85.0,8.4,8.36,91.6,High,
DB_2238_PY,2023EE1077,Kanika Pillai,6,191.8,4.65,12.78,65.0,5.1,6.19,51.6,Medium,
DB_2238_DSC,2023EE1077,Kanika Pillai,7,143.7,4.17,18.17,90.0,4.9,6.19,61.1,Medium,
DB_2239_DS,2024ME1078,Pari Duggal,9,307.3,9.43,19.4,100.0,8.8,8.97,97.1,High,
DB_2239_CN,2024ME1078,Pari Duggal,17,369.3,9.06,26.77,95.0,8.7,8.97,90.7,High,
DB_2239_AIML,2024ME1078,Pari Duggal,11,210.1,9.34,38.34,100.0,9.0,8.97,92.2,High,
DB_2239_ML,2024ME1078,Pari Duggal,3,192.4,4.2,16.5,100.0,9.2,8.97,90.3,High,
DB_2240_DS,2025CE1079,Kiran Sanyal,11,334.2,8.2,26.78,100.0,8.7,9.58,88.9,High,
DB_2240_CN,2025CE1079,Kiran Sanyal,10,218.2,7.2,21.36,95.0,7.9,9.58,83.0,High,
DB_2240_DSC,2025CE1079,Kiran Sanyal,12,346.1,7.63,28.03,90.0,8.4,9.58,94.4,High,
DB_2241_DS,2023CS1080,Saloni Garg,12,287.1,7.14,23.72,90.0,6.5,6.16,70.9,Medium,
DB_2241_PY,2023CS1080,Saloni Garg,7,172.1,7.6,14.4,80.0,6.3,6.16,74.1,Medium,
DB_2241_WD,2023CS1080,Saloni Garg,11,260.6,7.85,20.18,85.0,6.5,6.16,70.9,Medium,
DB_2241_ML,2023CS1080,Saloni Garg,2,167.0,4.1,14.7,80.0,6.5,6.16,77.0,High,
DB_2242_PY,2024IT1081,Rajesh Anand,8,184.2,6.18,15.4,85.0,6.2,7.09,75.0,High,
DB_2242_CN,2024IT1081,Rajesh Anand,6,169.6,4.75,16.41,95.0,6.5,7.09,71.5,Medium,
DB_2242_DSC,2024IT1081,Rajesh Anand,10,264.1,6.24,24.43,75.0,6.1,7.09,71.0,Medium,
DB_2242_ML,2024IT1081,Rajesh Anand,3,196.4,2.8,11.5,85.0,5.9,7.09,64.5,Medium,
DB_2243_DS,2025AI1082,Sanjay D'Souza,9,226.4,6.5,22.8,80.0,6.9,7.33,74.0,Medium,
DB_2243_CN,2025AI1082,Sanjay D'Souza,4,147.1,7.49,15.0,80.0,6.9,7.33,75.9,High,
DB_2243_ML,2025AI1082,Sanjay D'Souza,3,186.4,3.2,13.3,75.0,7.7,7.33,68.8,Medium,
DB_2244_DS,2023DS1083,Karishma Mahajan,7,287.5,8.03,25.07,95.0,7.5,7.8,86.9,High,
DB_2244_WD,2023DS1083,Karishma Mahajan,13,361.9,7.42,24.82,90.0,7.1,7.8,82.3,High,
DB_2244_CN,2023DS1083,Karishma Mahajan,12,292.6,7.7,20.86,95.0,7.1,7.8,81.7,High,
DB_2245_PY,2024EC1084,Pradeep Yadav,11,214.4,9.9,24.3,100.0,9.5,9.71,97.2,High,
DB_2245_WD,2024EC1084,Pradeep Yadav,20,493.5,8.57,29.54,95.0,9.5,9.71,92.7,High,
DB_2245_AIML,2024EC1084,Pradeep Yadav,4,71.1,9.64,41.07,100.0,9.1,9.71,96.9,High,
DB_2245_ML,2024EC1084,Pradeep Yadav,3,204.8,5.0,17.8,100.0,9.4,9.71,93.5,High,
DB_2246_WD,2025EE1085,Suman Suri,7,252.3,6.8,19.73,90.0,5.2,6.72,66.0,Medium,
DB_2246_AIML,2025EE1085,Suman Suri,9,173.5,5.2,22.96,85.0,5.0,6.72,64.1,Medium,
DB_2246_ML,2025EE1085,Suman Suri,2,153.2,3.3,12.3,85.0,5.7,6.72,65.7,Medium,
DB_2247_DS,2023ME1086,Aadhya Goel,8,242.0,9.53,28.18,100.0,8.9,9.37,92.7,High,
DB_2247_WD,2023ME1086,Aadhya Goel,18,432.0,9.53,30.96,90.0,9.2,9.37,95.1,High,
DB_2248_PY,2024CE1087,Zoya Varghese,12,273.1,7.92,18.2,70.0,7.1,6.62,71.9,Medium,
DB_2248_WD,2024CE1087,Zoya Varghese,6,116.5,6.51,27.07,85.0,6.6,6.62,74.2,Medium,
DB_2248_DSC,2024CE1087,Zoya Varghese,12,313.8,6.61,23.08,80.0,6.5,6.62,71.8,Medium,
DB_2248_AIML,2024CE1087,Zoya Varghese,4,91.4,6.6,22.8,80.0,6.6,6.62,65.8,Medium,
DB_2249_DS,2025CS1088,Chaitali Maurya,12,299.4,8.87,26.13,90.0,8.2,9.41,86.4,High,
DB_2249_WD,2025CS1088,Chaitali Maurya,12,317.3,8.4,31.6,85.0,8.2,9.41,86.8,High,
DB_2249_CN,2025CS1088,Chaitali Maurya,12,256.4,8.37,26.43,95.0,8.5,9.41,92.4,High,
DB_2249_DSC,2025CS1088,Chaitali Maurya,11,258.3,8.41,28.94,100.0,8.8,9.41,89.7,High,
DB_2250_DSC,2023IT1089,Meera Batra,7,163.7,6.52,24.72,85.0,7.2,7.23,74.6,Medium,
DB_2250_ML,2023IT1089,Meera Batra,3,191.6,4.2,12.8,80.0,6.9,7.23,74.5,Medium,
DB_2251_DS,2024AI1090,Jagdish Chatterjee,8,142.4,7.1,22.92,90.0,6.5,5.68,70.3,Medium,
DB_2251_DSC,2024AI1090,Jagdish Chatterjee,10,264.1,5.65,22.14,95.0,6.2,5.68,67.6,Medium,
DB_2252_WD,2025DS1091,Mamta Dutta,5,98.7,7.8,14.97,90.0,6.8,6.75,77.6,High,
DB_2252_DSC,2025DS1091,Mamta Dutta,7,178.3,5.4,23.27,95.0,6.6,6.75,76.0,High,
DB_2253_CN,2023EC1092,Isha Bhasin,13,267.2,8.6,21.84,95.0,7.6,7.31,79.4,High,
DB_2253_DSC,2023EC1092,Isha Bhasin,8,221.9,7.42,25.89,90.0,7.4,7.31,82.9,High,
DB_2254_PY,2024EE1093,Mohit Nambiar,14,310.7,6.14,17.44,100.0,6.0,6.84,70.9,Medium,
DB_2254_AIML,2024EE1093,Mohit Nambiar,10,197.5,5.94,27.43,100.0,5.8,6.84,67.1,Medium,
DB_2255_PY,2025ME1094,Pranav Sood,5,138.6,7.47,17.0,85.0,6.3,6.32,71.5,Medium,
DB_2255_DSC,2025ME1094,Pranav Sood,9,293.5,7.2,21.6,90.0,6.4,6.32,71.0,Medium,
DB_2255_AIML,2025ME1094,Pranav Sood,7,140.4,6.47,27.05,80.0,6.3,6.32,72.6,Medium,
DB_2255_ML,2025ME1094,Pranav Sood,3,198.1,4.2,14.65,85.0,6.5,6.32,78.3,High,
DB_2256_PY,2023CE1095,Tanvi Yadav,12,242.7,8.63,16.73,90.0,8.5,9.48,87.6,High,
DB_2256_AIML,2023CE1095,Tanvi Yadav,12,261.1,9.3,30.27,90.0,9.1,9.48,89.2,High,
DB_2257_DS,2024CS1096,Pallavi Agarwal,7,277.2,5.4,21.0,80.0,4.9,5.61,61.6,Medium,
DB_2257_CN,2024CS1096,Pallavi Agarwal,8,172.4,4.68,12.78,85.0,4.5,5.61,59.8,Medium,
DB_2258_DS,2025IT1097,Indu Grover,8,181.7,6.53,18.0,85.0,5.8,7.08,72.6,Medium,
DB_2258_WD,2025IT1097,Indu Grover,4,95.8,5.64,27.2,85.0,6.6,7.08,71.7,Medium,
DB_2258_ML,2025IT1097,Indu Grover,3,197.9,3.6,14.7,80.0,6.2,7.08,74.0,Medium,
DB_2259_DS,2023AI1098,Akash Varghese,10,292.4,7.2,22.62,90.0,7.9,7.35,79.4,High,
DB_2259_PY,2023AI1098,Akash Varghese,17,366.4,8.5,21.21,85.0,7.9,7.35,79.6,High,
DB_2259_WD,2023AI1098,Akash Varghese,7,142.8,7.2,20.02,90.0,7.3,7.35,79.3,High,
DB_2259_CN,2023AI1098,Akash Varghese,8,125.2,7.1,22.3,85.0,7.8,7.35,77.6,High,
DB_2260_WD,2024DS1099,Amit Ganguly,6,124.5,4.96,15.72,80.0,4.6,5.53,54.8,Medium,
DB_2260_DSC,2024DS1099,Amit Ganguly,7,239.7,5.0,16.54,85.0,5.0,5.53,61.1,Medium,
DB_2260_AIML,2024DS1099,Amit Ganguly,4,117.0,4.83,19.73,70.0,5.0,5.53,56.7,Medium,
DB_2261_DS,2025EC1100,Vikram Thomas,19,454.1,8.27,24.57,100.0,8.3,8.42,84.2,High,
DB_2261_DSC,2025EC1100,Vikram Thomas,11,248.8,9.9,26.1,90.0,7.8,8.42,89.0,High,
DB_2261_AIML,2025EC1100,Vikram Thomas,7,138.7,8.3,33.03,80.0,7.8,8.42,80.3,High,
DB_2262_DS,2023EE1101,Kiara Sethi,15,361.8,7.34,27.87,90.0,7.1,8.32,82.6,High,
DB_2262_PY,2023EE1101,Kiara Sethi,17,353.1,8.14,22.15,85.0,7.6,8.32,82.5,High,
DB_2263_DS,2024ME1102,Dev Goyal,10,293.5,6.47,21.01,90.0,6.5,6.24,70.0,Medium,
DB_2263_CN,2024ME1102,Dev Goyal,9,264.8,6.88,16.7,90.0,6.0,6.24,69.6,Medium,
DB_2263_AIML,2024ME1102,Dev Goyal,10,207.9,6.62,25.0,75.0,6.1,6.24,67.1,Medium,
DB_2264_PY,2025CE1103,Nikhil Choudhury,5,107.7,5.9,15.95,80.0,5.8,5.34,60.4,Medium,
DB_2264_ML,2025CE1103,Nikhil Choudhury,2,149.8,3.3,13.9,85.0,5.8,5.34,70.8,Medium,
DB_2265_CN,2023CS1104,Mamta Garg,5,86.3,4.65,12.8,90.0,5.1,5.86,60.5,Medium,
DB_2265_DSC,2023CS1104,Mamta Garg,7,162.0,5.12,17.48,75.0,4.8,5.86,62.1,Medium,
DB_2265_ML,2023CS1104,Mamta Garg,2,184.4,2.4,11.6,85.0,4.8,5.86,60.0,Medium,
DB_2266_DS,2024IT1105,Vipul Patel,4,103.5,5.0,16.4,65.0,3.9,5.35,55.0,Medium,
DB_2266_PY,2024IT1105,Vipul Patel,8,182.2,4.65,13.54,80.0,4.1,5.35,53.6,Medium,
DB_2266_DSC,2024IT1105,Vipul Patel,7,227.6,5.3,11.68,90.0,3.8,5.35,54.4,Medium,
DB_2266_AIML,2024IT1105,Vipul Patel,7,136.7,4.6,19.8,75.0,4.5,5.35,48.5,Low,
DB_2267_DS,2025AI1106,Hiten Rao,8,250.8,5.43,18.59,75.0,5.4,5.8,61.2,Medium,
DB_2267_PY,2025AI1106,Hiten Rao,10,144.4,5.47,13.25,80.0,5.5,5.8,58.0,Medium,
DB_2267_DSC,2025AI1106,Hiten Rao,5,164.7,3.4,18.55,60.0,5.5,5.8,59.3,Medium,
DB_2267_ML,2025AI1106,Hiten Rao,2,164.0,2.8,9.8,75.0,5.5,5.8,58.4,Medium,
DB_2268_DS,2023DS1107,Vaibhav Arora,13,315.6,7.16,23.35,100.0,6.4,6.41,70.8,Medium,
DB_2268_PY,2023DS1107,Vaibhav Arora,10,213.3,7.15,18.9,100.0,6.4,6.41,76.0,High,
DB_2268_ML,2023DS1107,Vaibhav Arora,3,199.7,3.9,15.7,90.0,6.8,6.41,77.5,High,
DB_2269_PY,2024EC1108,Madhav Pillai,6,146.1,4.9,18.08,80.0,6.0,6.48,62.3,Medium,
DB_2269_ML,2024EC1108,Madhav Pillai,2,169.9,3.4,13.3,80.0,6.2,6.48,71.0,Medium,
DB_2270_DS,2025EE1109,Rakesh Joshi,5,123.3,6.95,24.27,95.0,6.8,7.77,80.0,High,
DB_2270_DSC,2025EE1109,Rakesh Joshi,3,72.4,6.33,22.57,75.0,6.9,7.77,77.2,High,
DB_2270_ML,2025EE1109,Rakesh Joshi,3,198.5,3.4,12.0,90.0,6.7,7.77,71.4,Medium,
DB_2271_WD,2023ME1110,Madhav Choudhury,8,186.4,6.05,20.1,75.0,5.9,6.23,67.9,Medium,
DB_2271_AIML,2023ME1110,Madhav Choudhury,7,137.6,6.7,32.7,75.0,6.0,6.23,68.3,Medium,
DB_2272_DS,2024CE1111,Ayan Lobo,12,296.7,7.12,21.84,90.0,7.3,7.41,78.4,High,
DB_2272_DSC,2024CE1111,Ayan Lobo,9,293.8,7.4,23.66,90.0,7.0,7.41,79.4,High,
DB_2272_ML,2024CE1111,Ayan Lobo,2,164.8,4.0,12.9,100.0,7.2,7.41,78.9,High,
DB_2273_PY,2025CS1112,Harsh Dwivedi,11,217.5,7.6,18.81,85.0,6.8,7.61,74.8,Medium,
DB_2273_CN,2025CS1112,Harsh Dwivedi,8,178.7,6.46,18.47,90.0,6.6,7.61,73.6,Medium,
DB_2274_WD,2023IT1113,Trisha Chauhan,9,227.5,7.4,22.3,95.0,8.0,7.6,82.9,High,
DB_2274_ML,2023IT1113,Trisha Chauhan,3,191.5,3.8,15.85,95.0,8.0,7.6,83.0,High,
DB_2275_DS,2024AI1114,Falguni Patil,6,184.5,9.35,27.5,95.0,9.3,9.4,95.1,High,
DB_2275_PY,2024AI1114,Falguni Patil,5,120.5,9.9,27.96,95.0,9.4,9.4,98.0,High,
DB_2275_CN,2024AI1114,Falguni Patil,9,189.5,9.2,21.87,100.0,9.6,9.4,92.2,High,
DB_2275_ML,2024AI1114,Falguni Patil,3,191.5,4.5,20.0,95.0,9.3,9.4,94.1,High,
DB_2276_WD,2025DS1115,Mohit Singh,13,370.8,8.99,29.3,100.0,9.3,9.67,94.3,High,
DB_2276_ML,2025DS1115,Mohit Singh,2,154.1,4.8,19.4,100.0,9.2,9.67,98.0,High,
DB_2277_PY,2023EC1116,Vijay Mahajan,7,92.8,7.89,21.5,90.0,7.4,7.04,79.7,High,
DB_2277_WD,2023EC1116,Vijay Mahajan,9,239.9,6.92,36.1,80.0,7.2,7.04,72.3,Medium,
DB_2277_AIML,2023EC1116,Vijay Mahajan,9,206.2,8.42,32.4,95.0,7.3,7.04,78.2,High,
DB_2277_ML,2023EC1116,Vijay Mahajan,3,201.2,4.6,16.1,70.0,7.9,7.04,80.6,High,
DB_2278_WD,2024EE1117,Devanshi Kulkarni,17,392.4,8.22,28.47,95.0,9.2,9.23,93.7,High,
DB_2278_DSC,2024EE1117,Devanshi Kulkarni,6,115.1,8.16,34.62,95.0,9.0,9.23,89.4,High,
DB_2278_ML,2024EE1117,Devanshi Kulkarni,3,199.5,4.4,16.7,85.0,8.4,9.23,84.5,High,
DB_2279_DS,2025ME1118,Vaishnavi Awasthi,8,205.1,9.6,26.48,90.0,9.7,9.65,94.3,High,
DB_2279_WD,2025ME1118,Vaishnavi Awasthi,18,439.2,8.86,35.0,100.0,9.5,9.65,98.0,High,
DB_2279_AIML,2025ME1118,Vaishnavi Awasthi,9,176.9,9.62,40.92,100.0,9.4,9.65,96.2,High,
DB_2279_ML,2025ME1118,Vaishnavi Awasthi,3,194.8,4.9,19.35,100.0,9.6,9.65,98.0,High,
DB_2280_DS,2023CE1119,Prisha Garg,13,287.7,6.68,21.4,85.0,5.8,6.95,70.4,Medium,
DB_2280_CN,2023CE1119,Prisha Garg,4,72.6,7.15,16.6,85.0,5.8,6.95,65.9,Medium,
DB_2280_AIML,2023CE1119,Prisha Garg,8,140.7,6.21,25.96,80.0,6.1,6.95,72.5,Medium,
DB_2280_ML,2023CE1119,Prisha Garg,2,168.9,3.9,13.1,100.0,6.1,6.95,75.3,High,
DB_2281_DS,2024CS1120,Akanksha Sharma,12,302.0,7.4,18.96,80.0,6.3,5.75,71.1,Medium,
DB_2281_WD,2024CS1120,Akanksha Sharma,5,212.2,6.24,16.62,80.0,6.5,5.75,70.1,Medium,
DB_2282_DS,2025IT1121,Rahul Gupta,4,89.2,5.08,14.88,80.0,5.2,5.24,58.8,Medium,
DB_2282_PY,2025IT1121,Rahul Gupta,11,210.1,4.6,11.56,85.0,4.7,5.24,55.2,Medium,
DB_2282_DSC,2025IT1121,Rahul Gupta,3,106.2,4.87,15.11,95.0,5.0,5.24,61.1,Medium,
DB_2282_ML,2025IT1121,Rahul Gupta,3,187.1,2.7,11.5,75.0,4.3,5.24,58.5,Medium,
DB_2283_PY,2023AI1122,Hemant Bose,11,293.9,8.78,23.1,100.0,8.5,8.32,91.3,High,
DB_2283_WD,2023AI1122,Hemant Bose,13,299.6,8.51,30.57,90.0,8.5,8.32,88.9,High,
DB_2283_DSC,2023AI1122,Hemant Bose,4,140.0,8.45,31.28,95.0,8.9,8.32,88.7,High,
DB_2283_AIML,2023AI1122,Hemant Bose,12,233.1,8.47,40.35,95.0,8.0,8.32,90.8,High,
DB_2284_CN,2024DS1123,Manish Chopra,7,159.8,8.95,27.25,100.0,9.4,9.63,95.2,High,
DB_2284_AIML,2024DS1123,Manish Chopra,6,101.6,10.0,35.74,100.0,9.5,9.63,98.0,High,
DB_2284_ML,2024DS1123,Manish Chopra,3,197.4,4.7,19.4,95.0,9.6,9.63,97.5,High,
DB_2285_DS,2025EC1124,Madhuri Bhasin,12,272.1,8.71,27.56,100.0,8.9,8.94,91.2,High,
DB_2285_ML,2025EC1124,Madhuri Bhasin,3,202.0,5.0,20.0,95.0,8.6,8.94,98.0,High,
DB_2286_WD,2023EE1125,Mansi Bansal,6,184.9,4.15,14.6,75.0,4.6,5.17,51.5,Medium,
DB_2286_CN,2023EE1125,Mansi Bansal,3,75.3,4.38,12.52,80.0,4.2,5.17,54.0,Medium,
DB_2287_DS,2024ME1126,Gaurav Majumdar,16,435.8,10.0,28.2,95.0,8.5,8.74,96.1,High,
DB_2287_CN,2024ME1126,Gaurav Majumdar,15,338.2,8.8,23.2,100.0,8.5,8.74,89.5,High,
DB_2287_AIML,2024ME1126,Gaurav Majumdar,7,130.8,9.43,38.35,100.0,9.2,8.74,95.3,High,
DB_2288_DS,2025CE1127,Vijay Pillai,2,116.4,6.22,16.9,80.0,6.3,5.35,64.6,Medium,
DB_2288_PY,2025CE1127,Vijay Pillai,10,260.3,5.35,16.81,85.0,6.2,5.35,61.8,Medium,
DB_2288_WD,2025CE1127,Vijay Pillai,7,202.8,5.8,18.43,70.0,6.1,5.35,63.2,Medium,
DB_2288_AIML,2025CE1127,Vijay Pillai,9,185.5,6.9,21.68,75.0,5.5,5.35,65.0,Medium,
DB_2289_DS,2023CS1128,Ramesh Bhat,13,295.4,8.9,23.03,90.0,8.4,7.84,84.9,High,
DB_2289_DSC,2023CS1128,Ramesh Bhat,4,91.6,8.53,25.7,95.0,7.7,7.84,88.8,High,
DB_2289_AIML,2023CS1128,Ramesh Bhat,8,155.9,8.49,38.13,90.0,7.7,7.84,81.0,High,
DB_2290_DS,2024IT1129,Advait Pillai,20,467.0,9.8,31.55,95.0,9.2,9.45,94.3,High,
DB_2290_PY,2024IT1129,Advait Pillai,14,211.9,10.0,24.63,100.0,8.8,9.45,96.3,High,
DB_2290_CN,2024IT1129,Advait Pillai,14,279.7,9.0,34.85,95.0,9.3,9.45,90.5,High,
DB_2290_ML,2024IT1129,Advait Pillai,2,159.2,4.2,19.05,100.0,9.1,9.45,95.5,High,
DB_2291_PY,2025AI1130,Jagdish Garg,8,201.0,6.32,16.14,85.0,5.6,7.02,64.4,Medium,
DB_2291_WD,2025AI1130,Jagdish Garg,3,62.7,6.5,18.36,95.0,5.8,7.02,71.0,Medium,
DB_2291_AIML,2025AI1130,Jagdish Garg,7,140.1,5.97,24.52,80.0,6.1,7.02,63.9,Medium,
DB_2291_ML,2025AI1130,Jagdish Garg,3,202.0,2.3,12.35,85.0,5.4,7.02,64.9,Medium,
DB_2292_PY,2023DS1131,Gauri Talwar,9,257.4,5.03,15.55,80.0,4.5,5.81,57.7,Medium,
DB_2292_WD,2023DS1131,Gauri Talwar,6,176.7,4.35,12.64,80.0,5.2,5.81,54.7,Medium,
DB_2292_CN,2023DS1131,Gauri Talwar,5,112.9,5.5,13.58,70.0,5.4,5.81,56.2,Medium,
DB_2292_ML,2023DS1131,Gauri Talwar,3,204.4,1.9,11.55,90.0,5.5,5.81,60.0,Medium,
DB_2293_PY,2024EC1132,Riya Nair,3,120.4,5.77,10.5,90.0,4.7,5.58,64.0,Medium,
DB_2293_DSC,2024EC1132,Riya Nair,5,136.7,4.35,17.7,85.0,4.5,5.58,58.9,Medium,
DB_2293_AIML,2024EC1132,Riya Nair,5,114.9,4.9,22.4,85.0,4.9,5.58,56.6,Medium,
DB_2294_DS,2025EE1133,Gaurav Khanna,10,158.7,4.29,15.36,80.0,4.9,5.12,55.5,Medium,
DB_2294_CN,2025EE1133,Gaurav Khanna,3,107.0,5.3,10.54,65.0,4.5,5.12,51.7,Medium,
DB_2294_AIML,2025EE1133,Gaurav Khanna,3,77.6,5.12,18.78,75.0,4.4,5.12,56.2,Medium,
DB_2294_ML,2025EE1133,Gaurav Khanna,2,167.0,2.6,7.9,85.0,4.9,5.12,56.2,Medium,
DB_2295_DS,2023ME1134,Shweta Anand,8,221.8,9.2,20.6,95.0,7.1,8.35,87.7,High,
DB_2295_PY,2023ME1134,Shweta Anand,9,141.8,7.91,20.23,95.0,7.1,8.35,81.4,High,
DB_2295_AIML,2023ME1134,Shweta Anand,10,226.2,7.83,30.25,75.0,8.0,8.35,79.2,High,
DB_2295_ML,2023ME1134,Shweta Anand,3,199.1,3.6,14.1,90.0,7.7,8.35,76.1,High,
DB_2296_DS,2024CE1135,Arjun Bhatia,8,235.5,4.77,19.07,85.0,4.6,5.53,56.8,Medium,
DB_2296_PY,2024CE1135,Arjun Bhatia,6,197.6,4.2,15.42,95.0,5.1,5.53,58.3,Medium,
DB_2296_WD,2024CE1135,Arjun Bhatia,2,65.7,6.1,18.49,85.0,5.4,5.53,60.7,Medium,
DB_2296_AIML,2024CE1135,Arjun Bhatia,4,72.9,5.65,20.13,75.0,4.5,5.53,56.2,Medium,
DB_2297_DS,2025CS1136,Swati Suri,7,171.2,5.8,16.7,80.0,5.5,5.45,61.2,Medium,
DB_2297_PY,2025CS1136,Swati Suri,10,239.4,5.38,13.86,75.0,5.0,5.45,58.7,Medium,
DB_2297_WD,2025CS1136,Swati Suri,9,268.6,5.93,21.0,95.0,5.5,5.45,64.8,Medium,
DB_2297_AIML,2025CS1136,Swati Suri,6,155.3,5.5,18.4,80.0,5.4,5.45,57.7,Medium,
DB_2298_PY,2023IT1137,Sanjay Dwivedi,4,58.1,5.5,15.95,95.0,5.8,5.73,65.8,Medium,
DB_2298_CN,2023IT1137,Sanjay Dwivedi,7,159.5,5.88,20.73,95.0,6.2,5.73,67.9,Medium,
DB_2298_DSC,2023IT1137,Sanjay Dwivedi,11,316.9,5.89,18.14,80.0,6.0,5.73,64.5,Medium,
DB_2298_ML,2023IT1137,Sanjay Dwivedi,1,128.7,2.9,12.1,90.0,5.4,5.73,62.5,Medium,
DB_2299_PY,2024AI1138,Alok Joseph,10,228.0,4.0,13.0,75.0,4.0,5.07,45.9,Low,
DB_2299_WD,2024AI1138,Alok Joseph,1,47.7,4.45,8.0,85.0,3.9,5.07,52.3,Medium,
DB_2299_DSC,2024AI1138,Alok Joseph,7,152.9,4.46,14.02,80.0,4.6,5.07,57.8,Medium,
DB_2299_AIML,2024AI1138,Alok Joseph,3,73.4,3.92,19.95,80.0,4.7,5.07,51.3,Medium,
DB_2300_PY,2025DS1139,Lokesh Sharma,9,221.2,7.53,17.96,90.0,6.7,6.72,71.1,Medium,
DB_2300_DSC,2025DS1139,Lokesh Sharma,11,264.4,5.98,19.89,85.0,6.7,6.72,67.6,Medium,
DB_2300_AIML,2025DS1139,Lokesh Sharma,4,84.0,7.48,25.4,80.0,6.1,6.72,69.0,Medium,
DB_2301_DS,2023EC1140,Akanksha Solanki,6,156.1,9.35,18.2,95.0,8.7,9.75,92.7,High,
DB_2301_WD,2023EC1140,Akanksha Solanki,9,268.3,8.35,27.52,90.0,8.2,9.75,92.4,High,
DB_2301_AIML,2023EC1140,Akanksha Solanki,10,181.3,8.53,36.16,95.0,8.3,9.75,89.8,High,
DB_2302_PY,2024EE1141,Sanjay Suri,8,179.9,8.1,23.7,100.0,8.0,8.97,86.7,High,
DB_2302_WD,2024EE1141,Sanjay Suri,8,257.6,9.05,29.05,95.0,8.6,8.97,91.9,High,
DB_2302_ML,2024EE1141,Sanjay Suri,3,206.4,4.3,18.0,90.0,8.3,8.97,90.6,High,
DB_2303_DS,2025ME1142,Hiten Das,14,232.2,8.64,26.29,90.0,7.5,7.91,86.6,High,
DB_2303_PY,2025ME1142,Hiten Das,10,245.5,8.15,20.4,85.0,8.0,7.91,85.3,High,
DB_2303_WD,2025ME1142,Hiten Das,5,112.2,7.54,37.3,80.0,8.2,7.91,84.5,High,
DB_2304_DS,2023CE1143,Manisha Tiwari,14,288.3,8.25,28.27,85.0,7.8,7.53,81.7,High,
DB_2304_PY,2023CE1143,Manisha Tiwari,12,230.0,8.34,23.48,95.0,7.8,7.53,81.6,High,
DB_2304_CN,2023CE1143,Manisha Tiwari,13,293.3,7.34,24.9,90.0,7.4,7.53,77.1,High,
DB_2304_AIML,2023CE1143,Manisha Tiwari,9,163.6,8.77,34.29,80.0,8.2,7.53,80.3,High,
DB_2305_DS,2024CS1144,Amit Batra,12,268.2,8.25,25.33,95.0,8.4,8.82,83.9,High,
DB_2305_PY,2024CS1144,Amit Batra,11,265.6,7.65,23.91,95.0,8.2,8.82,87.7,High,
DB_2305_DSC,2024CS1144,Amit Batra,13,290.9,8.11,38.65,100.0,8.3,8.82,89.8,High,
DB_2305_ML,2024CS1144,Amit Batra,3,196.7,4.5,19.2,90.0,8.6,8.82,93.3,High,
DB_2306_CN,2025IT1145,Gautam Nair,7,146.0,3.8,18.0,80.0,4.4,5.17,53.6,Medium,
DB_2306_AIML,2025IT1145,Gautam Nair,5,107.5,4.0,22.05,70.0,4.9,5.17,54.1,Medium,
DB_2306_ML,2025IT1145,Gautam Nair,2,140.0,2.2,8.2,75.0,4.5,5.17,48.8,Low,
DB_2307_PY,2023AI1146,Simran Bajaj,15,373.5,7.05,28.2,95.0,7.7,8.14,83.2,High,
DB_2307_WD,2023AI1146,Simran Bajaj,10,261.5,8.0,33.9,90.0,7.6,8.14,79.5,High,
DB_2307_AIML,2023AI1146,Simran Bajaj,7,129.0,9.0,30.94,90.0,7.6,8.14,85.0,High,
DB_2308_PY,2024DS1147,Pooja Arora,18,359.5,9.4,23.88,90.0,8.4,9.68,90.5,High,
DB_2308_DSC,2024DS1147,Pooja Arora,12,301.0,9.52,29.19,85.0,9.0,9.68,94.0,High,
DB_2309_PY,2025EC1148,Pallavi Gupta,13,349.4,7.7,22.06,100.0,8.0,8.56,84.9,High,
DB_2309_WD,2025EC1148,Pallavi Gupta,6,233.0,5.95,25.46,95.0,8.2,8.56,82.8,High,
DB_2309_CN,2025EC1148,Pallavi Gupta,8,193.8,8.35,23.13,90.0,7.7,8.56,84.1,High,
DB_2310_WD,2023EE1149,Saurabh Mahajan,13,379.7,7.36,22.17,80.0,6.7,6.45,73.6,Medium,
DB_2310_CN,2023EE1149,Saurabh Mahajan,12,238.9,6.45,21.3,100.0,6.6,6.45,77.0,High,
DB_2310_DSC,2023EE1149,Saurabh Mahajan,11,257.3,7.16,21.18,80.0,7.1,6.45,69.4,Medium,
DB_2311_DS,2024ME1150,Atharva Garg,20,406.2,8.0,26.3,95.0,8.3,8.87,88.3,High,
DB_2311_CN,2024ME1150,Atharva Garg,13,281.5,8.92,22.3,95.0,7.9,8.87,88.8,High,
DB_2312_DS,2025CE1151,Saurabh Yadav,22,526.3,10.0,22.5,100.0,9.3,9.74,98.0,High,
DB_2312_WD,2025CE1151,Saurabh Yadav,18,446.5,8.76,29.43,100.0,9.6,9.74,93.4,High,
DB_2312_DSC,2025CE1151,Saurabh Yadav,16,342.0,9.0,31.51,95.0,9.0,9.74,92.8,High,
DB_2313_WD,2023CS1152,Vinay Bhattacharya,9,287.4,8.7,28.06,90.0,9.2,8.46,87.5,High,
DB_2313_ML,2023CS1152,Vinay Bhattacharya,3,194.7,4.9,18.4,95.0,9.1,8.46,92.1,High,
DB_2314_WD,2024IT1153,Arjun Solanki,9,152.6,7.5,24.65,100.0,7.8,7.92,86.4,High,
DB_2314_CN,2024IT1153,Arjun Solanki,8,181.8,8.47,24.77,95.0,8.6,7.92,86.9,High,
DB_2314_AIML,2024IT1153,Arjun Solanki,7,132.7,8.9,32.93,90.0,8.3,7.92,87.7,High,
DB_2314_ML,2024IT1153,Arjun Solanki,2,168.2,4.0,16.75,80.0,8.6,7.92,83.4,High,
DB_2315_PY,2025AI1154,Esha Nair,11,254.3,9.56,23.65,95.0,10.0,9.61,97.2,High,
DB_2315_WD,2025AI1154,Esha Nair,10,309.9,9.42,34.92,90.0,9.1,9.61,94.2,High,
DB_2315_CN,2025AI1154,Esha Nair,17,348.0,7.45,25.48,100.0,9.6,9.61,98.0,High,
DB_2315_DSC,2025AI1154,Esha Nair,5,96.1,8.4,32.38,95.0,9.7,9.61,94.1,High,
DB_2316_DS,2023DS1155,Sumit Pillai,9,310.6,5.74,18.8,75.0,4.9,5.65,62.8,Medium,
DB_2316_PY,2023DS1155,Sumit Pillai,6,142.5,6.15,15.67,65.0,5.7,5.65,56.5,Medium,
DB_2316_CN,2023DS1155,Sumit Pillai,5,143.8,4.38,19.0,80.0,5.6,5.65,58.4,Medium,
DB_2316_ML,2023DS1155,Sumit Pillai,3,197.6,3.1,10.2,80.0,4.9,5.65,57.9,Medium,
DB_2317_AIML,2024EC1156,Nandini Pandey,5,119.0,6.72,33.5,100.0,6.5,7.21,77.7,High,
DB_2317_ML,2024EC1156,Nandini Pandey,2,167.5,3.8,12.85,95.0,6.5,7.21,75.6,High,
DB_2318_PY,2025EE1157,Pragya Agarwal,6,151.5,7.15,20.08,85.0,6.5,7.01,71.5,Medium,
DB_2318_CN,2025EE1157,Pragya Agarwal,6,175.5,6.34,26.2,80.0,7.0,7.01,72.8,Medium,
DB_2318_DSC,2025EE1157,Pragya Agarwal,5,118.2,6.68,22.73,95.0,6.9,7.01,73.4,Medium,
DB_2319_DS,2023ME1158,Aarti Tandon,11,319.3,8.83,27.27,90.0,8.4,9.23,89.3,High,
DB_2319_WD,2023ME1158,Aarti Tandon,11,300.0,8.5,28.07,95.0,9.1,9.23,88.0,High,
DB_2319_DSC,2023ME1158,Aarti Tandon,12,330.9,6.87,28.64,100.0,8.3,9.23,92.7,High,
DB_2319_AIML,2023ME1158,Aarti Tandon,13,261.4,9.14,36.6,95.0,8.5,9.23,90.2,High,
DB_2320_PY,2024CE1159,Ojaswi Sanyal,15,371.1,8.69,22.03,90.0,7.7,8.78,83.8,High,
DB_2320_DSC,2024CE1159,Ojaswi Sanyal,10,187.3,7.82,27.99,95.0,8.1,8.78,87.1,High,
DB_2320_ML,2024CE1159,Ojaswi Sanyal,2,156.8,4.7,17.35,80.0,7.5,8.78,83.9,High,
DB_2321_PY,2025CS1160,Nitin Kulkarni,13,275.6,6.55,25.56,95.0,6.7,7.39,75.2,High,
DB_2321_WD,2025CS1160,Nitin Kulkarni,5,123.2,7.2,22.51,85.0,7.0,7.39,74.5,Medium,
DB_2321_DSC,2025CS1160,Nitin Kulkarni,6,99.4,6.5,24.95,95.0,7.5,7.39,79.3,High,
DB_2321_ML,2025CS1160,Nitin Kulkarni,3,208.1,4.1,13.95,100.0,6.8,7.39,81.7,High,
DB_2322_DSC,2023IT1161,Atharva Solanki,17,400.9,8.92,34.95,95.0,9.7,9.43,97.9,High,
DB_2322_ML,2023IT1161,Atharva Solanki,3,195.3,4.8,18.8,100.0,9.1,9.43,92.9,High,
DB_2323_PY,2024AI1162,Kriti Rajput,10,148.2,7.7,19.04,90.0,7.2,8.04,79.0,High,
DB_2323_CN,2024AI1162,Kriti Rajput,5,104.4,7.33,15.35,90.0,7.3,8.04,77.6,High,
DB_2323_AIML,2024AI1162,Kriti Rajput,10,200.2,7.7,27.66,90.0,6.9,8.04,75.0,High,
DB_2324_DS,2025DS1163,Lata Sood,12,328.2,6.57,28.0,100.0,6.6,8.12,80.2,High,
DB_2324_DSC,2025DS1163,Lata Sood,10,227.4,7.0,25.6,90.0,6.9,8.12,77.5,High,
DB_2324_ML,2025DS1163,Lata Sood,3,191.6,3.3,14.95,95.0,6.4,8.12,74.0,Medium,
DB_2325_DS,2023EC1164,Shubham Majumdar,10,228.1,6.1,16.15,95.0,5.9,5.53,65.7,Medium,
DB_2325_CN,2023EC1164,Shubham Majumdar,3,99.3,6.26,13.3,90.0,6.0,5.53,68.2,Medium,
DB_2325_ML,2023EC1164,Shubham Majumdar,3,205.9,3.3,14.5,95.0,6.1,5.53,72.0,Medium,
DB_2326_PY,2024EE1165,Anjali Goel,10,196.3,5.95,17.1,80.0,6.2,5.55,64.0,Medium,
DB_2326_WD,2024EE1165,Anjali Goel,10,195.2,5.35,16.43,90.0,5.7,5.55,68.9,Medium,
DB_2326_CN,2024EE1165,Anjali Goel,10,224.0,5.1,18.64,65.0,5.3,5.55,60.4,Medium,
DB_2326_ML,2024EE1165,Anjali Goel,3,200.1,3.4,13.5,85.0,5.8,5.55,66.1,Medium,
DB_2327_CN,2025ME1166,Devanshi Kapoor,8,150.0,7.28,16.79,85.0,6.2,6.94,71.2,Medium,
DB_2327_AIML,2025ME1166,Devanshi Kapoor,8,166.8,6.6,22.35,75.0,6.2,6.94,65.6,Medium,
DB_2328_CN,2023CE1167,Srishti Das,19,392.5,5.0,24.51,90.0,9.5,9.67,97.0,High,
DB_2328_AIML,2023CE1167,Srishti Das,9,196.3,9.6,43.33,95.0,9.5,9.67,98.0,High,
DB_2328_ML,2023CE1167,Srishti Das,3,193.8,5.0,19.0,95.0,9.2,9.67,95.5,High,
DB_2329_PY,2024CS1168,Karishma Kulkarni,7,156.1,6.13,12.18,80.0,5.7,5.4,60.6,Medium,
DB_2329_WD,2024CS1168,Karishma Kulkarni,10,290.1,6.3,19.9,90.0,5.4,5.4,69.5,Medium,
DB_2330_DS,2025IT1169,Kabir Dwivedi,8,127.4,6.2,22.07,90.0,7.2,7.36,70.2,Medium,
DB_2330_PY,2025IT1169,Kabir Dwivedi,11,292.8,6.87,17.4,75.0,6.4,7.36,71.5,Medium,
DB_2330_DSC,2025IT1169,Kabir Dwivedi,11,287.1,7.01,22.22,85.0,6.9,7.36,74.0,Medium,
DB_2330_ML,2025IT1169,Kabir Dwivedi,3,202.7,4.0,15.1,90.0,6.9,7.36,78.5,High,
DB_2331_CN,2023AI1170,Barkha Jindal,4,67.8,6.5,18.97,75.0,6.6,6.73,65.4,Medium,
DB_2331_AIML,2023AI1170,Barkha Jindal,6,122.0,7.03,24.4,75.0,6.3,6.73,67.6,Medium,
DB_2331_ML,2023AI1170,Barkha Jindal,3,192.2,4.0,13.0,95.0,6.2,6.73,72.4,Medium,
DB_2332_AIML,2024DS1171,Ishaan Joseph,11,226.6,7.1,22.0,95.0,6.3,5.91,69.0,Medium,
DB_2332_ML,2024DS1171,Ishaan Joseph,3,195.4,3.2,14.4,90.0,6.3,5.91,67.8,Medium,
DB_2333_PY,2025EC1172,Manoj Kumar,9,244.2,7.45,24.2,65.0,7.4,7.09,69.2,Medium,
DB_2333_WD,2025EC1172,Manoj Kumar,11,291.1,7.83,26.5,85.0,6.8,7.09,74.0,Medium,
DB_2333_DSC,2025EC1172,Manoj Kumar,13,294.1,7.15,23.84,90.0,7.4,7.09,78.9,High,
DB_2333_AIML,2025EC1172,Manoj Kumar,7,131.6,6.8,25.05,85.0,7.4,7.09,77.8,High,
DB_2334_DS,2023EE1173,Falguni Dutta,5,250.5,5.03,15.79,75.0,4.5,5.16,54.2,Medium,
DB_2334_AIML,2023EE1173,Falguni Dutta,7,170.1,6.5,20.28,75.0,5.2,5.16,60.4,Medium,
DB_2335_PY,2024ME1174,Shaurya Lobo,7,192.0,9.33,25.7,100.0,8.3,8.21,93.3,High,
DB_2335_DSC,2024ME1174,Shaurya Lobo,7,188.2,8.32,31.25,90.0,8.8,8.21,87.6,High,
DB_2336_PY,2025CE1175,Satish Sethi,12,287.5,8.06,15.07,90.0,7.7,8.9,81.9,High,
DB_2336_WD,2025CE1175,Satish Sethi,10,257.7,7.25,24.68,95.0,7.6,8.9,80.7,High,
DB_2336_CN,2025CE1175,Satish Sethi,11,277.1,8.8,21.1,90.0,7.7,8.9,86.2,High,
DB_2336_AIML,2025CE1175,Satish Sethi,12,252.6,8.12,33.07,100.0,7.3,8.9,86.4,High,
DB_2337_PY,2023CS1176,Vaibhav Bajaj,14,278.4,6.92,19.45,80.0,6.3,6.09,67.7,Medium,
DB_2337_WD,2023CS1176,Vaibhav Bajaj,9,208.0,5.63,18.13,90.0,6.3,6.09,70.8,Medium,
DB_2337_ML,2023CS1176,Vaibhav Bajaj,3,194.0,3.9,13.2,100.0,6.1,6.09,73.8,Medium,
DB_2338_WD,2024IT1177,Riddhi Nambiar,9,302.4,5.71,19.07,95.0,6.3,6.2,66.8,Medium,
DB_2338_ML,2024IT1177,Riddhi Nambiar,3,196.3,3.1,14.4,85.0,6.1,6.2,68.2,Medium,
DB_2339_WD,2025AI1178,Ishaan Sanyal,4,142.6,4.5,14.73,70.0,4.4,5.24,54.0,Medium,
DB_2339_CN,2025AI1178,Ishaan Sanyal,3,111.0,3.5,13.43,90.0,4.6,5.24,56.8,Medium,
DB_2339_DSC,2025AI1178,Ishaan Sanyal,5,159.8,4.53,17.51,100.0,4.4,5.24,61.9,Medium,
DB_2340_PY,2023DS1179,Shilpa Sen,4,100.0,5.52,13.56,75.0,4.9,6.44,59.4,Medium,
DB_2340_CN,2023DS1179,Shilpa Sen,11,262.9,4.4,15.85,90.0,4.9,6.44,61.5,Medium,
DB_2340_AIML,2023DS1179,Shilpa Sen,5,120.4,5.0,22.03,75.0,5.5,6.44,59.6,Medium,
DB_2341_PY,2024EC1180,Vijay Solanki,8,130.3,7.93,23.72,95.0,8.0,7.97,81.9,High,
DB_2341_CN,2024EC1180,Vijay Solanki,10,209.0,4.0,18.85,90.0,8.5,7.97,81.7,High,
DB_2341_ML,2024EC1180,Vijay Solanki,3,193.9,4.7,17.35,85.0,7.7,7.97,87.4,High,
DB_2342_DS,2025EE1181,Chaitali Rao,8,215.5,5.58,18.2,85.0,5.2,5.62,63.3,Medium,
DB_2342_DSC,2025EE1181,Chaitali Rao,3,133.3,6.4,18.94,80.0,5.2,5.62,63.6,Medium,
DB_2342_ML,2025EE1181,Chaitali Rao,3,194.4,2.6,13.1,80.0,6.1,5.62,61.0,Medium,
DB_2343_WD,2023ME1182,Lavanya Chauhan,13,347.8,5.56,16.44,80.0,5.5,6.67,61.9,Medium,
DB_2343_DSC,2023ME1182,Lavanya Chauhan,7,193.6,5.63,18.16,85.0,5.1,6.67,65.9,Medium,
DB_2343_ML,2023ME1182,Lavanya Chauhan,3,191.8,2.5,12.0,95.0,5.8,6.67,64.3,Medium,
DB_2344_DS,2024CE1183,Naveen Bhat,10,268.9,7.12,19.37,85.0,6.3,7.94,74.2,Medium,
DB_2344_WD,2024CE1183,Naveen Bhat,11,267.0,6.73,29.0,75.0,6.2,7.94,73.7,Medium,
DB_2344_ML,2024CE1183,Naveen Bhat,3,198.5,3.8,15.35,80.0,6.9,7.94,76.5,High,
DB_2345_DS,2025CS1184,Hemlata Yadav,7,286.2,8.47,23.15,95.0,7.5,8.46,82.2,High,
DB_2345_DSC,2025CS1184,Hemlata Yadav,8,171.1,6.67,34.13,95.0,7.0,8.46,85.0,High,
DB_2346_WD,2023IT1185,Diya Prajapat,8,221.9,7.8,22.35,85.0,6.7,7.9,75.2,High,
DB_2346_AIML,2023IT1185,Diya Prajapat,10,197.7,6.84,25.3,90.0,6.5,7.9,75.1,High,
DB_2347_AIML,2024AI1186,Radhika Singhal,9,194.7,7.39,23.2,95.0,6.7,6.36,70.8,Medium,
DB_2347_ML,2024AI1186,Radhika Singhal,2,164.2,4.1,15.6,80.0,6.7,6.36,77.5,High,
DB_2348_DSC,2025DS1187,Rakesh Rajput,15,377.8,8.08,29.2,95.0,7.8,7.51,85.0,High,
DB_2348_ML,2025DS1187,Rakesh Rajput,3,204.5,4.0,16.7,85.0,7.3,7.51,81.7,High,
DB_2349_DS,2023EC1188,Omkar Khanna,9,174.9,5.51,12.67,100.0,4.8,5.91,64.5,Medium,
DB_2349_PY,2023EC1188,Omkar Khanna,10,218.5,5.42,15.85,65.0,5.4,5.91,59.4,Medium,
DB_2349_ML,2023EC1188,Omkar Khanna,2,163.2,3.2,11.9,95.0,5.6,5.91,66.8,Medium,
DB_2350_PY,2024EE1189,Chhavi Khanna,8,162.9,6.67,18.63,80.0,6.8,5.8,65.7,Medium,
DB_2350_DSC,2024EE1189,Chhavi Khanna,6,99.9,5.72,20.73,80.0,6.1,5.8,69.4,Medium,
DB_2351_PY,2025ME1190,Kailash Grover,11,252.5,5.6,15.86,80.0,5.5,5.49,59.7,Medium,
DB_2351_CN,2025ME1190,Kailash Grover,6,134.6,5.93,15.3,65.0,6.1,5.49,61.2,Medium,
DB_2351_DSC,2025ME1190,Kailash Grover,8,206.3,6.3,19.61,90.0,6.1,5.49,64.1,Medium,
DB_2351_ML,2025ME1190,Kailash Grover,3,191.2,3.3,11.9,75.0,5.6,5.49,66.2,Medium,
DB_2352_PY,2023CE1191,Girish Joshi,5,176.5,4.35,12.16,95.0,4.5,5.2,56.9,Medium,
DB_2352_AIML,2023CE1191,Girish Joshi,7,140.9,4.22,19.55,85.0,3.9,5.2,55.9,Medium,
DB_2353_DS,2024CS1192,Madhuri Bansal,9,155.4,6.5,16.06,80.0,6.4,6.83,69.6,Medium,
DB_2353_PY,2024CS1192,Madhuri Bansal,11,224.4,6.72,18.19,65.0,6.4,6.83,68.2,Medium,
DB_2353_WD,2024CS1192,Madhuri Bansal,10,306.5,5.93,20.14,70.0,6.3,6.83,68.1,Medium,
DB_2353_DSC,2024CS1192,Madhuri Bansal,5,88.7,6.38,26.12,90.0,6.5,6.83,71.9,Medium,
DB_2354_WD,2025IT1193,Rahul Goyal,4,71.3,4.26,17.0,95.0,5.1,6.27,60.1,Medium,
DB_2354_CN,2025IT1193,Rahul Goyal,5,105.5,4.43,14.85,85.0,4.7,6.27,64.5,Medium,
DB_2355_PY,2023AI1194,Shruti Das,12,259.6,8.89,22.93,90.0,8.2,9.05,90.1,High,
DB_2355_CN,2023AI1194,Shruti Das,3,83.0,9.3,23.07,95.0,8.5,9.05,90.9,High,
DB_2355_DSC,2023AI1194,Shruti Das,7,140.7,9.2,19.5,100.0,8.7,9.05,85.9,High,
DB_2355_ML,2023AI1194,Shruti Das,3,200.4,4.5,16.7,90.0,8.6,9.05,86.2,High,
DB_2356_DS,2024DS1195,Kriti Joseph,9,205.6,8.17,17.27,90.0,6.9,7.79,81.2,High,
DB_2356_ML,2024DS1195,Kriti Joseph,3,195.1,3.5,17.9,95.0,7.8,7.79,82.3,High,
DB_2357_DS,2025EC1196,Kartik Agarwal,12,266.7,9.7,22.37,95.0,9.2,9.39,95.4,High,
DB_2357_PY,2025EC1196,Kartik Agarwal,6,129.5,9.1,24.17,90.0,9.3,9.39,92.3,High,
DB_2357_DSC,2025EC1196,Kartik Agarwal,8,239.3,8.59,29.5,100.0,8.4,9.39,93.7,High,
DB_2357_ML,2025EC1196,Kartik Agarwal,3,202.7,4.1,19.3,95.0,8.7,9.39,90.5,High,
DB_2358_WD,2023EE1197,Rahul Pinto,6,158.8,6.83,22.65,100.0,8.0,8.92,85.2,High,
DB_2358_CN,2023EE1197,Rahul Pinto,15,327.8,8.41,15.4,90.0,8.5,8.92,85.6,High,
DB_2358_ML,2023EE1197,Rahul Pinto,3,195.7,4.2,16.2,95.0,8.9,8.92,89.1,High,
DB_2359_DS,2024ME1198,Harshita Joseph,6,147.5,7.8,22.63,85.0,7.6,7.89,77.3,High,
DB_2359_WD,2024ME1198,Harshita Joseph,11,275.6,7.64,25.15,90.0,7.3,7.89,80.4,High,
DB_2359_CN,2024ME1198,Harshita Joseph,8,135.2,7.09,17.5,95.0,7.3,7.89,80.7,High,
DB_2359_DSC,2024ME1198,Harshita Joseph,7,165.2,7.3,28.0,85.0,7.5,7.89,81.2,High,
DB_2360_DS,2025CE1199,Umesh Garg,16,397.3,7.45,23.41,85.0,7.0,6.74,74.8,Medium,
DB_2360_WD,2025CE1199,Umesh Garg,6,177.7,8.0,22.53,90.0,7.8,6.74,79.4,High,
DB_2360_CN,2025CE1199,Umesh Garg,9,236.8,7.59,26.17,95.0,6.9,6.74,75.5,High,
DB_2360_DSC,2025CE1199,Umesh Garg,5,99.3,7.13,24.52,85.0,7.6,6.74,74.6,Medium,
DB_2361_DS,2023CS1200,Shruti Dwivedi,11,293.9,6.1,20.48,90.0,5.9,5.38,68.4,Medium,
DB_2361_AIML,2023CS1200,Shruti Dwivedi,4,83.3,5.4,22.45,90.0,6.2,5.38,65.6,Medium,
DB_2362_WD,2024IT1201,Lokesh Mukherjee,6,164.0,8.55,25.24,90.0,8.4,9.26,86.4,High,
DB_2362_AIML,2024IT1201,Lokesh Mukherjee,6,109.8,8.35,26.3,90.0,8.6,9.26,89.0,High,
DB_2363_PY,2025AI1202,Bhumika Singhal,8,217.8,4.67,13.94,70.0,5.2,5.66,57.4,Medium,
DB_2363_CN,2025AI1202,Bhumika Singhal,9,236.5,3.5,12.4,90.0,5.3,5.66,57.3,Medium,
DB_2364_DS,2023DS1203,Vipul Garg,10,228.6,6.31,19.19,80.0,5.9,6.01,65.3,Medium,
DB_2364_DSC,2023DS1203,Vipul Garg,8,256.9,5.38,17.33,80.0,6.0,6.01,65.5,Medium,
DB_2364_ML,2023DS1203,Vipul Garg,3,204.8,3.3,11.7,80.0,5.4,6.01,65.6,Medium,
DB_2365_DS,2024EC1204,Shaurya Chaubey,13,291.1,9.74,31.57,95.0,9.3,9.59,97.8,High,
DB_2365_AIML,2024EC1204,Shaurya Chaubey,6,126.8,10.0,39.81,100.0,10.0,9.59,96.3,High,
DB_2366_PY,2025EE1205,Yogesh Duggal,10,214.7,6.9,16.84,90.0,6.2,5.82,70.0,Medium,
DB_2366_WD,2025EE1205,Yogesh Duggal,11,270.4,7.1,19.39,80.0,6.4,5.82,68.2,Medium,
DB_2366_CN,2025EE1205,Yogesh Duggal,5,97.2,5.92,13.96,85.0,6.3,5.82,70.3,Medium,
DB_2367_PY,2023ME1206,Diya Mathew,5,78.1,7.14,19.14,85.0,7.4,7.53,76.5,High,
DB_2367_CN,2023ME1206,Diya Mathew,12,278.0,6.12,18.41,90.0,7.2,7.53,77.8,High,
DB_2367_AIML,2023ME1206,Diya Mathew,11,203.9,6.8,27.44,80.0,6.8,7.53,72.9,Medium,
DB_2368_PY,2024CE1207,Nisha Reddy,11,220.0,7.4,19.38,80.0,7.0,7.31,71.9,Medium,
DB_2368_WD,2024CE1207,Nisha Reddy,14,373.0,8.0,22.63,85.0,7.0,7.31,78.8,High,
DB_2369_DS,2025CS1208,Rohan Tiwari,4,133.4,3.67,12.1,80.0,3.9,5.2,51.9,Medium,
DB_2369_CN,2025CS1208,Rohan Tiwari,7,152.9,4.35,10.93,65.0,4.1,5.2,52.8,Medium,
DB_2370_DS,2023IT1209,Nisha Prajapat,6,162.1,6.5,18.0,70.0,5.4,6.29,65.9,Medium,
DB_2370_DSC,2023IT1209,Nisha Prajapat,5,131.7,4.72,20.71,80.0,5.2,6.29,61.3,Medium,
DB_2370_AIML,2023IT1209,Nisha Prajapat,5,112.2,5.81,33.9,95.0,5.7,6.29,67.6,Medium,
DB_2370_ML,2023IT1209,Nisha Prajapat,2,165.8,2.7,11.3,100.0,5.4,6.29,68.2,Medium,
DB_2371_DSC,2024AI1210,Hardik Sethi,17,401.9,8.0,27.72,90.0,8.6,8.62,89.4,High,
DB_2371_AIML,2024AI1210,Hardik Sethi,10,221.8,8.64,35.46,95.0,7.7,8.62,86.8,High,
DB_2371_ML,2024AI1210,Hardik Sethi,3,195.7,4.3,17.35,95.0,8.1,8.62,88.3,High,
DB_2372_DS,2025DS1211,Isha Bhattacharya,22,521.0,9.82,28.5,95.0,9.0,9.7,94.0,High,
DB_2372_CN,2025DS1211,Isha Bhattacharya,8,124.2,8.44,24.53,95.0,9.3,9.7,95.7,High,
DB_2372_AIML,2025DS1211,Isha Bhattacharya,9,180.9,9.71,35.73,100.0,8.9,9.7,98.0,High,
DB_2373_PY,2023EC1212,Suman Chatterjee,6,94.8,7.16,20.31,95.0,6.8,6.71,74.9,Medium,
DB_2373_DSC,2023EC1212,Suman Chatterjee,4,139.6,6.28,22.8,90.0,6.5,6.71,75.1,High,
DB_2373_AIML,2023EC1212,Suman Chatterjee,11,218.3,6.92,31.05,80.0,6.2,6.71,71.2,Medium,
DB_2373_ML,2023EC1212,Suman Chatterjee,3,194.2,3.8,12.6,90.0,6.9,6.71,75.3,High,
DB_2374_PY,2024EE1213,Ayan Patil,14,303.7,9.94,28.75,95.0,9.1,9.4,95.6,High,
DB_2374_DSC,2024EE1213,Ayan Patil,10,251.9,8.41,33.57,95.0,9.4,9.4,96.0,High,
DB_2374_AIML,2024EE1213,Ayan Patil,16,313.4,9.1,37.93,90.0,9.1,9.4,95.1,High,
DB_2375_DSC,2025ME1214,Rashmi Dubey,10,278.9,8.2,18.92,95.0,8.0,7.24,82.9,High,
DB_2375_ML,2025ME1214,Rashmi Dubey,3,201.9,4.0,16.1,85.0,7.5,7.24,76.8,High,
DB_2376_PY,2023CE1215,Deepa Singhal,3,109.7,4.7,13.33,90.0,4.8,5.11,58.8,Medium,
DB_2376_DSC,2023CE1215,Deepa Singhal,7,185.6,4.55,12.78,85.0,4.8,5.11,53.9,Medium,
DB_2377_DSC,2024CS1216,Krishna Deshmukh,3,69.0,4.6,27.55,80.0,5.0,5.29,57.7,Medium,
DB_2377_AIML,2024CS1216,Krishna Deshmukh,3,114.7,5.57,20.17,65.0,5.4,5.29,54.0,Medium,
DB_2377_ML,2024CS1216,Krishna Deshmukh,2,171.9,3.4,12.2,90.0,5.1,5.29,68.8,Medium,
DB_2378_DS,2025IT1217,Ritvik Pillai,18,476.0,9.24,29.17,100.0,9.2,8.97,94.3,High,
DB_2378_CN,2025IT1217,Ritvik Pillai,19,354.7,9.0,24.98,100.0,9.7,8.97,98.0,High,
DB_2379_PY,2023AI1218,Chaitali Sood,13,331.9,7.6,26.65,95.0,7.8,7.42,77.4,High,
DB_2379_CN,2023AI1218,Chaitali Sood,8,130.0,7.8,20.17,100.0,7.7,7.42,84.2,High,
DB_2379_DSC,2023AI1218,Chaitali Sood,10,225.2,7.35,24.99,100.0,7.8,7.42,79.4,High,
DB_2380_DS,2024DS1219,Hardik Tomar,5,147.5,5.53,18.4,80.0,6.0,6.09,62.2,Medium,
DB_2380_PY,2024DS1219,Hardik Tomar,9,189.4,6.22,19.3,85.0,5.4,6.09,64.7,Medium,
DB_2380_WD,2024DS1219,Hardik Tomar,7,174.4,5.46,15.7,75.0,5.6,6.09,57.3,Medium,
DB_2380_AIML,2024DS1219,Hardik Tomar,8,166.7,5.72,23.52,95.0,6.1,6.09,65.5,Medium,
DB_2381_WD,2025EC1220,Rakesh Kohli,12,392.2,6.75,21.1,90.0,6.9,7.66,75.2,High,
DB_2381_DSC,2025EC1220,Rakesh Kohli,7,233.6,6.03,21.42,85.0,6.4,7.66,73.2,Medium,
DB_2382_DS,2023EE1221,Krishna Bhasin,8,168.4,7.4,23.45,100.0,6.3,6.31,72.2,Medium,
DB_2382_PY,2023EE1221,Krishna Bhasin,7,114.9,6.45,14.4,80.0,6.2,6.31,68.2,Medium,
DB_2382_WD,2023EE1221,Krishna Bhasin,7,173.4,6.4,27.85,90.0,6.5,6.31,72.5,Medium,
DB_2383_DS,2024ME1222,Abhishek Dubey,10,212.4,8.85,26.95,100.0,8.7,9.18,87.4,High,
DB_2383_CN,2024ME1222,Abhishek Dubey,13,291.0,8.69,23.98,100.0,8.8,9.18,94.3,High,
DB_2383_AIML,2024ME1222,Abhishek Dubey,13,259.3,9.0,36.4,90.0,8.7,9.18,91.2,High,
DB_2383_ML,2024ME1222,Abhishek Dubey,3,184.7,4.2,20.0,95.0,8.8,9.18,93.9,High,
DB_2384_DS,2025CE1223,Kiara Yadav,9,268.6,4.93,14.32,65.0,4.3,5.72,53.7,Medium,
DB_2384_WD,2025CE1223,Kiara Yadav,6,106.9,4.88,15.17,90.0,5.1,5.72,58.7,Medium,
DB_2385_WD,2023CS1224,Madhav Singhal,6,167.3,3.73,10.07,70.0,4.7,5.26,50.1,Medium,
DB_2385_DSC,2023CS1224,Madhav Singhal,4,72.5,4.37,10.8,80.0,4.1,5.26,50.7,Medium,
DB_2385_AIML,2023CS1224,Madhav Singhal,4,112.6,5.47,16.33,70.0,4.2,5.26,49.7,Low,
DB_2386_DS,2024IT1225,Yamini Iyer,13,397.0,9.26,27.57,95.0,9.1,9.76,92.7,High,
DB_2386_WD,2024IT1225,Yamini Iyer,18,449.0,9.07,30.0,90.0,9.3,9.76,98.0,High,
DB_2387_WD,2025AI1226,Komal Kulkarni,6,167.6,6.42,19.62,85.0,5.7,6.92,72.1,Medium,
DB_2387_CN,2025AI1226,Komal Kulkarni,11,225.2,6.65,16.33,95.0,6.4,6.92,73.8,Medium,
DB_2387_DSC,2025AI1226,Komal Kulkarni,7,173.5,5.84,15.77,90.0,6.2,6.92,69.2,Medium,
DB_2387_ML,2025AI1226,Komal Kulkarni,3,194.2,2.7,14.3,90.0,6.2,6.92,70.9,Medium,
DB_2388_DS,2023DS1227,Mansi Tomar,7,166.7,7.56,22.4,65.0,7.3,6.85,70.2,Medium,
DB_2388_PY,2023DS1227,Mansi Tomar,4,133.8,7.8,20.52,75.0,7.4,6.85,78.3,High,
DB_2388_WD,2023DS1227,Mansi Tomar,12,345.9,7.67,23.21,90.0,7.2,6.85,78.8,High,
DB_2388_AIML,2023DS1227,Mansi Tomar,7,124.8,7.53,28.83,90.0,6.9,6.85,75.5,High,
DB_2389_PY,2024EC1228,Vaibhav Lobo,11,269.3,6.36,19.01,80.0,5.7,5.76,67.3,Medium,
DB_2389_WD,2024EC1228,Vaibhav Lobo,7,156.2,6.1,21.0,80.0,6.4,5.76,68.1,Medium,
DB_2389_ML,2024EC1228,Vaibhav Lobo,2,155.8,3.3,14.6,80.0,6.4,5.76,71.0,Medium,
DB_2390_DSC,2025EE1229,Trisha Mathew,5,232.7,5.18,17.7,90.0,5.6,6.47,63.6,Medium,
DB_2390_AIML,2025EE1229,Trisha Mathew,8,135.6,6.2,24.95,90.0,6.1,6.47,68.2,Medium,
DB_2390_ML,2025EE1229,Trisha Mathew,1,109.6,2.8,13.75,85.0,5.8,6.47,68.5,Medium,
DB_2391_DS,2023ME1230,Ajay Mishra,10,323.9,6.72,20.41,85.0,6.4,6.37,71.3,Medium,
DB_2391_ML,2023ME1230,Ajay Mishra,2,170.1,3.0,14.6,85.0,7.1,6.37,67.9,Medium,
DB_2392_DS,2024CE1231,Reyansh Vashistha,8,241.8,6.77,22.9,90.0,6.2,7.36,71.4,Medium,
DB_2392_PY,2024CE1231,Reyansh Vashistha,5,114.6,6.7,19.52,80.0,6.8,7.36,70.9,Medium,
DB_2392_WD,2024CE1231,Reyansh Vashistha,12,289.7,5.15,20.54,95.0,6.2,7.36,72.9,Medium,
DB_2392_ML,2024CE1231,Reyansh Vashistha,3,200.0,3.9,13.7,90.0,6.9,7.36,77.8,High,
DB_2393_DS,2025CS1232,Omkar Khanna,11,245.4,5.62,15.35,75.0,4.9,5.2,59.9,Medium,
DB_2393_PY,2025CS1232,Omkar Khanna,6,139.8,5.4,12.71,85.0,5.4,5.2,60.3,Medium,
DB_2393_WD,2025CS1232,Omkar Khanna,9,217.4,3.93,12.07,85.0,5.0,5.2,54.7,Medium,
DB_2394_WD,2023IT1233,Shreya Saini,7,240.1,5.95,18.2,95.0,5.5,5.85,65.7,Medium,
DB_2394_CN,2023IT1233,Shreya Saini,4,154.8,5.41,14.13,95.0,5.9,5.85,63.7,Medium,
DB_2394_AIML,2023IT1233,Shreya Saini,8,168.1,5.64,19.88,85.0,5.4,5.85,62.1,Medium,
DB_2395_PY,2024AI1234,Jyoti Bhat,10,203.5,6.88,18.84,75.0,6.5,5.9,66.3,Medium,
DB_2395_WD,2024AI1234,Jyoti Bhat,8,179.0,5.74,20.66,85.0,5.9,5.9,68.0,Medium,
DB_2395_AIML,2024AI1234,Jyoti Bhat,4,102.0,6.22,21.6,75.0,6.5,5.9,67.2,Medium,
DB_2395_ML,2024AI1234,Jyoti Bhat,3,201.7,2.9,13.3,85.0,6.3,5.9,64.7,Medium,
DB_2396_DS,2025DS1235,Tushar Majumdar,7,192.1,5.05,12.6,75.0,4.0,5.52,55.9,Medium,
DB_2396_AIML,2025DS1235,Tushar Majumdar,5,105.8,4.62,21.86,70.0,4.3,5.52,51.9,Medium,
DB_2397_DS,2023EC1236,Chetan Awasthi,10,239.2,4.8,13.99,80.0,5.1,5.39,58.4,Medium,
DB_2397_CN,2023EC1236,Chetan Awasthi,4,124.6,4.3,11.53,65.0,4.6,5.39,48.3,Low,
DB_2397_AIML,2023EC1236,Chetan Awasthi,10,180.8,5.27,20.08,80.0,4.7,5.39,58.0,Medium,
DB_2398_DS,2024EE1237,Saanvi Bose,15,370.1,7.53,24.7,90.0,7.3,7.73,78.6,High,
DB_2398_PY,2024EE1237,Saanvi Bose,9,177.2,7.83,18.33,90.0,7.3,7.73,76.9,High,
DB_2398_WD,2024EE1237,Saanvi Bose,5,147.4,7.91,15.5,80.0,7.9,7.73,81.5,High,
DB_2398_ML,2024EE1237,Saanvi Bose,3,201.6,3.4,14.1,90.0,7.0,7.73,77.5,High,
DB_2399_PY,2025ME1238,Ankita Varghese,19,369.8,8.78,25.64,100.0,9.1,8.13,88.4,High,
DB_2399_WD,2025ME1238,Ankita Varghese,12,273.6,8.87,29.41,90.0,9.0,8.13,88.6,High,
DB_2399_ML,2025ME1238,Ankita Varghese,3,199.0,4.6,16.7,90.0,8.3,8.13,85.4,High,
DB_2400_PY,2023CE1239,Chhavi Malhotra,8,201.9,7.8,20.7,90.0,7.7,8.02,81.9,High,
DB_2400_WD,2023CE1239,Chhavi Malhotra,6,208.9,7.33,26.23,95.0,7.3,8.02,83.2,High,
DB_2400_DSC,2023CE1239,Chhavi Malhotra,9,271.9,8.18,17.5,95.0,7.9,8.02,87.7,High,
DB_2400_AIML,2023CE1239,Chhavi Malhotra,7,125.0,8.5,31.1,95.0,7.8,8.02,85.6,High,
DB_2401_WD,2024CS1240,Manoj Bhat,7,197.9,3.3,10.5,65.0,4.2,5.3,46.8,Low,
DB_2401_CN,2024CS1240,Manoj Bhat,7,192.1,4.44,9.98,75.0,4.6,5.3,50.2,Medium,
DB_2401_DSC,2024CS1240,Manoj Bhat,7,173.9,4.4,14.27,60.0,3.8,5.3,51.0,Medium,
DB_2401_ML,2024CS1240,Manoj Bhat,2,172.1,2.2,8.95,75.0,4.2,5.3,51.4,Medium,
DB_2402_DS,2025IT1241,Rishabh Iyer,19,450.0,8.84,20.4,90.0,8.1,8.75,88.0,High,
DB_2402_CN,2025IT1241,Rishabh Iyer,13,294.0,6.95,14.9,95.0,8.1,8.75,91.6,High,
DB_2402_AIML,2025IT1241,Rishabh Iyer,6,115.8,9.43,34.1,95.0,8.8,8.75,94.4,High,
DB_2402_ML,2025IT1241,Rishabh Iyer,2,146.6,3.9,18.9,90.0,8.3,8.75,87.7,High,
DB_2403_DSC,2023AI1242,Kiara Ghosh,4,81.1,6.42,21.17,85.0,6.4,6.85,71.7,Medium,
DB_2403_AIML,2023AI1242,Kiara Ghosh,5,114.0,6.21,26.03,85.0,6.2,6.85,69.7,Medium,
DB_2403_ML,2023AI1242,Kiara Ghosh,3,192.4,2.8,10.9,85.0,5.8,6.85,61.5,Medium,
DB_2404_DS,2024DS1243,Indu Singhal,13,325.8,9.5,28.57,100.0,9.0,8.74,95.3,High,
DB_2404_AIML,2024DS1243,Indu Singhal,6,138.4,8.47,38.53,85.0,8.9,8.74,85.6,High,
DB_2404_ML,2024DS1243,Indu Singhal,3,191.0,4.3,20.0,95.0,8.6,8.74,92.9,High,
DB_2405_PY,2025EC1244,Varun Shukla,12,281.2,7.45,19.03,90.0,6.8,7.21,74.1,Medium,
DB_2405_WD,2025EC1244,Varun Shukla,5,158.5,7.35,22.15,100.0,6.4,7.21,79.4,High,
DB_2405_CN,2025EC1244,Varun Shukla,7,176.6,5.7,19.53,85.0,6.6,7.21,66.4,Medium,
DB_2405_DSC,2025EC1244,Varun Shukla,5,147.1,6.22,21.47,80.0,6.6,7.21,68.4,Medium,
DB_2406_DS,2023EE1245,Harshit Tiwari,10,248.2,5.6,16.88,70.0,4.9,6.36,62.7,Medium,
DB_2406_PY,2023EE1245,Harshit Tiwari,10,160.8,6.25,13.35,75.0,5.1,6.36,61.7,Medium,
DB_2406_WD,2023EE1245,Harshit Tiwari,4,198.3,4.63,19.0,75.0,5.1,6.36,61.9,Medium,
DB_2406_DSC,2023EE1245,Harshit Tiwari,7,168.1,5.5,17.49,60.0,5.4,6.36,59.1,Medium,
DB_2407_PY,2024ME1246,Sumit Awasthi,15,349.4,7.36,25.3,95.0,6.8,7.89,73.4,Medium,
DB_2407_WD,2024ME1246,Sumit Awasthi,4,78.3,6.7,20.1,90.0,7.1,7.89,74.2,Medium,
DB_2407_DSC,2024ME1246,Sumit Awasthi,11,215.3,6.7,23.45,85.0,7.2,7.89,76.6,High,
DB_2408_DS,2025CE1247,Kabir Chopra,12,332.8,7.1,25.81,85.0,7.2,6.81,77.2,High,
DB_2408_PY,2025CE1247,Kabir Chopra,4,63.1,9.0,16.57,95.0,7.1,6.81,83.0,High,
DB_2408_AIML,2025CE1247,Kabir Chopra,11,201.4,7.4,26.57,95.0,7.5,6.81,73.9,Medium,
DB_2409_CN,2023CS1248,Muskan Joseph,5,115.5,5.41,16.8,85.0,5.7,6.66,63.4,Medium,
DB_2409_AIML,2023CS1248,Muskan Joseph,7,147.1,5.92,23.6,90.0,5.6,6.66,66.6,Medium,
DB_2410_PY,2024IT1249,Mahesh Chatterjee,12,276.4,9.3,24.68,90.0,8.7,8.57,90.8,High,
DB_2410_WD,2024IT1249,Mahesh Chatterjee,16,363.1,7.69,22.5,100.0,8.0,8.57,88.9,High,
DB_2410_DSC,2024IT1249,Mahesh Chatterjee,15,328.2,8.62,31.4,90.0,8.2,8.57,91.7,High,
DB_2410_ML,2024IT1249,Mahesh Chatterjee,2,159.6,4.0,15.1,95.0,7.8,8.57,81.7,High,
DB_2411_PY,2025AI1250,Indu Awasthi,14,310.1,9.43,27.87,95.0,9.1,8.97,94.1,High,
DB_2411_WD,2025AI1250,Indu Awasthi,9,205.1,8.55,26.8,100.0,9.7,8.97,95.3,High,
DB_2411_CN,2025AI1250,Indu Awasthi,6,135.8,9.07,23.6,95.0,9.3,8.97,95.4,High,
DB_2411_AIML,2025AI1250,Indu Awasthi,10,196.9,9.3,50.0,85.0,9.1,8.97,89.9,High,
DB_2412_PY,2023DS1251,Ekta Garg,15,346.5,7.75,15.3,95.0,6.5,6.21,77.4,High,
DB_2412_AIML,2023DS1251,Ekta Garg,5,136.3,7.32,35.2,85.0,6.4,6.21,72.8,Medium,
DB_2413_WD,2024EC1252,Shubham Tomar,3,137.1,6.24,21.65,75.0,6.5,7.66,71.0,Medium,
DB_2413_AIML,2024EC1252,Shubham Tomar,9,187.1,7.2,26.82,80.0,6.6,7.66,71.3,Medium,
DB_2414_WD,2025EE1253,Neha Choudhury,12,242.5,6.6,23.83,85.0,6.7,7.74,73.4,Medium,
DB_2414_CN,2025EE1253,Neha Choudhury,12,235.8,6.76,16.76,95.0,7.1,7.74,78.7,High,
DB_2415_CN,2023ME1254,Akash Dutta,13,303.6,7.5,25.65,90.0,9.2,9.11,94.4,High,
DB_2415_ML,2023ME1254,Akash Dutta,3,201.0,4.1,19.0,100.0,9.3,9.11,89.2,High,
DB_2416_AIML,2024CE1255,Falguni Kulkarni,12,226.1,8.75,31.73,90.0,8.2,9.02,85.4,High,
DB_2416_ML,2024CE1255,Falguni Kulkarni,3,193.7,3.9,17.0,95.0,7.7,9.02,84.6,High,
DB_2417_WD,2025CS1256,Ravi Khanna,14,384.4,7.95,26.95,80.0,7.4,7.1,76.4,High,
DB_2417_CN,2025CS1256,Ravi Khanna,10,243.4,7.0,23.0,100.0,6.9,7.1,79.5,High,
DB_2418_PY,2023IT1257,Reyansh Tomar,11,262.8,8.77,23.21,90.0,8.2,8.97,90.7,High,
DB_2418_CN,2023IT1257,Reyansh Tomar,3,48.7,7.74,22.65,100.0,7.9,8.97,87.2,High,
DB_2419_DS,2024AI1258,Pallavi Suri,11,201.0,5.26,14.6,80.0,4.8,5.64,54.6,Medium,
DB_2419_PY,2024AI1258,Pallavi Suri,6,115.5,5.2,13.38,90.0,4.6,5.64,59.9,Medium,
DB_2419_CN,2024AI1258,Pallavi Suri,4,117.7,2.5,12.07,95.0,4.5,5.64,60.1,Medium,
DB_2420_AIML,2025DS1259,Kailash Goel,6,107.0,5.8,21.5,100.0,5.7,5.99,70.2,Medium,
DB_2420_ML,2025DS1259,Kailash Goel,2,145.0,3.9,13.1,80.0,6.0,5.99,70.2,Medium,
DB_2421_DS,2023EC1260,Isha Chopra,6,181.6,4.67,13.86,85.0,4.2,5.8,53.1,Medium,
DB_2421_WD,2023EC1260,Isha Chopra,8,200.0,4.28,15.2,80.0,4.9,5.8,55.0,Medium,
DB_2421_AIML,2023EC1260,Isha Chopra,7,142.6,4.9,20.02,70.0,4.6,5.8,51.9,Medium,
DB_2421_ML,2023EC1260,Isha Chopra,3,195.4,1.7,10.25,80.0,5.0,5.8,52.2,Medium,
DB_2422_WD,2024EE1261,Karan Duggal,9,178.6,7.65,24.12,80.0,7.0,8.06,76.1,High,
DB_2422_DSC,2024EE1261,Karan Duggal,13,305.4,7.85,19.2,95.0,7.8,8.06,83.5,High,
DB_2422_AIML,2024EE1261,Karan Duggal,6,112.3,7.49,40.0,80.0,7.8,8.06,77.8,High,
DB_2423_DSC,2025ME1262,Varun Nair,10,279.8,4.35,21.87,75.0,5.8,5.39,62.8,Medium,
DB_2423_ML,2025ME1262,Varun Nair,3,196.1,2.9,12.4,85.0,5.4,5.39,63.3,Medium,
DB_2424_PY,2023CE1263,Satish Jangid,6,88.7,6.94,19.51,75.0,7.1,6.82,71.3,Medium,
DB_2424_DSC,2023CE1263,Satish Jangid,7,177.6,6.17,22.08,100.0,6.7,6.82,73.5,Medium,
DB_2425_PY,2024CS1264,Jaya Upadhyay,4,108.0,8.72,23.07,100.0,8.7,9.06,91.6,High,
DB_2425_WD,2024CS1264,Jaya Upadhyay,12,341.6,8.33,31.48,90.0,8.9,9.06,89.3,High,
DB_2426_PY,2025IT1265,Sneha Batra,12,262.3,9.8,25.36,90.0,8.7,9.65,96.6,High,
DB_2426_CN,2025IT1265,Sneha Batra,10,164.3,8.34,32.5,100.0,9.2,9.65,96.8,High,
DB_2426_DSC,2025IT1265,Sneha Batra,7,150.5,9.2,27.13,90.0,9.4,9.65,91.1,High,
DB_2426_AIML,2025IT1265,Sneha Batra,10,191.6,10.0,35.85,100.0,9.4,9.65,96.3,High,
DB_2427_DS,2023AI1266,Devendra Ghoshal,10,241.4,8.45,25.41,95.0,7.8,9.13,90.0,High,
DB_2427_WD,2023AI1266,Devendra Ghoshal,14,310.1,9.05,30.9,95.0,8.5,9.13,92.0,High,
DB_2427_CN,2023AI1266,Devendra Ghoshal,7,112.9,8.23,22.06,95.0,8.8,9.13,87.8,High,
DB_2427_ML,2023AI1266,Devendra Ghoshal,2,168.1,4.5,18.6,100.0,8.0,9.13,91.0,High,
DB_2428_PY,2024DS1267,Chinmay Suri,5,113.9,6.14,17.18,85.0,5.9,7.22,67.4,Medium,
DB_2428_CN,2024DS1267,Chinmay Suri,9,205.3,6.05,15.1,85.0,5.9,7.22,66.5,Medium,
DB_2428_AIML,2024DS1267,Chinmay Suri,8,160.2,6.5,26.0,85.0,5.5,7.22,65.9,Medium,
DB_2428_ML,2024DS1267,Chinmay Suri,3,197.2,3.2,13.35,90.0,6.0,7.22,70.2,Medium,
DB_2429_DS,2025EC1268,Darsh Deshmukh,16,374.7,6.0,17.52,95.0,5.6,5.92,69.1,Medium,
DB_2429_PY,2025EC1268,Darsh Deshmukh,14,281.0,6.05,15.38,85.0,6.1,5.92,65.9,Medium,
DB_2429_CN,2025EC1268,Darsh Deshmukh,8,172.0,7.2,16.1,75.0,5.5,5.92,65.5,Medium,
DB_2430_DS,2023EE1269,Harshit Sood,15,387.3,6.64,20.19,85.0,7.0,7.27,72.9,Medium,
DB_2430_WD,2023EE1269,Harshit Sood,10,260.0,6.0,22.69,95.0,6.4,7.27,73.4,Medium,
DB_2430_DSC,2023EE1269,Harshit Sood,8,224.0,5.94,21.46,75.0,6.1,7.27,71.7,Medium,
DB_2431_PY,2024ME1270,Darsh Garg,15,348.3,9.1,27.8,85.0,9.3,9.44,93.9,High,
DB_2431_WD,2024ME1270,Darsh Garg,10,294.0,9.2,31.2,100.0,9.1,9.44,98.0,High,
DB_2431_CN,2024ME1270,Darsh Garg,5,81.2,9.57,20.0,95.0,9.3,9.44,95.4,High,
DB_2431_AIML,2024ME1270,Darsh Garg,13,255.0,9.6,37.9,100.0,9.7,9.44,97.6,High,
DB_2432_DS,2025CE1271,Avani Shukla,7,136.1,9.27,26.57,95.0,8.2,9.08,93.8,High,
DB_2432_WD,2025CE1271,Avani Shukla,15,382.1,8.42,18.9,95.0,8.7,9.08,89.9,High,
DB_2432_DSC,2025CE1271,Avani Shukla,7,216.2,7.9,25.85,85.0,9.0,9.08,90.1,High,
DB_2432_AIML,2025CE1271,Avani Shukla,12,237.8,8.93,38.26,95.0,8.4,9.08,88.9,High,
DB_2433_AIML,2023CS1272,Shreya Rathore,8,181.1,8.27,35.23,90.0,7.2,7.53,82.5,High,
DB_2433_ML,2023CS1272,Shreya Rathore,3,196.5,3.9,16.1,85.0,7.8,7.53,80.0,High,
DB_2434_PY,2024IT1273,Chirag Majumdar,18,401.2,9.42,28.02,100.0,8.3,9.76,94.0,High,
DB_2434_CN,2024IT1273,Chirag Majumdar,7,147.9,8.2,24.25,95.0,8.4,9.76,91.6,High,
DB_2434_ML,2024IT1273,Chirag Majumdar,3,201.4,4.4,17.45,100.0,9.1,9.76,91.9,High,
DB_2435_PY,2025AI1274,Pallavi Garg,7,106.2,8.69,24.23,100.0,8.7,9.48,91.3,High,
DB_2435_AIML,2025AI1274,Pallavi Garg,14,279.7,9.9,37.57,90.0,8.6,9.48,90.7,High,
DB_2436_WD,2023DS1275,Bhavya Das,8,167.9,8.43,27.55,90.0,7.8,8.21,81.1,High,
DB_2436_AIML,2023DS1275,Bhavya Das,4,104.0,7.9,34.0,100.0,7.3,8.21,83.4,High,
DB_2437_PY,2024EC1276,Zoya Deshmukh,9,137.9,8.0,24.26,95.0,8.4,7.84,88.5,High,
DB_2437_WD,2024EC1276,Zoya Deshmukh,7,169.7,8.06,25.3,90.0,8.6,7.84,90.0,High,
DB_2437_CN,2024EC1276,Zoya Deshmukh,14,288.5,7.5,23.62,95.0,8.4,7.84,88.3,High,
DB_2438_DS,2025EE1277,Ananya Arora,15,343.7,9.45,26.89,100.0,9.0,8.69,93.9,High,
DB_2438_CN,2025EE1277,Ananya Arora,12,244.6,8.03,19.12,90.0,9.2,8.69,89.1,High,
DB_2438_DSC,2025EE1277,Ananya Arora,12,353.8,8.0,36.0,95.0,9.2,8.69,91.1,High,
DB_2438_ML,2025EE1277,Ananya Arora,3,194.0,4.8,17.65,95.0,8.3,8.69,92.7,High,
DB_2439_DS,2023ME1278,Aryan Bhat,22,526.9,9.33,19.7,95.0,9.7,9.26,94.5,High,
DB_2439_DSC,2023ME1278,Aryan Bhat,5,211.9,9.03,30.48,100.0,9.5,9.26,94.4,High,
DB_2440_DS,2024CE1279,Shreya Banerjee,3,104.1,5.76,15.6,75.0,5.6,5.77,62.5,Medium,
DB_2440_WD,2024CE1279,Shreya Banerjee,8,289.0,4.9,19.34,90.0,5.8,5.77,61.2,Medium,
DB_2440_DSC,2024CE1279,Shreya Banerjee,5,160.6,4.9,21.36,80.0,6.0,5.77,61.8,Medium,
DB_2440_AIML,2024CE1279,Shreya Banerjee,10,198.8,5.87,22.6,55.0,5.7,5.77,58.8,Medium,
DB_2441_DS,2025CS1280,Ramesh Mukherjee,11,376.4,8.9,20.99,95.0,7.0,7.21,78.4,High,
DB_2441_PY,2025CS1280,Ramesh Mukherjee,10,194.1,8.33,24.64,95.0,7.5,7.21,80.3,High,
DB_2441_ML,2025CS1280,Ramesh Mukherjee,2,173.9,3.3,15.15,75.0,7.3,7.21,71.5,Medium,
DB_2442_DSC,2023IT1281,Vikram Pinto,5,111.7,3.75,14.46,95.0,4.4,5.24,54.6,Medium,
DB_2442_AIML,2023IT1281,Vikram Pinto,5,112.1,3.87,17.98,75.0,4.2,5.24,49.8,Low,
DB_2443_WD,2024AI1282,Heena Choudhury,8,314.2,5.81,15.8,85.0,5.8,6.73,69.6,Medium,
DB_2443_AIML,2024AI1282,Heena Choudhury,8,143.6,5.6,25.9,85.0,6.2,6.73,66.4,Medium,
DB_2444_WD,2025DS1283,Sumit Grover,7,132.6,8.56,29.71,95.0,8.9,9.26,94.1,High,
DB_2444_CN,2025DS1283,Sumit Grover,8,211.2,8.76,28.4,100.0,9.1,9.26,96.6,High,
DB_2445_PY,2023EC1284,Kiran Joshi,9,145.3,8.3,21.4,100.0,8.0,7.63,86.3,High,
DB_2445_WD,2023EC1284,Kiran Joshi,12,307.1,7.53,27.42,95.0,7.4,7.63,82.8,High,
DB_2445_DSC,2023EC1284,Kiran Joshi,6,105.4,7.1,26.96,90.0,7.8,7.63,79.7,High,
DB_2446_DS,2024EE1285,Vinay Dutta,10,187.0,8.34,24.12,90.0,7.4,8.37,83.0,High,
DB_2446_WD,2024EE1285,Vinay Dutta,5,182.0,8.3,22.8,85.0,7.9,8.37,82.8,High,
DB_2446_DSC,2024EE1285,Vinay Dutta,14,364.2,7.0,26.4,95.0,8.0,8.37,81.9,High,
DB_2447_DS,2025ME1286,Ritika Chopra,15,308.8,9.5,22.68,95.0,8.0,9.2,91.0,High,
DB_2447_PY,2025ME1286,Ritika Chopra,15,318.5,8.1,24.63,90.0,7.4,9.2,81.3,High,
DB_2447_AIML,2025ME1286,Ritika Chopra,8,151.9,8.43,33.66,90.0,7.9,9.2,86.4,High,
DB_2448_DS,2023CE1287,Santosh Deshmukh,4,169.2,7.47,23.09,80.0,6.8,7.94,75.9,High,
DB_2448_WD,2023CE1287,Santosh Deshmukh,10,323.8,7.53,17.28,85.0,7.2,7.94,79.6,High,
DB_2448_DSC,2023CE1287,Santosh Deshmukh,1,51.0,6.8,24.39,90.0,7.4,7.94,76.9,High,
DB_2448_ML,2023CE1287,Santosh Deshmukh,1,149.2,3.9,14.1,90.0,7.3,7.94,76.3,High,
DB_2449_DS,2024CS1288,Pragya Fernandes,18,368.6,9.65,28.11,95.0,9.1,9.44,96.2,High,
DB_2449_PY,2024CS1288,Pragya Fernandes,17,361.5,8.47,19.67,95.0,8.8,9.44,89.0,High,
DB_2449_AIML,2024CS1288,Pragya Fernandes,11,208.8,9.2,36.0,100.0,9.2,9.44,94.2,High,
DB_2449_ML,2024CS1288,Pragya Fernandes,2,169.8,4.5,18.2,90.0,8.9,9.44,89.4,High,
DB_2450_AIML,2025IT1289,Akanksha Anand,4,89.0,5.1,19.53,90.0,4.5,5.27,57.6,Medium,
DB_2450_ML,2025IT1289,Akanksha Anand,2,167.0,2.9,8.35,95.0,4.6,5.27,56.9,Medium,
DB_2451_DS,2023AI1290,Nikhil Arora,23,543.3,9.28,26.69,95.0,8.6,8.66,92.5,High,
DB_2451_CN,2023AI1290,Nikhil Arora,11,265.4,8.13,32.8,90.0,8.5,8.66,91.3,High,
DB_2451_DSC,2023AI1290,Nikhil Arora,9,212.2,9.04,28.5,100.0,8.7,8.66,88.4,High,
DB_2451_AIML,2023AI1290,Nikhil Arora,8,147.9,9.12,30.0,95.0,9.0,8.66,91.9,High,
DB_2452_PY,2024DS1291,Meenakshi Mukherjee,10,197.8,6.97,18.79,85.0,6.3,7.75,75.6,High,
DB_2452_WD,2024DS1291,Meenakshi Mukherjee,8,156.4,6.67,21.1,100.0,6.8,7.75,75.3,High,
DB_2452_DSC,2024DS1291,Meenakshi Mukherjee,6,100.6,7.93,22.83,90.0,6.7,7.75,74.5,Medium,
DB_2453_PY,2025EC1292,Tanisha Tandon,16,372.4,8.09,23.88,85.0,8.4,9.09,84.2,High,
DB_2453_CN,2025EC1292,Tanisha Tandon,14,326.1,7.2,20.97,85.0,7.6,9.09,81.4,High,
DB_2453_ML,2025EC1292,Tanisha Tandon,3,196.6,4.6,16.4,100.0,7.8,9.09,91.4,High,
DB_2454_DS,2023EE1293,Abhishek Mukherjee,12,334.1,8.14,23.11,75.0,7.6,8.03,81.1,High,
DB_2454_DSC,2023EE1293,Abhishek Mukherjee,12,217.0,5.9,33.7,90.0,7.1,8.03,77.3,High,
DB_2454_AIML,2023EE1293,Abhishek Mukherjee,8,181.0,7.41,29.6,95.0,7.5,8.03,83.2,High,
DB_2454_ML,2023EE1293,Abhishek Mukherjee,2,163.0,4.6,16.7,90.0,7.3,8.03,87.5,High,
DB_2455_PY,2024ME1294,Charu Talwar,4,138.2,5.0,15.4,75.0,4.8,5.19,56.3,Medium,
DB_2455_WD,2024ME1294,Charu Talwar,4,88.3,4.91,15.08,75.0,5.3,5.19,54.6,Medium,
DB_2455_DSC,2024ME1294,Charu Talwar,5,95.5,4.63,16.96,85.0,4.7,5.19,56.3,Medium,
DB_2455_AIML,2024ME1294,Charu Talwar,8,154.8,5.02,21.19,85.0,4.5,5.19,59.2,Medium,
DB_2456_PY,2025CE1295,Kanika Bhasin,9,209.2,6.8,13.66,70.0,5.0,5.79,62.1,Medium,
DB_2456_CN,2025CE1295,Kanika Bhasin,10,203.6,5.61,14.66,95.0,5.6,5.79,62.1,Medium,
DB_2456_DSC,2025CE1295,Kanika Bhasin,7,148.2,5.83,22.7,95.0,5.4,5.79,64.5,Medium,
DB_2456_ML,2025CE1295,Kanika Bhasin,2,168.6,2.1,10.05,95.0,5.7,5.79,60.6,Medium,
DB_2457_DS,2023CS1296,Prateek Kohli,16,354.8,6.62,24.73,90.0,7.2,6.92,72.8,Medium,
DB_2457_DSC,2023CS1296,Prateek Kohli,10,193.4,6.98,24.48,85.0,7.2,6.92,78.2,High,
DB_2458_DS,2024IT1297,Shaurya Patel,5,148.6,5.8,14.63,60.0,5.7,6.23,55.9,Medium,
DB_2458_AIML,2024IT1297,Shaurya Patel,4,104.2,5.91,25.42,85.0,5.8,6.23,66.6,Medium,
DB_2459_DS,2025AI1298,Rahul Kumar,19,497.4,9.87,28.86,90.0,9.1,9.72,94.6,High,
DB_2459_PY,2025AI1298,Rahul Kumar,11,264.6,9.24,26.72,95.0,9.2,9.72,93.2,High,
DB_2459_WD,2025AI1298,Rahul Kumar,9,283.7,9.11,31.68,90.0,9.9,9.72,93.6,High,
DB_2459_ML,2025AI1298,Rahul Kumar,3,195.9,4.8,20.0,100.0,9.3,9.72,98.0,High,
DB_2460_DS,2023DS1299,Meenakshi Ghoshal,9,316.4,8.38,25.19,100.0,8.5,8.13,85.4,High,
DB_2460_CN,2023DS1299,Meenakshi Ghoshal,6,147.3,8.34,23.71,90.0,8.4,8.13,84.8,High,
DB_2461_DS,2024EC1300,Garima Kurian,9,162.7,6.7,25.9,95.0,7.9,7.89,79.6,High,
DB_2461_WD,2024EC1300,Garima Kurian,8,169.8,7.09,25.22,85.0,7.9,7.89,81.3,High,
DB_2461_ML,2024EC1300,Garima Kurian,3,186.9,3.5,17.1,90.0,7.3,7.89,80.8,High,
DB_2462_PY,2025EE1301,Trisha Roy,12,230.9,9.51,25.9,95.0,9.4,9.59,95.5,High,
DB_2462_AIML,2025EE1301,Trisha Roy,14,268.3,9.2,40.45,100.0,9.6,9.59,97.4,High,
DB_2463_PY,2023ME1302,Zoya Suri,7,190.6,5.42,13.9,85.0,5.3,5.09,60.9,Medium,
DB_2463_WD,2023ME1302,Zoya Suri,9,188.4,5.81,13.66,85.0,5.5,5.09,58.8,Medium,
DB_2463_CN,2023ME1302,Zoya Suri,3,84.6,5.6,14.79,85.0,4.8,5.09,57.1,Medium,
DB_2463_AIML,2023ME1302,Zoya Suri,7,139.5,6.0,23.84,90.0,5.3,5.09,61.2,Medium,
DB_2464_CN,2024CE1303,Hiten Talwar,6,163.4,8.95,20.27,85.0,7.6,8.2,79.2,High,
DB_2464_AIML,2024CE1303,Hiten Talwar,8,162.6,7.6,30.88,95.0,7.6,8.2,81.3,High,
DB_2465_DSC,2025CS1304,Nisha Patel,10,229.8,8.02,26.3,80.0,6.8,7.18,78.2,High,
DB_2465_AIML,2025CS1304,Nisha Patel,12,217.4,7.65,38.2,90.0,7.4,7.18,76.1,High,
DB_2466_CN,2023IT1305,Ishita Bhatia,5,141.1,4.62,17.1,70.0,5.3,6.27,58.4,Medium,
DB_2466_AIML,2023IT1305,Ishita Bhatia,8,171.6,5.9,20.7,90.0,4.7,6.27,62.0,Medium,
DB_2466_ML,2023IT1305,Ishita Bhatia,3,199.8,2.2,11.15,85.0,5.3,6.27,57.3,Medium,
DB_2467_PY,2024AI1306,Kriti Joseph,9,188.3,8.5,21.4,95.0,8.5,7.69,85.3,High,
DB_2467_WD,2024AI1306,Kriti Joseph,12,353.0,7.17,25.94,100.0,7.8,7.69,85.0,High,
DB_2467_AIML,2024AI1306,Kriti Joseph,12,229.6,8.0,35.23,85.0,8.0,7.69,80.6,High,
DB_2467_ML,2024AI1306,Kriti Joseph,3,198.0,4.9,15.6,85.0,7.9,7.69,83.5,High,
DB_2468_DS,2025DS1307,Meenakshi Fernandes,13,341.9,9.3,27.1,95.0,9.4,9.29,91.8,High,
DB_2468_WD,2025DS1307,Meenakshi Fernandes,9,167.8,9.3,27.8,100.0,9.5,9.29,93.2,High,
DB_2468_AIML,2025DS1307,Meenakshi Fernandes,12,234.4,9.37,38.74,95.0,9.0,9.29,94.6,High,
DB_2469_PY,2023EC1308,Tanvi Menon,13,311.1,7.04,18.33,100.0,6.7,6.32,71.2,Medium,
DB_2469_AIML,2023EC1308,Tanvi Menon,9,193.4,7.45,27.1,85.0,6.5,6.32,76.7,High,
DB_2470_DS,2024EE1309,Juhi Shukla,6,127.1,4.64,15.28,90.0,4.5,5.18,56.1,Medium,
DB_2470_CN,2024EE1309,Juhi Shukla,9,189.4,4.42,13.15,65.0,4.9,5.18,52.9,Medium,
DB_2471_DS,2025ME1310,Bhupendra Fernandes,12,202.0,7.67,23.26,90.0,7.1,7.75,81.7,High,
DB_2471_PY,2025ME1310,Bhupendra Fernandes,10,253.3,7.7,23.4,80.0,7.3,7.75,79.7,High,
DB_2471_DSC,2025ME1310,Bhupendra Fernandes,16,360.8,8.5,27.04,100.0,7.2,7.75,82.2,High,
DB_2471_AIML,2025ME1310,Bhupendra Fernandes,8,158.7,8.4,32.19,95.0,6.9,7.75,84.9,High,
DB_2472_WD,2023CE1311,Myra Iyer,9,273.6,4.3,13.65,70.0,4.2,5.73,53.8,Medium,
DB_2472_CN,2023CE1311,Myra Iyer,8,156.7,4.33,13.95,85.0,4.4,5.73,56.1,Medium,
DB_2472_AIML,2023CE1311,Myra Iyer,6,129.4,5.2,18.27,75.0,4.6,5.73,55.2,Medium,
DB_2473_PY,2024CS1312,Bhumika Reddy,10,216.1,7.8,22.7,90.0,8.2,8.64,82.1,High,
DB_2473_WD,2024CS1312,Bhumika Reddy,13,343.4,7.46,24.43,90.0,7.4,8.64,84.9,High,
DB_2473_ML,2024CS1312,Bhumika Reddy,3,205.5,4.0,16.3,90.0,8.0,8.64,86.2,High,
DB_2474_PY,2025IT1313,Suresh Singhal,12,230.3,7.5,17.57,75.0,7.0,7.97,70.4,Medium,
DB_2474_CN,2025IT1313,Suresh Singhal,8,193.8,5.9,18.08,90.0,7.0,7.97,71.3,Medium,
DB_2474_DSC,2025IT1313,Suresh Singhal,5,120.4,7.23,25.94,60.0,7.0,7.97,72.4,Medium,
DB_2474_AIML,2025IT1313,Suresh Singhal,9,195.1,7.17,29.09,90.0,7.2,7.97,77.8,High,
DB_2475_DS,2023AI1314,Hiten Kapoor,15,348.8,8.23,28.05,95.0,7.8,8.12,87.5,High,
DB_2475_WD,2023AI1314,Hiten Kapoor,15,406.2,7.7,44.2,100.0,8.5,8.12,83.7,High,
DB_2475_CN,2023AI1314,Hiten Kapoor,12,230.3,7.54,21.94,90.0,8.5,8.12,84.1,High,
DB_2475_AIML,2023AI1314,Hiten Kapoor,16,304.1,8.85,31.68,80.0,8.2,8.12,85.0,High,
DB_2476_CN,2024DS1315,Ira Roy,10,186.3,4.2,21.84,90.0,7.9,8.57,81.9,High,
DB_2476_AIML,2024DS1315,Ira Roy,10,188.9,8.28,30.1,90.0,7.7,8.57,80.4,High,
DB_2476_ML,2024DS1315,Ira Roy,3,203.2,3.7,15.0,90.0,7.3,8.57,78.4,High,
DB_2477_PY,2025EC1316,Rajendra Bhasin,13,248.7,10.0,25.26,95.0,9.0,9.79,96.0,High,
DB_2477_AIML,2025EC1316,Rajendra Bhasin,10,188.7,9.4,35.83,100.0,8.9,9.79,98.0,High,
DB_2477_ML,2025EC1316,Rajendra Bhasin,3,205.2,4.8,19.2,95.0,8.9,9.79,95.4,High,
DB_2478_CN,2023EE1317,Alok Lobo,6,107.9,5.1,17.63,90.0,5.5,5.74,64.9,Medium,
DB_2478_DSC,2023EE1317,Alok Lobo,9,244.6,6.08,28.2,85.0,5.2,5.74,70.6,Medium,
DB_2478_AIML,2023EE1317,Alok Lobo,7,151.2,6.22,24.44,90.0,5.7,5.74,67.9,Medium,
DB_2478_ML,2023EE1317,Alok Lobo,1,117.5,2.6,10.45,95.0,5.3,5.74,63.5,Medium,
DB_2479_WD,2024ME1318,Jaya Lobo,7,207.9,8.7,28.91,100.0,8.6,8.2,92.7,High,
DB_2479_CN,2024ME1318,Jaya Lobo,8,177.1,7.64,29.2,90.0,8.6,8.2,88.5,High,
DB_2480_DS,2025CE1319,Nandini Rathore,11,190.8,8.6,29.41,100.0,8.5,9.19,91.6,High,
DB_2480_PY,2025CE1319,Nandini Rathore,17,343.6,8.73,24.71,90.0,8.4,9.19,87.9,High,
DB_2480_DSC,2025CE1319,Nandini Rathore,8,193.2,9.38,27.29,85.0,8.2,9.19,90.7,High,
DB_2480_AIML,2025CE1319,Nandini Rathore,7,141.1,9.05,37.0,90.0,8.2,9.19,86.5,High,
DB_2481_DS,2023CS1320,Vikas Deshmukh,5,93.8,5.6,17.61,80.0,5.7,5.52,59.8,Medium,
DB_2481_PY,2023CS1320,Vikas Deshmukh,10,246.5,5.34,14.32,80.0,5.8,5.52,59.4,Medium,
DB_2481_DSC,2023CS1320,Vikas Deshmukh,10,257.2,5.9,15.53,85.0,5.5,5.52,60.2,Medium,
DB_2481_AIML,2023CS1320,Vikas Deshmukh,7,162.3,5.55,22.93,80.0,5.8,5.52,60.2,Medium,
DB_2482_PY,2024IT1321,Vaishnavi Yadav,13,319.9,6.68,18.42,85.0,6.4,7.4,68.7,Medium,
DB_2482_WD,2024IT1321,Vaishnavi Yadav,12,267.5,6.17,12.3,85.0,6.4,7.4,71.4,Medium,
DB_2482_AIML,2024IT1321,Vaishnavi Yadav,4,82.8,6.88,26.8,95.0,6.8,7.4,72.4,Medium,
DB_2483_PY,2025AI1322,Swati Dhawan,6,201.0,5.1,19.8,85.0,5.6,5.72,62.3,Medium,
DB_2483_WD,2025AI1322,Swati Dhawan,5,179.2,5.43,13.2,90.0,5.6,5.72,65.3,Medium,
DB_2483_DSC,2025AI1322,Swati Dhawan,7,195.5,4.9,18.7,70.0,5.5,5.72,55.9,Medium,
DB_2484_DS,2023DS1323,Kunal Lobo,11,310.4,6.37,18.93,90.0,6.2,5.91,68.0,Medium,
DB_2484_ML,2023DS1323,Kunal Lobo,2,168.0,2.8,11.8,85.0,6.6,5.91,64.3,Medium,
DB_2485_WD,2024EC1324,Sanjay Goel,10,331.8,7.35,14.1,85.0,7.3,8.39,76.7,High,
DB_2485_CN,2024EC1324,Sanjay Goel,8,230.6,7.33,19.4,95.0,7.3,8.39,81.6,High,
DB_2486_PY,2025EE1325,Akash Thomas,6,100.9,6.94,20.3,85.0,6.1,6.78,70.1,Medium,
DB_2486_WD,2025EE1325,Akash Thomas,10,242.2,5.58,25.17,90.0,6.1,6.78,68.7,Medium,
DB_2486_CN,2025EE1325,Akash Thomas,9,203.5,6.06,11.5,80.0,5.8,6.78,68.1,Medium,
DB_2486_DSC,2025EE1325,Akash Thomas,11,254.0,6.67,23.5,85.0,6.7,6.78,73.4,Medium,
DB_2487_DS,2023ME1326,Kiara Menon,9,215.6,8.15,21.89,75.0,6.9,6.31,77.1,High,
DB_2487_WD,2023ME1326,Kiara Menon,15,327.9,6.84,14.9,90.0,6.4,6.31,75.1,High,
DB_2487_DSC,2023ME1326,Kiara Menon,5,165.0,7.1,21.52,100.0,6.5,6.31,76.7,High,
DB_2487_AIML,2023ME1326,Kiara Menon,11,213.5,7.41,29.25,100.0,6.8,6.31,75.4,High,
DB_2488_PY,2024CE1327,Alok Shah,5,175.2,8.3,27.8,100.0,8.4,7.71,85.5,High,
DB_2488_AIML,2024CE1327,Alok Shah,11,233.6,8.54,26.7,85.0,8.7,7.71,85.1,High,
DB_2488_ML,2024CE1327,Alok Shah,3,194.3,4.2,16.0,90.0,7.8,7.71,82.4,High,
DB_2489_DS,2025CS1328,Advait Joseph,16,334.0,8.0,28.7,85.0,7.5,8.16,81.2,High,
DB_2489_WD,2025CS1328,Advait Joseph,11,258.8,7.15,43.3,90.0,7.3,8.16,84.7,High,
DB_2489_DSC,2025CS1328,Advait Joseph,4,76.4,6.97,25.3,85.0,7.4,8.16,76.4,High,
DB_2490_DSC,2023IT1329,Rakesh Duggal,11,286.1,8.66,34.33,100.0,8.6,8.89,91.7,High,
DB_2490_ML,2023IT1329,Rakesh Duggal,3,202.9,4.5,17.5,95.0,9.1,8.89,89.1,High,
DB_2491_DSC,2024AI1330,Jagdish Menon,6,137.8,4.77,15.01,90.0,4.1,5.12,55.7,Medium,
DB_2491_ML,2024AI1330,Jagdish Menon,2,167.0,3.1,9.65,80.0,4.1,5.12,57.9,Medium,
DB_2492_CN,2025DS1331,Suresh Pinto,6,153.1,4.12,12.46,80.0,4.3,5.26,50.8,Medium,
DB_2492_AIML,2025DS1331,Suresh Pinto,7,168.4,4.43,21.57,90.0,4.7,5.26,59.6,Medium,
DB_2493_DS,2023EC1332,Garima Upadhyay,19,411.8,9.2,21.2,95.0,9.0,9.47,90.0,High,
DB_2493_PY,2023EC1332,Garima Upadhyay,13,323.6,8.9,23.1,95.0,8.2,9.47,92.7,High,
DB_2493_WD,2023EC1332,Garima Upadhyay,9,268.8,8.72,28.95,95.0,8.4,9.47,93.6,High,
DB_2494_DS,2024EE1333,Bhavin Sen,12,233.7,6.85,17.73,90.0,6.9,6.67,73.8,Medium,
DB_2494_CN,2024EE1333,Bhavin Sen,5,145.9,6.51,18.7,90.0,6.3,6.67,72.8,Medium,
DB_2494_AIML,2024EE1333,Bhavin Sen,9,162.8,7.14,28.3,90.0,6.2,6.67,73.6,Medium,
DB_2494_ML,2024EE1333,Bhavin Sen,3,188.7,3.2,12.6,100.0,6.3,6.67,70.7,Medium,
DB_2495_PY,2025ME1334,Yamini Chatterjee,10,272.5,5.84,18.48,60.0,6.5,6.24,62.0,Medium,
DB_2495_AIML,2025ME1334,Yamini Chatterjee,3,83.1,5.0,22.2,85.0,6.1,6.24,68.8,Medium,
DB_2496_DS,2023CE1335,Ishita Sethi,6,158.0,6.53,12.4,85.0,5.2,5.28,60.5,Medium,
DB_2496_PY,2023CE1335,Ishita Sethi,5,118.3,5.65,23.4,95.0,5.9,5.28,65.6,Medium,
DB_2497_DS,2024CS1336,Avani Khanna,6,247.3,8.4,23.73,90.0,7.9,7.87,79.8,High,
DB_2497_CN,2024CS1336,Avani Khanna,10,250.2,7.48,30.77,90.0,7.9,7.87,85.6,High,
DB_2497_DSC,2024CS1336,Avani Khanna,13,252.8,7.08,26.25,85.0,7.2,7.87,77.0,High,
DB_2497_AIML,2024CS1336,Avani Khanna,9,161.3,7.52,30.8,90.0,7.5,7.87,80.0,High,
DB_2498_PY,2025IT1337,Umesh Khanna,5,144.9,5.34,12.25,85.0,4.5,5.61,58.8,Medium,
DB_2498_CN,2025IT1337,Umesh Khanna,4,140.7,5.45,11.1,65.0,4.7,5.61,57.0,Medium,
DB_2498_AIML,2025IT1337,Umesh Khanna,8,158.3,5.43,20.63,85.0,5.1,5.61,59.7,Medium,
DB_2499_DS,2023AI1338,Sai Mehta,6,202.6,6.51,18.99,75.0,5.8,6.48,63.9,Medium,
DB_2499_PY,2023AI1338,Sai Mehta,9,162.9,7.34,18.14,85.0,6.8,6.48,73.0,Medium,
DB_2499_CN,2023AI1338,Sai Mehta,11,248.2,6.42,17.01,95.0,6.3,6.48,67.9,Medium,
DB_2499_AIML,2023AI1338,Sai Mehta,8,173.7,6.03,22.3,85.0,6.2,6.48,69.9,Medium,
DB_2500_DS,2024DS1339,Utkarsh Arora,6,161.7,8.2,23.6,90.0,8.8,9.42,89.7,High,
DB_2500_PY,2024DS1339,Utkarsh Arora,12,315.6,8.5,24.99,100.0,8.3,9.42,90.1,High,
DB_2500_DSC,2024DS1339,Utkarsh Arora,12,297.0,8.37,30.33,90.0,8.9,9.42,92.2,High,
DB_2500_AIML,2024DS1339,Utkarsh Arora,13,275.4,9.31,34.37,85.0,8.5,9.42,91.5,High,
DB_2501_DS,2025EC1340,Riya Pillai,6,102.8,6.88,20.72,100.0,6.7,5.68,68.8,Medium,
DB_2501_PY,2025EC1340,Riya Pillai,8,186.1,6.67,19.5,85.0,6.1,5.68,70.8,Medium,
DB_2502_WD,2023EE1341,Vivek Tandon,12,348.6,9.08,17.4,100.0,8.0,8.4,90.2,High,
DB_2502_CN,2023EE1341,Vivek Tandon,6,110.5,8.8,16.9,90.0,7.9,8.4,83.3,High,
DB_2503_DS,2024ME1342,Yogesh Rao,11,240.9,5.83,17.83,90.0,6.2,6.49,70.2,Medium,
DB_2503_DSC,2024ME1342,Yogesh Rao,9,298.2,5.88,14.15,85.0,6.1,6.49,68.8,Medium,
DB_2503_ML,2024ME1342,Yogesh Rao,1,156.3,3.7,12.15,70.0,5.3,6.49,67.7,Medium,
DB_2504_WD,2025CE1343,Advait Varghese,9,244.0,5.83,22.39,90.0,7.3,8.37,78.0,High,
DB_2504_ML,2025CE1343,Advait Varghese,3,203.7,4.2,15.15,90.0,6.9,8.37,78.6,High,
DB_2505_PY,2023CS1344,Kavya Lamba,15,323.2,8.79,20.93,85.0,8.0,9.08,84.7,High,
DB_2505_AIML,2023CS1344,Kavya Lamba,10,206.1,7.9,35.0,95.0,7.9,9.08,84.7,High,
DB_2506_PY,2024IT1345,Lavanya Dubey,5,159.2,5.69,22.0,90.0,5.1,5.62,63.4,Medium,
DB_2506_ML,2024IT1345,Lavanya Dubey,1,137.9,2.5,13.3,80.0,5.1,5.62,62.1,Medium,
DB_2507_DS,2025AI1346,Prisha Varghese,5,111.6,6.5,18.88,95.0,6.1,5.43,65.5,Medium,
DB_2507_WD,2025AI1346,Prisha Varghese,9,215.8,6.35,17.09,70.0,5.5,5.43,59.7,Medium,
DB_2507_DSC,2025AI1346,Prisha Varghese,9,260.2,5.4,15.2,65.0,6.2,5.43,60.4,Medium,
DB_2508_PY,2023DS1347,Sonam Verma,11,203.3,8.89,25.9,85.0,8.6,8.26,86.8,High,
DB_2508_WD,2023DS1347,Sonam Verma,11,365.6,10.0,27.82,95.0,8.5,8.26,89.1,High,
DB_2508_CN,2023DS1347,Sonam Verma,4,84.3,8.3,24.7,90.0,8.5,8.26,86.7,High,
DB_2509_WD,2024EC1348,Kunal Goyal,15,323.8,7.23,16.4,85.0,7.6,7.89,80.8,High,
DB_2509_CN,2024EC1348,Kunal Goyal,7,137.8,7.0,18.43,85.0,7.3,7.89,78.5,High,
DB_2509_ML,2024EC1348,Kunal Goyal,2,177.6,3.6,16.5,90.0,7.0,7.89,77.4,High,
DB_2510_PY,2025EE1349,Rishabh Kurian,8,129.5,9.16,22.43,100.0,9.8,8.79,92.6,High,
DB_2510_DSC,2025EE1349,Rishabh Kurian,16,357.1,9.4,36.0,95.0,9.3,8.79,94.1,High,
DB_2510_ML,2025EE1349,Rishabh Kurian,3,195.1,5.0,19.35,80.0,8.9,8.79,91.9,High,
DB_2511_WD,2023ME1350,Madhuri Tomar,5,101.0,5.73,20.16,85.0,6.5,6.97,71.1,Medium,
DB_2511_CN,2023ME1350,Madhuri Tomar,6,148.3,6.47,15.9,95.0,5.8,6.97,69.8,Medium,
DB_2511_AIML,2023ME1350,Madhuri Tomar,10,189.4,5.87,26.0,95.0,6.5,6.97,73.4,Medium,
DB_2511_ML,2023ME1350,Madhuri Tomar,2,175.7,3.1,11.8,75.0,6.1,6.97,66.3,Medium,
DB_2512_DS,2024CE1351,Yamini Prajapat,5,132.5,6.22,14.78,80.0,5.7,5.68,66.2,Medium,
DB_2512_CN,2024CE1351,Yamini Prajapat,9,247.9,6.24,16.0,95.0,6.1,5.68,71.2,Medium,
DB_2512_DSC,2024CE1351,Yamini Prajapat,12,333.4,5.92,21.53,80.0,6.5,5.68,70.7,Medium,
DB_2512_AIML,2024CE1351,Yamini Prajapat,8,185.5,6.07,24.8,80.0,6.0,5.68,66.7,Medium,
DB_2513_PY,2025CS1352,Hardik Kumar,12,297.0,8.26,22.44,95.0,7.8,7.32,85.4,High,
DB_2513_WD,2025CS1352,Hardik Kumar,15,379.4,7.44,25.43,90.0,7.9,7.32,81.4,High,
DB_2513_AIML,2025CS1352,Hardik Kumar,5,111.5,8.67,33.7,100.0,7.6,7.32,82.8,High,
DB_2514_WD,2023IT1353,Vikas Rao,12,304.9,10.0,26.31,100.0,9.0,9.33,93.5,High,
DB_2514_ML,2023IT1353,Vikas Rao,2,173.6,4.8,20.0,100.0,9.8,9.33,97.0,High,
DB_2515_WD,2024AI1354,Preeti Dhawan,5,91.6,3.98,16.4,80.0,5.4,5.32,56.5,Medium,
DB_2515_CN,2024AI1354,Preeti Dhawan,4,122.6,4.4,11.96,80.0,5.4,5.32,57.2,Medium,
DB_2515_DSC,2024AI1354,Preeti Dhawan,3,115.2,5.38,16.53,85.0,5.4,5.32,62.2,Medium,
DB_2515_ML,2024AI1354,Preeti Dhawan,2,166.1,2.2,10.4,80.0,5.1,5.32,55.8,Medium,
DB_2516_WD,2025DS1355,Pradeep Tomar,10,225.9,4.69,15.75,75.0,5.7,5.18,57.1,Medium,
DB_2516_DSC,2025DS1355,Pradeep Tomar,6,173.4,4.85,16.6,75.0,5.6,5.18,62.3,Medium,
DB_2517_WD,2023EC1356,Pallavi Varghese,10,220.5,6.83,15.65,90.0,5.4,5.98,66.6,Medium,
DB_2517_ML,2023EC1356,Pallavi Varghese,3,194.7,3.1,13.1,85.0,5.4,5.98,68.2,Medium,
DB_2518_CN,2024EE1357,Darsh Saini,11,272.1,8.03,24.12,100.0,8.3,9.05,89.1,High,
DB_2518_DSC,2024EE1357,Darsh Saini,13,327.2,8.6,28.6,85.0,7.8,9.05,84.2,High,
DB_2518_ML,2024EE1357,Darsh Saini,3,201.5,3.6,16.25,95.0,7.9,9.05,82.7,High,
DB_2519_CN,2025ME1358,Pooja Garg,9,201.2,4.93,13.9,75.0,5.2,6.07,61.4,Medium,
DB_2519_AIML,2025ME1358,Pooja Garg,5,117.7,4.99,21.42,90.0,5.6,6.07,59.4,Medium,
DB_2520_DS,2023CE1359,Yamini Chopra,9,212.9,5.44,19.13,85.0,5.7,6.4,66.8,Medium,
DB_2520_AIML,2023CE1359,Yamini Chopra,6,146.7,6.05,24.43,85.0,5.9,6.4,64.6,Medium,
DB_2521_WD,2024CS1360,Pramod Talwar,16,381.1,8.8,29.08,100.0,8.4,8.69,91.0,High,
DB_2521_CN,2024CS1360,Pramod Talwar,12,319.6,8.8,21.48,95.0,8.6,8.69,88.2,High,
DB_2521_AIML,2024CS1360,Pramod Talwar,7,167.1,8.81,34.05,95.0,8.7,8.69,86.6,High,
DB_2521_ML,2024CS1360,Pramod Talwar,3,197.3,5.0,15.7,95.0,8.1,8.69,86.6,High,
DB_2522_DS,2025IT1361,Geeta Duggal,9,217.5,5.72,18.7,95.0,6.2,7.17,66.1,Medium,
DB_2522_DSC,2025IT1361,Geeta Duggal,5,127.7,5.92,19.06,90.0,6.4,7.17,70.5,Medium,
DB_2522_AIML,2025IT1361,Geeta Duggal,6,124.5,6.16,26.92,90.0,5.9,7.17,67.5,Medium,
DB_2523_CN,2023AI1362,Ayush Deshmukh,10,199.8,6.96,17.05,90.0,7.5,8.12,77.4,High,
DB_2523_ML,2023AI1362,Ayush Deshmukh,3,198.7,4.3,14.3,85.0,7.3,8.12,80.9,High,
DB_2524_PY,2024DS1363,Siddharth Jangid,10,246.2,5.03,11.93,85.0,5.5,5.42,57.1,Medium,
DB_2524_CN,2024DS1363,Siddharth Jangid,5,171.9,5.9,15.5,90.0,4.9,5.42,59.7,Medium,
DB_2524_AIML,2024DS1363,Siddharth Jangid,9,180.5,5.8,21.04,90.0,5.5,5.42,60.1,Medium,
DB_2525_PY,2025EC1364,Madhav Rajput,5,84.9,5.5,17.75,85.0,5.2,5.07,60.2,Medium,
DB_2525_DSC,2025EC1364,Madhav Rajput,4,85.5,4.6,15.3,85.0,5.0,5.07,55.5,Medium,
DB_2525_ML,2025EC1364,Madhav Rajput,2,151.0,2.3,10.2,80.0,4.7,5.07,55.8,Medium,
DB_2526_DS,2023EE1365,Chetna Tomar,10,222.4,7.56,20.98,95.0,6.8,8.35,80.3,High,
DB_2526_PY,2023EE1365,Chetna Tomar,11,237.2,8.3,18.82,95.0,7.0,8.35,83.5,High,
DB_2526_ML,2023EE1365,Chetna Tomar,3,207.6,3.0,13.35,85.0,7.4,8.35,74.8,Medium,
DB_2527_DS,2024ME1366,Upasana Patil,19,456.2,9.1,19.68,90.0,8.5,8.92,83.4,High,
DB_2527_CN,2024ME1366,Upasana Patil,12,289.2,7.0,16.7,100.0,8.1,8.92,85.1,High,
DB_2527_AIML,2024ME1366,Upasana Patil,9,162.4,8.4,41.8,95.0,8.4,8.92,87.9,High,
DB_2528_DS,2025CE1367,Dinesh Bhasin,9,206.0,9.85,31.4,95.0,8.9,9.21,90.9,High,
DB_2528_WD,2025CE1367,Dinesh Bhasin,4,173.7,8.7,31.6,95.0,9.0,9.21,93.4,High,
DB_2528_CN,2025CE1367,Dinesh Bhasin,14,282.2,9.1,26.2,100.0,8.9,9.21,94.8,High,
DB_2529_DS,2023CS1368,Neha Prajapat,11,231.1,8.73,26.57,95.0,8.1,9.6,90.2,High,
DB_2529_WD,2023CS1368,Neha Prajapat,14,403.2,7.9,26.72,85.0,8.3,9.6,88.7,High,
DB_2529_DSC,2023CS1368,Neha Prajapat,12,286.8,8.22,38.17,90.0,8.2,9.6,90.1,High,
DB_2529_AIML,2023CS1368,Neha Prajapat,10,213.2,9.07,35.53,75.0,8.0,9.6,83.0,High,
DB_2530_DS,2024IT1369,Meera Kumar,8,248.4,7.8,25.09,100.0,8.3,7.54,81.9,High,
DB_2530_WD,2024IT1369,Meera Kumar,9,194.8,8.82,25.87,85.0,7.6,7.54,84.8,High,
DB_2530_DSC,2024IT1369,Meera Kumar,11,214.5,7.9,26.74,95.0,7.7,7.54,82.5,High,
DB_2530_AIML,2024IT1369,Meera Kumar,9,172.4,8.27,31.07,90.0,7.9,7.54,80.3,High,
DB_2531_PY,2025AI1370,Atharva Singh,9,228.8,6.96,18.6,85.0,7.0,7.07,75.4,High,
DB_2531_DSC,2025AI1370,Atharva Singh,11,228.3,7.6,28.45,85.0,6.7,7.07,76.7,High,
DB_2531_AIML,2025AI1370,Atharva Singh,8,161.2,7.12,29.39,85.0,7.0,7.07,71.6,Medium,
DB_2532_DS,2023DS1371,Mohit Dwivedi,4,93.8,4.42,12.65,95.0,4.5,5.61,58.1,Medium,
DB_2532_PY,2023DS1371,Mohit Dwivedi,8,220.7,4.67,15.14,75.0,4.4,5.61,52.9,Medium,
DB_2532_CN,2023DS1371,Mohit Dwivedi,4,118.6,5.45,11.92,70.0,4.2,5.61,56.5,Medium,
DB_2532_DSC,2023DS1371,Mohit Dwivedi,9,239.2,4.1,14.6,75.0,4.7,5.61,54.4,Medium,
DB_2533_DS,2024EC1372,Nitin Mahajan,12,228.5,6.25,21.83,95.0,5.9,6.37,72.3,Medium,
DB_2533_CN,2024EC1372,Nitin Mahajan,8,215.8,5.73,17.84,85.0,6.0,6.37,67.7,Medium,
DB_2533_DSC,2024EC1372,Nitin Mahajan,8,232.1,5.95,19.1,85.0,6.3,6.37,64.4,Medium,
DB_2534_PY,2025EE1373,Shreya Jindal,9,171.7,6.71,23.0,90.0,5.4,6.84,65.6,Medium,
DB_2534_WD,2025EE1373,Shreya Jindal,8,163.5,5.46,18.88,100.0,5.5,6.84,69.9,Medium,
DB_2534_CN,2025EE1373,Shreya Jindal,5,107.9,4.5,20.77,85.0,5.7,6.84,64.2,Medium,
DB_2534_AIML,2025EE1373,Shreya Jindal,9,165.5,5.71,24.07,80.0,5.8,6.84,66.2,Medium,
DB_2535_DS,2023ME1374,Manish Bhasin,16,448.0,6.2,24.01,75.0,6.8,6.31,72.9,Medium,
DB_2535_WD,2023ME1374,Manish Bhasin,11,326.7,6.93,25.0,85.0,7.3,6.31,75.6,High,
DB_2535_CN,2023ME1374,Manish Bhasin,5,135.2,6.4,24.0,95.0,6.6,6.31,74.5,Medium,
DB_2535_AIML,2023ME1374,Manish Bhasin,10,195.2,7.12,29.95,90.0,7.4,6.31,70.0,Medium,
DB_2536_WD,2024CE1375,Swati Kulkarni,11,204.6,8.46,27.27,90.0,8.6,9.31,89.8,High,
DB_2536_CN,2024CE1375,Swati Kulkarni,8,172.7,9.1,19.3,90.0,8.3,9.31,86.1,High,
DB_2536_ML,2024CE1375,Swati Kulkarni,3,195.5,5.0,17.35,95.0,8.7,9.31,95.4,High,
DB_2537_DS,2025CS1376,Lalit Duggal,16,446.0,8.4,29.43,100.0,8.3,8.91,92.6,High,
DB_2537_ML,2025CS1376,Lalit Duggal,2,170.9,4.5,19.15,100.0,8.2,8.91,95.0,High,
DB_2538_DS,2023IT1377,Harshit Chatterjee,9,144.6,9.43,32.07,100.0,9.3,9.0,97.8,High,
DB_2538_PY,2023IT1377,Harshit Chatterjee,15,309.7,9.59,26.66,100.0,8.8,9.0,97.1,High,
DB_2538_WD,2023IT1377,Harshit Chatterjee,6,141.3,9.8,30.72,95.0,9.1,9.0,95.5,High,
DB_2538_AIML,2023IT1377,Harshit Chatterjee,4,97.4,8.93,36.32,100.0,9.6,9.0,92.9,High,
DB_2539_DS,2024AI1378,Utkarsh Duggal,11,249.2,5.44,18.62,85.0,5.7,6.05,64.3,Medium,
DB_2539_PY,2024AI1378,Utkarsh Duggal,11,299.9,5.6,15.53,95.0,6.3,6.05,65.5,Medium,
DB_2539_WD,2024AI1378,Utkarsh Duggal,5,205.5,6.08,19.82,95.0,6.0,6.05,70.7,Medium,
DB_2539_AIML,2024AI1378,Utkarsh Duggal,8,145.6,6.28,25.77,80.0,5.8,6.05,65.9,Medium,
DB_2540_CN,2025DS1379,Priyanka Fernandes,6,133.9,5.03,17.65,85.0,5.1,5.76,59.7,Medium,
DB_2540_AIML,2025DS1379,Priyanka Fernandes,4,99.6,5.6,19.49,90.0,5.0,5.76,62.1,Medium,
DB_2541_DS,2023EC1380,Tanisha Rajput,16,376.5,6.37,21.49,90.0,7.0,7.36,75.0,High,
DB_2541_PY,2023EC1380,Tanisha Rajput,12,246.9,7.3,20.22,90.0,7.1,7.36,74.9,Medium,
DB_2541_WD,2023EC1380,Tanisha Rajput,6,159.1,7.54,29.3,90.0,7.5,7.36,81.7,High,
DB_2541_AIML,2023EC1380,Tanisha Rajput,7,146.1,6.97,35.6,95.0,7.2,7.36,78.8,High,
DB_2542_WD,2024EE1381,Pooja Sethi,18,474.6,8.16,29.86,95.0,9.0,8.66,93.1,High,
DB_2542_AIML,2024EE1381,Pooja Sethi,11,205.7,9.9,35.96,100.0,8.8,8.66,96.1,High,
DB_2543_DS,2025ME1382,Payal Malhotra,12,268.9,5.63,23.38,85.0,5.9,6.54,64.2,Medium,
DB_2543_WD,2025ME1382,Payal Malhotra,9,257.5,5.73,19.76,100.0,6.0,6.54,69.6,Medium,
DB_2543_ML,2025ME1382,Payal Malhotra,3,198.4,3.5,12.75,70.0,6.4,6.54,68.9,Medium,
DB_2544_CN,2023CE1383,Heena Kohli,11,293.2,7.2,19.16,90.0,7.6,7.93,76.1,High,
DB_2544_DSC,2023CE1383,Heena Kohli,12,267.1,8.9,24.52,80.0,7.5,7.93,79.6,High,
DB_2544_ML,2023CE1383,Heena Kohli,3,202.0,4.4,13.1,90.0,6.8,7.93,76.6,High,
DB_2545_PY,2024CS1384,Mahesh Mahajan,8,171.1,5.55,25.05,80.0,6.4,6.41,68.1,Medium,
DB_2545_WD,2024CS1384,Mahesh Mahajan,7,150.9,5.1,22.57,80.0,6.4,6.41,65.2,Medium,
DB_2545_AIML,2024CS1384,Mahesh Mahajan,4,132.8,6.12,25.73,85.0,6.0,6.41,66.3,Medium,
DB_2546_DS,2025IT1385,Lata Gupta,5,90.5,6.4,22.77,90.0,6.7,7.57,73.3,Medium,
DB_2546_WD,2025IT1385,Lata Gupta,13,278.3,5.2,20.98,90.0,7.1,7.57,76.7,High,
DB_2547_PY,2023AI1386,Kailash Chauhan,14,307.2,6.92,16.2,100.0,7.6,8.16,77.7,High,
DB_2547_WD,2023AI1386,Kailash Chauhan,4,126.0,8.1,23.68,100.0,7.0,8.16,79.0,High,
DB_2547_DSC,2023AI1386,Kailash Chauhan,12,321.2,7.4,25.79,90.0,7.7,8.16,79.6,High,
DB_2547_AIML,2023AI1386,Kailash Chauhan,11,239.2,7.58,33.38,65.0,7.1,8.16,78.4,High,
DB_2548_WD,2024DS1387,Kavita Mishra,10,300.7,2.8,21.1,90.0,6.6,7.22,68.1,Medium,
DB_2548_CN,2024DS1387,Kavita Mishra,8,125.0,6.2,18.46,85.0,6.5,7.22,71.2,Medium,
DB_2548_DSC,2024DS1387,Kavita Mishra,8,194.5,7.2,21.26,80.0,6.6,7.22,72.9,Medium,
DB_2548_ML,2024DS1387,Kavita Mishra,3,187.6,3.7,15.0,100.0,6.1,7.22,78.5,High,
DB_2549_DS,2025EC1388,Hiten Tandon,7,196.0,8.07,23.87,90.0,7.4,8.54,80.5,High,
DB_2549_PY,2025EC1388,Hiten Tandon,6,150.1,8.36,19.6,95.0,7.7,8.54,85.5,High,
DB_2549_DSC,2025EC1388,Hiten Tandon,10,241.9,7.8,29.35,80.0,7.7,8.54,79.0,High,
DB_2549_ML,2025EC1388,Hiten Tandon,3,202.5,3.7,16.0,95.0,7.3,8.54,80.3,High,
DB_2550_PY,2023EE1389,Umesh Upadhyay,9,188.7,5.86,16.21,80.0,5.7,5.14,62.6,Medium,
DB_2550_DSC,2023EE1389,Umesh Upadhyay,6,182.4,5.58,18.1,85.0,5.9,5.14,62.9,Medium,
DB_2550_AIML,2023EE1389,Umesh Upadhyay,6,144.6,5.0,22.75,90.0,5.7,5.14,61.8,Medium,
DB_2551_DS,2024ME1390,Bhumika Bhatia,12,356.9,5.94,19.35,70.0,6.1,6.41,64.4,Medium,
DB_2551_PY,2024ME1390,Bhumika Bhatia,6,144.2,6.23,14.47,80.0,5.4,6.41,66.6,Medium,
DB_2551_ML,2024ME1390,Bhumika Bhatia,2,153.1,3.5,11.3,70.0,5.7,6.41,63.9,Medium,
DB_2552_PY,2025CE1391,Reyansh Lamba,10,207.8,8.1,22.42,95.0,7.4,8.7,85.5,High,
DB_2552_CN,2025CE1391,Reyansh Lamba,4,107.0,7.99,20.6,85.0,8.0,8.7,83.0,High,
DB_2552_DSC,2025CE1391,Reyansh Lamba,10,286.0,8.76,20.1,95.0,7.7,8.7,83.1,High,
DB_2553_WD,2023CS1392,Riddhi Kurian,15,404.2,9.9,30.46,100.0,9.1,9.41,97.5,High,
DB_2553_CN,2023CS1392,Riddhi Kurian,8,134.7,9.25,22.95,100.0,8.9,9.41,94.8,High,
DB_2553_ML,2023CS1392,Riddhi Kurian,3,200.5,4.5,18.2,95.0,8.5,9.41,88.5,High,
DB_2554_WD,2024IT1393,Lavanya Majumdar,15,348.3,9.0,25.0,100.0,9.8,9.52,95.7,High,
DB_2554_CN,2024IT1393,Lavanya Majumdar,7,128.5,9.4,25.48,100.0,9.9,9.52,98.0,High,
DB_2555_DS,2025AI1394,Sakshi Suri,5,132.4,7.96,22.77,95.0,7.3,8.24,85.6,High,
DB_2555_WD,2025AI1394,Sakshi Suri,12,305.6,8.15,25.52,85.0,7.4,8.24,80.1,High,
DB_2555_DSC,2025AI1394,Sakshi Suri,10,281.0,7.7,24.23,95.0,7.5,8.24,81.1,High,
DB_2556_WD,2023DS1395,Anand Upadhyay,6,228.6,3.9,13.27,85.0,5.6,6.49,60.0,Medium,
DB_2556_ML,2023DS1395,Anand Upadhyay,3,193.4,3.3,13.9,85.0,6.1,6.49,72.1,Medium,
DB_2557_AIML,2024EC1396,Pranav Tandon,2,63.8,5.1,23.6,90.0,5.0,5.25,59.0,Medium,
DB_2557_ML,2024EC1396,Pranav Tandon,2,152.9,2.2,11.4,80.0,5.1,5.25,55.5,Medium,
DB_2558_PY,2025EE1397,Sneha Mukherjee,11,207.5,8.17,22.57,95.0,8.2,8.75,86.1,High,
DB_2558_WD,2025EE1397,Sneha Mukherjee,3,62.0,7.4,28.0,95.0,8.0,8.75,86.1,High,
DB_2559_DS,2023ME1398,Simran Bhatia,8,212.6,6.25,19.99,90.0,6.3,5.55,67.3,Medium,
DB_2559_DSC,2023ME1398,Simran Bhatia,8,246.6,4.1,19.96,75.0,5.7,5.55,64.2,Medium,
DB_2560_WD,2024CE1399,Kanika Talwar,4,158.9,8.53,22.38,90.0,8.1,8.92,86.2,High,
DB_2560_DSC,2024CE1399,Kanika Talwar,7,126.8,8.3,23.27,90.0,8.3,8.92,85.1,High,
DB_2561_PY,2025CS1400,Barkha Maurya,4,68.3,6.05,15.27,95.0,5.4,5.54,68.0,Medium,
DB_2561_DSC,2025CS1400,Barkha Maurya,4,127.6,5.47,22.0,85.0,5.8,5.54,62.9,Medium,
DB_2561_AIML,2025CS1400,Barkha Maurya,9,179.3,6.05,18.7,85.0,5.0,5.54,61.5,Medium,
DB_2561_ML,2025CS1400,Barkha Maurya,2,168.4,2.7,10.85,80.0,5.7,5.54,56.9,Medium,
DB_2562_DS,2023IT1401,Dev Shukla,15,391.0,8.07,17.92,100.0,6.9,8.61,80.5,High,
DB_2562_DSC,2023IT1401,Dev Shukla,12,288.3,6.8,17.4,100.0,7.1,8.61,85.7,High,
DB_2562_AIML,2023IT1401,Dev Shukla,8,145.6,7.98,30.82,90.0,7.8,8.61,81.0,High,
DB_2562_ML,2023IT1401,Dev Shukla,3,204.9,4.1,13.4,90.0,7.7,8.61,81.2,High,
DB_2563_PY,2024AI1402,Sunil Singh,11,304.7,7.09,22.67,85.0,7.0,8.06,77.3,High,
DB_2563_CN,2024AI1402,Sunil Singh,9,209.5,6.91,18.47,85.0,7.6,8.06,80.4,High,
DB_2563_AIML,2024AI1402,Sunil Singh,9,183.9,8.08,29.2,90.0,7.1,8.06,83.9,High,
DB_2563_ML,2024AI1402,Sunil Singh,3,195.9,4.4,15.65,90.0,7.0,8.06,79.8,High,
DB_2564_DS,2025DS1403,Komal Pathak,16,389.4,6.34,18.05,75.0,6.4,7.67,67.5,Medium,
DB_2564_DSC,2025DS1403,Komal Pathak,8,203.7,7.12,19.99,100.0,6.8,7.67,75.4,High,
DB_2564_AIML,2025DS1403,Komal Pathak,5,100.5,7.3,33.23,90.0,6.5,7.67,76.5,High,
DB_2564_ML,2025DS1403,Komal Pathak,2,144.5,4.0,13.9,90.0,6.2,7.67,74.9,Medium,
DB_2565_WD,2023EC1404,Gaurav Sen,8,167.9,6.97,19.77,95.0,6.3,6.66,73.8,Medium,
DB_2565_CN,2023EC1404,Gaurav Sen,7,175.0,6.8,18.0,80.0,6.9,6.66,71.9,Medium,
DB_2566_DS,2024EE1405,Arjun Singhal,10,236.3,7.67,24.52,90.0,7.6,8.11,80.8,High,
DB_2566_CN,2024EE1405,Arjun Singhal,15,346.9,7.42,21.56,95.0,7.3,8.11,82.6,High,
DB_2566_AIML,2024EE1405,Arjun Singhal,9,198.0,7.9,33.7,80.0,7.1,8.11,78.7,High,
DB_2567_PY,2025ME1406,Bhavin Mittal,13,306.9,6.9,19.39,95.0,5.8,6.91,74.4,Medium,
DB_2567_DSC,2025ME1406,Bhavin Mittal,9,282.3,6.38,21.35,95.0,6.3,6.91,70.1,Medium,
DB_2568_PY,2023CE1407,Manish Bishnoi,8,122.5,7.15,13.7,90.0,6.8,6.83,72.7,Medium,
DB_2568_WD,2023CE1407,Manish Bishnoi,8,287.1,7.75,23.72,90.0,6.6,6.83,75.0,High,
DB_2568_DSC,2023CE1407,Manish Bishnoi,4,89.3,6.91,17.05,85.0,7.0,6.83,76.9,High,
DB_2569_AIML,2024CS1408,Bhumika Roy,9,167.8,8.9,31.02,95.0,7.5,6.8,78.9,High,
DB_2569_ML,2024CS1408,Bhumika Roy,3,200.3,3.5,14.5,85.0,7.4,6.8,72.3,Medium,
DB_2570_PY,2025IT1409,Devendra Arora,8,212.7,5.51,16.05,75.0,5.6,5.07,58.4,Medium,
DB_2570_ML,2025IT1409,Devendra Arora,3,186.5,3.5,13.05,85.0,5.2,5.07,69.5,Medium,
DB_2571_WD,2023AI1410,Barkha Duggal,4,89.6,4.46,16.3,80.0,4.5,5.11,55.9,Medium,
DB_2571_CN,2023AI1410,Barkha Duggal,5,147.3,5.16,11.4,55.0,4.7,5.11,49.9,Low,
DB_2572_DS,2024DS1411,Prisha Vashistha,5,85.4,7.7,16.45,90.0,6.0,5.87,68.0,Medium,
DB_2572_PY,2024DS1411,Prisha Vashistha,12,342.2,5.85,13.5,80.0,6.7,5.87,65.2,Medium,
DB_2572_CN,2024DS1411,Prisha Vashistha,10,281.6,6.13,14.2,80.0,6.0,5.87,62.3,Medium,
DB_2572_ML,2024DS1411,Prisha Vashistha,3,188.5,2.7,12.75,75.0,6.5,5.87,60.8,Medium,
DB_2573_WD,2025EC1412,Madhuri Reddy,13,339.0,7.6,20.4,80.0,7.1,8.24,75.0,High,
DB_2573_DSC,2025EC1412,Madhuri Reddy,16,397.2,8.15,25.2,90.0,7.0,8.24,82.0,High,
DB_2574_PY,2023EE1413,Gunjan Kulkarni,13,324.5,9.43,24.93,100.0,9.1,9.75,95.9,High,
DB_2574_DSC,2023EE1413,Gunjan Kulkarni,17,413.8,9.33,28.3,100.0,9.6,9.75,96.9,High,
DB_2574_AIML,2023EE1413,Gunjan Kulkarni,6,124.3,9.42,39.23,100.0,9.6,9.75,98.0,High,
DB_2575_DS,2024ME1414,Shreya Roy,15,393.3,7.57,26.0,95.0,7.6,7.98,81.6,High,
DB_2575_DSC,2024ME1414,Shreya Roy,9,279.5,8.76,25.52,95.0,8.3,7.98,86.4,High,
DB_2575_AIML,2024ME1414,Shreya Roy,14,290.6,8.21,32.86,95.0,7.9,7.98,82.7,High,
DB_2576_DS,2025CE1415,Jyoti Pinto,9,240.4,9.2,28.88,100.0,8.6,8.45,93.8,High,
DB_2576_WD,2025CE1415,Jyoti Pinto,12,310.1,9.01,27.18,90.0,9.3,8.45,91.1,High,
DB_2576_DSC,2025CE1415,Jyoti Pinto,4,87.8,8.76,23.54,100.0,9.2,8.45,91.5,High,
DB_2577_PY,2023CS1416,Harshita Kapoor,3,57.1,4.88,8.9,95.0,4.1,5.25,55.6,Medium,
DB_2577_CN,2023CS1416,Harshita Kapoor,4,79.5,4.6,12.49,80.0,4.1,5.25,56.3,Medium,
DB_2577_AIML,2023CS1416,Harshita Kapoor,9,192.2,4.38,19.67,50.0,4.2,5.25,48.4,Low,
DB_2578_DS,2024IT1417,Simran Maurya,12,255.4,7.1,18.02,80.0,6.1,5.71,67.0,Medium,
DB_2578_WD,2024IT1417,Simran Maurya,4,110.6,5.95,21.24,100.0,6.3,5.71,69.1,Medium,
DB_2578_DSC,2024IT1417,Simran Maurya,4,82.8,7.8,23.5,85.0,6.8,5.71,75.0,High,
DB_2578_AIML,2024IT1417,Simran Maurya,9,177.8,7.36,28.84,85.0,5.9,5.71,72.6,Medium,
DB_2579_DS,2025AI1418,Bhavin Ghosh,15,383.5,7.05,22.6,90.0,7.5,7.13,74.5,Medium,
DB_2579_PY,2025AI1418,Bhavin Ghosh,12,298.5,8.23,18.41,80.0,7.1,7.13,78.8,High,
DB_2579_WD,2025AI1418,Bhavin Ghosh,7,150.3,8.5,22.86,70.0,7.1,7.13,74.7,Medium,
DB_2579_AIML,2025AI1418,Bhavin Ghosh,5,123.8,7.59,28.46,80.0,7.5,7.13,73.6,Medium,
DB_2580_WD,2023DS1419,Riya Anand,9,268.8,7.33,23.81,95.0,7.9,7.76,80.5,High,
DB_2580_CN,2023DS1419,Riya Anand,10,258.2,7.05,17.62,95.0,7.8,7.76,78.0,High,
DB_2580_DSC,2023DS1419,Riya Anand,12,255.9,8.0,29.1,100.0,7.1,7.76,86.2,High,
DB_2580_ML,2023DS1419,Riya Anand,2,157.6,4.0,14.45,95.0,7.1,7.76,80.5,High,
DB_2581_PY,2024EC1420,Rajendra Bajaj,9,238.8,7.44,18.34,85.0,6.8,6.58,71.1,Medium,
DB_2581_WD,2024EC1420,Rajendra Bajaj,6,134.8,6.62,23.57,90.0,6.4,6.58,71.8,Medium,
DB_2581_DSC,2024EC1420,Rajendra Bajaj,11,265.3,6.2,23.42,90.0,6.3,6.58,72.7,Medium,
DB_2582_DS,2025EE1421,Yogesh Dubey,7,153.7,7.9,23.3,85.0,8.4,8.82,82.0,High,
DB_2582_CN,2025EE1421,Yogesh Dubey,12,272.2,7.72,27.8,85.0,8.0,8.82,85.6,High,
DB_2582_DSC,2025EE1421,Yogesh Dubey,10,238.7,8.75,27.23,95.0,7.9,8.82,91.1,High,
DB_2582_AIML,2025EE1421,Yogesh Dubey,5,116.9,8.95,36.75,100.0,8.2,8.82,90.6,High,
DB_2583_PY,2023ME1422,Aarti Upadhyay,6,177.8,7.4,17.59,90.0,6.4,6.01,70.2,Medium,
DB_2583_WD,2023ME1422,Aarti Upadhyay,8,207.7,6.26,16.88,80.0,6.5,6.01,67.9,Medium,
DB_2583_AIML,2023ME1422,Aarti Upadhyay,5,112.5,6.24,27.27,85.0,6.7,6.01,69.2,Medium,
DB_2584_WD,2024CE1423,Geeta Sood,9,285.2,5.13,11.4,70.0,5.8,6.42,59.9,Medium,
DB_2584_DSC,2024CE1423,Geeta Sood,6,118.3,2.7,16.23,70.0,5.2,6.42,57.5,Medium,
DB_2584_AIML,2024CE1423,Geeta Sood,7,156.0,4.6,21.19,85.0,5.7,6.42,58.7,Medium,
DB_2585_CN,2025CS1424,Isha Tripathi,11,239.7,7.7,20.33,75.0,7.4,8.11,81.9,High,
DB_2585_DSC,2025CS1424,Isha Tripathi,6,132.7,7.75,25.84,95.0,7.5,8.11,84.8,High,
DB_2585_AIML,2025CS1424,Isha Tripathi,6,124.6,7.9,35.48,85.0,7.3,8.11,78.7,High,
DB_2586_CN,2023IT1425,Tushar Duggal,8,159.6,9.4,22.96,90.0,8.5,9.15,90.5,High,
DB_2586_DSC,2023IT1425,Tushar Duggal,10,264.7,5.55,30.92,95.0,8.2,9.15,87.2,High,
DB_2587_PY,2024AI1426,Tanvi Sen,7,169.8,7.78,20.32,90.0,7.8,8.16,80.1,High,
DB_2587_DSC,2024AI1426,Tanvi Sen,5,92.5,9.1,22.16,100.0,7.5,8.16,86.0,High,
DB_2588_WD,2025DS1427,Ajay Mathew,9,202.3,5.8,17.82,90.0,5.9,6.38,65.5,Medium,
DB_2588_CN,2025DS1427,Ajay Mathew,8,219.2,6.42,15.71,75.0,5.8,6.38,65.7,Medium,
DB_2589_CN,2023EC1428,Chetna Fernandes,12,282.5,7.27,25.72,100.0,8.7,8.92,92.3,High,
DB_2589_ML,2023EC1428,Chetna Fernandes,3,194.4,5.0,16.9,95.0,9.1,8.92,93.8,High,
DB_2590_DSC,2024EE1429,Ashish Fernandes,9,170.6,8.6,29.34,95.0,7.7,8.83,87.4,High,
DB_2590_AIML,2024EE1429,Ashish Fernandes,9,203.4,8.2,33.65,95.0,7.3,8.83,83.5,High,
DB_2591_PY,2025ME1430,Aarti Varghese,4,139.8,4.73,13.2,85.0,4.4,5.3,54.7,Medium,
DB_2591_WD,2025ME1430,Aarti Varghese,8,162.6,2.1,15.31,80.0,4.7,5.3,52.9,Medium,
DB_2591_CN,2025ME1430,Aarti Varghese,8,183.8,5.53,10.5,90.0,4.9,5.3,62.9,Medium,
DB_2591_ML,2025ME1430,Aarti Varghese,2,143.7,2.3,7.6,85.0,4.4,5.3,55.1,Medium,
DB_2592_PY,2023CE1431,Gunjan Roy,13,234.6,7.73,15.05,90.0,7.2,7.23,79.1,High,
DB_2592_DSC,2023CE1431,Gunjan Roy,2,56.9,7.41,23.41,70.0,6.6,7.23,73.0,Medium,
DB_2593_PY,2024CS1432,Bhumika Awasthi,5,76.7,7.9,18.5,80.0,8.1,8.93,83.3,High,
DB_2593_DSC,2024CS1432,Bhumika Awasthi,12,282.3,8.24,27.58,95.0,8.4,8.93,86.8,High,
DB_2594_DS,2025IT1433,Navya Lobo,20,505.6,8.65,24.5,95.0,8.4,9.54,89.5,High,
DB_2594_WD,2025IT1433,Navya Lobo,13,357.6,10.0,26.94,95.0,8.0,9.54,89.1,High,
DB_2595_DS,2023AI1434,Sneha Rathore,7,220.0,6.0,14.7,75.0,6.2,5.33,60.0,Medium,
DB_2595_DSC,2023AI1434,Sneha Rathore,9,260.9,6.3,24.85,80.0,5.7,5.33,65.8,Medium,
DB_2596_PY,2024DS1435,Jyoti Upadhyay,11,222.3,7.46,23.33,100.0,7.9,7.52,83.1,High,
DB_2596_AIML,2024DS1435,Jyoti Upadhyay,12,245.2,8.16,21.0,100.0,7.9,7.52,78.5,High,
DB_2596_ML,2024DS1435,Jyoti Upadhyay,3,193.2,4.4,17.3,80.0,7.6,7.52,83.5,High,
DB_2597_DS,2025EC1436,Santosh Varghese,9,267.4,7.3,19.6,95.0,7.6,7.35,78.7,High,
DB_2597_PY,2025EC1436,Santosh Varghese,10,231.7,7.8,20.86,85.0,7.4,7.35,78.9,High,
DB_2597_AIML,2025EC1436,Santosh Varghese,3,62.2,7.67,35.17,85.0,6.8,7.35,73.6,Medium,
DB_2597_ML,2025EC1436,Santosh Varghese,3,190.1,3.2,17.3,95.0,7.5,7.35,79.5,High,
DB_2598_DS,2023EE1437,Akash Suri,12,307.1,8.34,24.82,95.0,8.1,9.03,86.7,High,
DB_2598_PY,2023EE1437,Akash Suri,7,171.9,8.7,20.1,100.0,7.7,9.03,90.8,High,
DB_2599_DS,2024ME1438,Suman Bajaj,23,551.6,9.54,30.06,100.0,9.1,9.47,96.4,High,
DB_2599_PY,2024ME1438,Suman Bajaj,15,331.6,9.44,26.63,100.0,9.9,9.47,95.2,High,
DB_2599_WD,2024ME1438,Suman Bajaj,14,375.2,8.88,27.95,95.0,9.6,9.47,93.9,High,
DB_2599_CN,2024ME1438,Suman Bajaj,18,368.9,8.84,20.8,100.0,9.8,9.47,98.0,High,
DB_2600_WD,2025CE1439,Parag Jangid,13,313.0,9.2,27.06,90.0,8.4,8.19,86.1,High,
DB_2600_CN,2025CE1439,Parag Jangid,8,215.8,7.97,19.62,95.0,8.2,8.19,82.5,High,
DB_2600_ML,2025CE1439,Parag Jangid,3,195.3,3.5,16.2,85.0,7.6,8.19,80.1,High,
DB_2601_DS,2023CS1440,Mamta Rathore,21,484.7,8.6,30.1,90.0,9.4,9.75,90.8,High,
DB_2601_DSC,2023CS1440,Mamta Rathore,14,347.3,8.87,30.63,95.0,9.4,9.75,94.6,High,
DB_2601_ML,2023CS1440,Mamta Rathore,3,200.1,4.3,19.5,95.0,9.1,9.75,93.1,High,
DB_2602_PY,2024IT1441,Aarti Patil,7,160.4,6.23,17.12,90.0,6.0,6.93,69.6,Medium,
DB_2602_WD,2024IT1441,Aarti Patil,3,153.5,6.17,19.39,95.0,6.1,6.93,67.5,Medium,
DB_2602_ML,2024IT1441,Aarti Patil,2,154.0,2.3,13.6,90.0,5.7,6.93,65.7,Medium,
DB_2603_DS,2025AI1442,Sandesh Kumar,2,40.7,6.47,19.39,95.0,6.8,7.54,73.4,Medium,
DB_2603_DSC,2025AI1442,Sandesh Kumar,9,180.6,6.25,22.98,85.0,6.3,7.54,71.3,Medium,
DB_2603_ML,2025AI1442,Sandesh Kumar,3,204.1,3.5,12.2,85.0,5.9,7.54,70.7,Medium,
DB_2604_DS,2023DS1443,Vijay Dwivedi,13,405.9,6.0,17.66,85.0,6.2,6.4,65.9,Medium,
DB_2604_DSC,2023DS1443,Vijay Dwivedi,8,199.5,4.3,19.87,90.0,6.0,6.4,63.7,Medium,
DB_2605_WD,2024EC1444,Rahul Rathore,10,298.8,5.62,19.26,80.0,5.6,6.6,65.9,Medium,
DB_2605_CN,2024EC1444,Rahul Rathore,6,135.7,4.8,13.9,85.0,5.5,6.6,64.0,Medium,
DB_2606_DS,2025EE1445,Pari Kaushik,8,202.6,9.25,29.4,95.0,9.1,9.27,97.2,High,
DB_2606_DSC,2025EE1445,Pari Kaushik,18,372.6,10.0,30.79,100.0,9.6,9.27,98.0,High,
DB_2606_AIML,2025EE1445,Pari Kaushik,10,188.9,9.63,37.57,95.0,9.0,9.27,94.0,High,
DB_2606_ML,2025EE1445,Pari Kaushik,3,195.0,4.7,20.0,95.0,9.0,9.27,94.1,High,
DB_2607_DS,2023ME1446,Hemant Bhattacharya,9,266.3,5.09,19.6,85.0,5.7,5.21,61.1,Medium,
DB_2607_PY,2023ME1446,Hemant Bhattacharya,8,165.3,5.13,15.07,70.0,4.9,5.21,55.5,Medium,
DB_2607_WD,2023ME1446,Hemant Bhattacharya,4,75.0,5.2,10.95,75.0,5.3,5.21,58.6,Medium,
DB_2607_AIML,2023ME1446,Hemant Bhattacharya,3,74.1,5.95,27.83,90.0,4.9,5.21,65.6,Medium,
DB_2608_PY,2024CE1447,Sneha Bose,7,152.4,5.2,8.53,90.0,4.7,5.61,58.5,Medium,
DB_2608_WD,2024CE1447,Sneha Bose,4,72.7,3.33,12.78,85.0,4.6,5.61,54.4,Medium,
DB_2609_DS,2025CS1448,Manoj Anand,9,166.8,5.7,14.75,90.0,5.9,6.09,64.0,Medium,
DB_2609_CN,2025CS1448,Manoj Anand,3,93.2,5.3,12.3,85.0,5.4,6.09,62.2,Medium,
DB_2609_DSC,2025CS1448,Manoj Anand,5,164.3,4.73,28.6,85.0,5.1,6.09,58.9,Medium,
DB_2610_DS,2023IT1449,Naveen Dhawan,6,93.0,9.3,26.95,95.0,9.2,9.5,96.0,High,
DB_2610_PY,2023IT1449,Naveen Dhawan,12,286.2,9.21,26.5,90.0,9.3,9.5,95.3,High,
DB_2610_AIML,2023IT1449,Naveen Dhawan,17,349.1,9.79,38.65,95.0,9.1,9.5,97.7,High,
DB_2610_ML,2023IT1449,Naveen Dhawan,3,202.1,5.0,19.25,90.0,9.5,9.5,96.1,High,
DB_2611_PY,2024AI1450,Devanshi Thomas,8,176.5,7.0,21.85,95.0,6.4,7.93,76.0,High,
DB_2611_CN,2024AI1450,Devanshi Thomas,8,156.7,6.26,16.93,90.0,7.0,7.93,75.4,High,
DB_2612_DS,2025DS1451,Mohit Agarwal,23,530.6,9.7,45.0,95.0,9.2,8.63,95.1,High,
DB_2612_PY,2025DS1451,Mohit Agarwal,7,108.7,9.34,25.9,90.0,9.1,8.63,91.0,High,
DB_2612_CN,2025DS1451,Mohit Agarwal,8,183.7,8.72,25.8,100.0,9.6,8.63,90.4,High,
DB_2613_DS,2023EC1452,Akanksha Vashistha,10,229.3,9.2,37.05,100.0,8.3,7.77,87.8,High,
DB_2613_PY,2023EC1452,Akanksha Vashistha,17,314.6,8.63,22.66,100.0,8.4,7.77,89.6,High,
DB_2613_WD,2023EC1452,Akanksha Vashistha,4,118.2,9.6,25.15,100.0,8.1,7.77,91.1,High,
DB_2613_CN,2023EC1452,Akanksha Vashistha,4,62.7,9.3,23.0,90.0,8.0,7.77,85.3,High,
DB_2614_DS,2024EE1453,Bhavya Pillai,14,346.8,9.4,34.62,95.0,9.3,8.62,94.7,High,
DB_2614_WD,2024EE1453,Bhavya Pillai,9,283.5,7.33,29.1,90.0,8.6,8.62,90.6,High,
DB_2614_DSC,2024EE1453,Bhavya Pillai,13,338.6,8.43,29.9,100.0,8.7,8.62,91.7,High,
DB_2614_AIML,2024EE1453,Bhavya Pillai,8,167.9,9.04,39.2,95.0,9.4,8.62,90.0,High,
DB_2615_DS,2025ME1454,Sunil Rao,6,160.9,7.26,12.7,90.0,6.5,7.18,72.2,Medium,
DB_2615_PY,2025ME1454,Sunil Rao,7,164.4,6.92,16.43,100.0,6.5,7.18,76.5,High,
DB_2615_DSC,2025ME1454,Sunil Rao,7,210.4,7.03,23.55,95.0,6.9,7.18,72.5,Medium,
DB_2615_ML,2025ME1454,Sunil Rao,2,169.9,3.5,12.65,90.0,6.2,7.18,70.3,Medium,
DB_2616_PY,2023CE1455,Urvashi Batra,6,160.0,9.28,24.02,85.0,7.9,9.1,90.1,High,
DB_2616_CN,2023CE1455,Urvashi Batra,8,131.6,9.8,12.4,95.0,8.5,9.1,90.3,High,
DB_2616_AIML,2023CE1455,Urvashi Batra,6,115.7,8.83,33.38,95.0,8.9,9.1,85.8,High,
DB_2617_PY,2024CS1456,Ashish Garg,8,172.6,6.4,18.63,90.0,5.8,5.67,71.4,Medium,
DB_2617_AIML,2024CS1456,Ashish Garg,3,95.8,6.25,24.85,90.0,6.7,5.67,65.9,Medium,
DB_2618_PY,2025IT1457,Rajesh Rao,15,289.7,8.47,22.44,90.0,8.1,8.8,84.2,High,
DB_2618_WD,2025IT1457,Rajesh Rao,6,193.7,8.3,20.65,85.0,7.5,8.8,82.6,High,
DB_2618_AIML,2025IT1457,Rajesh Rao,10,211.4,8.66,32.83,95.0,7.4,8.8,84.5,High,
DB_2619_DS,2023AI1458,Harsh Bishnoi,9,232.7,6.7,18.48,90.0,5.8,6.64,68.3,Medium,
DB_2619_WD,2023AI1458,Harsh Bishnoi,12,326.5,7.1,19.94,80.0,6.1,6.64,68.6,Medium,
DB_2619_CN,2023AI1458,Harsh Bishnoi,12,263.0,6.28,14.5,90.0,6.1,6.64,70.1,Medium,
DB_2619_AIML,2023AI1458,Harsh Bishnoi,7,148.2,6.84,24.7,70.0,5.7,6.64,65.8,Medium,
DB_2620_PY,2024DS1459,Mukesh Dwivedi,8,177.0,5.15,11.97,75.0,4.6,5.16,56.5,Medium,
DB_2620_DSC,2024DS1459,Mukesh Dwivedi,7,165.2,5.5,17.3,60.0,4.9,5.16,55.0,Medium,
DB_2621_PY,2025EC1460,Prisha Shah,14,317.5,7.46,15.5,85.0,7.5,7.02,78.8,High,
DB_2621_CN,2025EC1460,Prisha Shah,6,101.8,7.4,19.57,90.0,7.5,7.02,79.9,High,
DB_2622_CN,2023EE1461,Geeta Ghoshal,4,128.3,7.03,20.2,100.0,8.6,9.79,88.8,High,
DB_2622_DSC,2023EE1461,Geeta Ghoshal,16,366.2,9.0,27.23,95.0,8.9,9.79,91.8,High,
DB_2623_DS,2024ME1462,Mohit Sharma,11,337.9,7.44,16.55,85.0,7.5,7.61,78.1,High,
DB_2623_DSC,2024ME1462,Mohit Sharma,11,236.9,7.73,23.92,95.0,7.4,7.61,82.5,High,
DB_2623_AIML,2024ME1462,Mohit Sharma,10,178.8,7.75,23.1,90.0,6.6,7.61,75.6,High,
DB_2624_DS,2025CE1463,Richa Chatterjee,12,282.6,6.97,20.88,80.0,6.7,6.6,73.0,Medium,
DB_2624_PY,2025CE1463,Richa Chatterjee,13,290.7,7.43,14.45,90.0,6.2,6.6,76.7,High,
DB_2624_WD,2025CE1463,Richa Chatterjee,9,260.7,7.45,31.75,80.0,7.2,6.6,73.7,Medium,
DB_2624_ML,2025CE1463,Richa Chatterjee,2,175.4,3.4,12.8,90.0,6.9,6.6,70.3,Medium,
DB_2625_DS,2023CS1464,Chinmay Kaushik,12,303.1,4.96,16.34,75.0,4.6,5.66,56.9,Medium,
DB_2625_CN,2023CS1464,Chinmay Kaushik,5,97.6,5.9,10.03,95.0,4.5,5.66,61.3,Medium,
DB_2625_AIML,2023CS1464,Chinmay Kaushik,7,174.5,5.14,19.51,85.0,4.1,5.66,58.8,Medium,
DB_2625_ML,2023CS1464,Chinmay Kaushik,2,155.3,1.7,11.6,70.0,4.7,5.66,55.3,Medium,
DB_2626_WD,2024IT1465,Riddhi Kapoor,6,156.4,5.88,18.55,80.0,5.9,5.6,65.1,Medium,
DB_2626_DSC,2024IT1465,Riddhi Kapoor,7,206.1,6.0,25.05,95.0,6.1,5.6,67.0,Medium,
DB_2627_DS,2025AI1466,Trisha Dutta,17,404.4,9.62,25.0,90.0,9.1,9.62,95.1,High,
DB_2627_ML,2025AI1466,Trisha Dutta,3,201.5,5.0,19.75,100.0,8.5,9.62,95.1,High,
DB_2628_DS,2023DS1467,Upasana Varghese,15,370.3,7.3,21.32,80.0,6.7,7.78,78.3,High,
DB_2628_ML,2023DS1467,Upasana Varghese,3,193.6,3.0,12.8,85.0,6.6,7.78,66.7,Medium,
DB_2629_PY,2024EC1468,Kartik Varghese,14,300.8,7.4,21.15,90.0,7.1,8.75,80.3,High,
DB_2629_DSC,2024EC1468,Kartik Varghese,8,271.8,7.48,23.0,95.0,7.8,8.75,85.9,High,
DB_2629_AIML,2024EC1468,Kartik Varghese,7,135.9,8.18,29.58,95.0,7.4,8.75,83.3,High,
DB_2630_DS,2025EE1469,Shilpa Reddy,11,194.6,7.76,22.13,85.0,7.5,6.89,79.0,High,
DB_2630_CN,2025EE1469,Shilpa Reddy,8,180.0,8.37,20.5,95.0,7.2,6.89,80.7,High,
DB_2630_DSC,2025EE1469,Shilpa Reddy,12,322.9,7.25,20.32,90.0,7.6,6.89,84.2,High,
DB_2631_DS,2023ME1470,Zoya Mehta,6,150.5,8.2,15.3,85.0,6.8,7.84,78.2,High,
DB_2631_CN,2023ME1470,Zoya Mehta,10,199.3,7.56,25.3,90.0,7.5,7.84,80.2,High,
DB_2631_ML,2023ME1470,Zoya Mehta,3,195.7,3.1,17.15,95.0,6.9,7.84,78.5,High,
DB_2632_DS,2024CE1471,Trisha Suri,6,115.9,8.4,24.84,90.0,8.2,8.19,86.3,High,
DB_2632_PY,2024CE1471,Trisha Suri,10,259.4,7.7,24.82,90.0,8.1,8.19,79.7,High,
DB_2632_AIML,2024CE1471,Trisha Suri,9,173.3,8.64,33.34,95.0,7.8,8.19,86.6,High,
DB_2633_DS,2025CS1472,Rajesh Anand,7,115.2,5.75,14.85,85.0,4.7,5.07,56.9,Medium,
DB_2633_CN,2025CS1472,Rajesh Anand,8,206.1,4.95,15.72,75.0,5.6,5.07,59.0,Medium,
DB_2633_DSC,2025CS1472,Rajesh Anand,8,261.3,4.95,19.2,85.0,4.8,5.07,57.9,Medium,
DB_2633_ML,2025CS1472,Rajesh Anand,1,129.9,3.3,9.2,95.0,5.5,5.07,60.3,Medium,
DB_2634_DS,2023IT1473,Priyanka Upadhyay,13,439.9,8.18,23.48,90.0,6.9,7.05,77.4,High,
DB_2634_PY,2023IT1473,Priyanka Upadhyay,14,300.1,7.33,21.03,80.0,6.9,7.05,71.5,Medium,
DB_2634_ML,2023IT1473,Priyanka Upadhyay,2,169.9,3.5,14.5,90.0,7.0,7.05,73.8,Medium,
DB_2635_DS,2024AI1474,Ishaan Ghosh,16,380.2,9.7,29.26,95.0,9.5,9.65,96.6,High,
DB_2635_WD,2024AI1474,Ishaan Ghosh,16,429.2,8.37,29.27,90.0,9.2,9.65,90.8,High,
DB_2635_AIML,2024AI1474,Ishaan Ghosh,9,181.7,9.15,40.0,95.0,9.3,9.65,95.8,High,
DB_2636_CN,2025DS1475,Hiten Ghosh,4,156.8,4.45,12.88,60.0,4.4,5.17,51.5,Medium,
DB_2636_DSC,2025DS1475,Hiten Ghosh,5,211.9,4.9,15.6,85.0,4.3,5.17,59.4,Medium,
DB_2637_WD,2023EC1476,Ishaan Jangid,6,125.6,4.68,13.2,95.0,3.9,5.11,54.3,Medium,
DB_2637_DSC,2023EC1476,Ishaan Jangid,4,87.9,4.12,14.8,80.0,4.6,5.11,53.6,Medium,
DB_2637_ML,2023EC1476,Ishaan Jangid,2,164.6,3.0,9.6,75.0,4.6,5.11,55.4,Medium,
DB_2638_DS,2024EE1477,Esha Khanna,10,326.2,5.8,18.85,85.0,5.8,5.84,65.9,Medium,
DB_2638_PY,2024EE1477,Esha Khanna,11,250.4,6.75,19.3,95.0,6.4,5.84,73.4,Medium,
DB_2638_WD,2024EE1477,Esha Khanna,4,82.1,5.8,21.0,85.0,6.1,5.84,68.0,Medium,
DB_2638_AIML,2024EE1477,Esha Khanna,5,121.3,6.77,25.67,95.0,6.7,5.84,74.4,Medium,
DB_2639_PY,2025ME1478,Omkar Bhattacharya,4,106.2,8.0,23.81,85.0,8.6,7.84,84.2,High,
DB_2639_WD,2025ME1478,Omkar Bhattacharya,12,239.3,8.78,27.59,90.0,8.6,7.84,83.6,High,
DB_2639_DSC,2025ME1478,Omkar Bhattacharya,6,157.5,8.38,31.5,95.0,8.5,7.84,89.1,High,
DB_2640_DSC,2023CE1479,Sandesh Singh,9,238.7,7.73,19.8,90.0,8.1,8.45,86.7,High,
DB_2640_AIML,2023CE1479,Sandesh Singh,8,155.1,9.06,36.23,90.0,7.4,8.45,85.3,High,
DB_2640_ML,2023CE1479,Sandesh Singh,3,206.4,4.4,15.4,85.0,8.0,8.45,81.1,High,
DB_2641_WD,2024CS1480,Aditya Fernandes,8,176.1,8.86,28.41,95.0,9.3,9.41,95.7,High,
DB_2641_ML,2024CS1480,Aditya Fernandes,3,197.6,4.7,19.7,95.0,9.3,9.41,97.2,High,
DB_2642_CN,2025IT1481,Preeti Bhasin,5,167.3,5.37,13.23,85.0,5.1,5.27,58.4,Medium,
DB_2642_DSC,2025IT1481,Preeti Bhasin,4,139.6,4.54,17.76,75.0,5.0,5.27,57.7,Medium,
DB_2642_AIML,2025IT1481,Preeti Bhasin,8,154.5,4.76,20.16,80.0,4.8,5.27,52.8,Medium,
DB_2643_PY,2023AI1482,Kunal Chauhan,3,41.6,7.0,26.55,85.0,7.3,7.66,80.6,High,
DB_2643_DSC,2023AI1482,Kunal Chauhan,13,370.7,7.41,21.9,80.0,7.0,7.66,77.8,High,
DB_2643_AIML,2023AI1482,Kunal Chauhan,11,247.8,7.07,27.0,90.0,7.3,7.66,73.8,Medium,
DB_2643_ML,2023AI1482,Kunal Chauhan,3,199.1,4.4,15.9,90.0,6.9,7.66,81.7,High,
DB_2644_DS,2024DS1483,Kiran Jindal,8,167.3,5.2,17.2,95.0,4.3,5.4,61.3,Medium,
DB_2644_DSC,2024DS1483,Kiran Jindal,5,143.3,4.47,14.91,90.0,4.9,5.4,56.9,Medium,
DB_2644_ML,2024DS1483,Kiran Jindal,3,204.8,2.4,10.7,100.0,4.5,5.4,62.2,Medium,
DB_2645_WD,2025EC1484,Meenakshi Bajaj,9,256.8,6.53,21.23,85.0,6.7,6.26,72.8,Medium,
DB_2645_AIML,2025EC1484,Meenakshi Bajaj,7,119.4,7.55,27.48,80.0,6.3,6.26,69.7,Medium,
DB_2646_DS,2023EE1485,Simran Khanna,11,248.5,9.3,22.68,100.0,7.9,8.81,89.1,High,
DB_2646_DSC,2023EE1485,Simran Khanna,13,239.7,8.85,33.25,95.0,8.6,8.81,85.5,High,
DB_2646_AIML,2023EE1485,Simran Khanna,12,253.0,8.93,35.43,95.0,8.4,8.81,89.8,High,
DB_2647_DS,2024ME1486,Rishabh Arora,12,295.9,6.17,20.82,95.0,5.9,5.92,70.3,Medium,
DB_2647_CN,2024ME1486,Rishabh Arora,5,148.0,5.8,15.85,95.0,5.7,5.92,68.1,Medium,
DB_2648_DS,2025CE1487,Avani Thomas,13,354.1,8.96,26.8,100.0,8.4,8.69,93.4,High,
DB_2648_WD,2025CE1487,Avani Thomas,8,166.5,8.62,29.38,100.0,8.7,8.69,96.7,High,
DB_2648_DSC,2025CE1487,Avani Thomas,11,204.8,8.76,29.78,95.0,8.2,8.69,93.8,High,
DB_2648_ML,2025CE1487,Avani Thomas,3,196.2,5.0,18.9,100.0,8.5,8.69,96.1,High,
DB_2649_WD,2023CS1488,Pradeep Mishra,12,255.3,8.17,22.25,85.0,8.7,9.31,84.6,High,
DB_2649_AIML,2023CS1488,Pradeep Mishra,7,142.2,8.74,50.0,100.0,8.0,9.31,96.6,High,
DB_2649_ML,2023CS1488,Pradeep Mishra,3,194.5,5.0,16.35,90.0,8.4,9.31,88.6,High,
DB_2650_PY,2024IT1489,Mukesh Chatterjee,11,199.1,6.72,19.9,90.0,6.5,6.03,69.4,Medium,
DB_2650_ML,2024IT1489,Mukesh Chatterjee,2,163.8,3.4,14.9,85.0,6.7,6.03,73.1,Medium,
DB_2651_PY,2025AI1490,Nandini Jindal,15,349.2,7.84,24.75,90.0,7.7,8.32,82.6,High,
DB_2651_WD,2025AI1490,Nandini Jindal,12,319.5,7.53,24.99,90.0,8.0,8.32,81.6,High,
DB_2651_AIML,2025AI1490,Nandini Jindal,4,102.9,7.79,32.38,100.0,7.2,8.32,81.6,High,
DB_2652_WD,2023DS1491,Shilpa Nambiar,9,235.0,7.57,36.0,90.0,8.3,8.98,88.5,High,
DB_2652_AIML,2023DS1491,Shilpa Nambiar,10,202.2,9.9,33.72,90.0,8.2,8.98,92.4,High,
DB_2653_PY,2024EC1492,Jaya Das,7,197.8,8.12,17.8,90.0,7.5,8.06,78.6,High,
DB_2653_WD,2024EC1492,Jaya Das,8,155.5,8.27,19.85,90.0,8.1,8.06,80.8,High,
DB_2653_CN,2024EC1492,Jaya Das,12,241.1,7.91,20.61,95.0,7.5,8.06,84.4,High,
DB_2653_AIML,2024EC1492,Jaya Das,6,119.0,8.5,25.5,95.0,8.2,8.06,79.8,High,
DB_2654_DS,2025EE1493,Vihaan Vashistha,7,140.4,5.0,18.31,80.0,5.9,5.23,59.0,Medium,
DB_2654_CN,2025EE1493,Vihaan Vashistha,5,74.3,5.1,16.04,85.0,5.5,5.23,63.5,Medium,
DB_2654_DSC,2025EE1493,Vihaan Vashistha,6,107.8,5.4,19.57,70.0,6.0,5.23,67.8,Medium,
DB_2654_AIML,2025EE1493,Vihaan Vashistha,7,146.1,6.14,24.26,70.0,5.4,5.23,62.1,Medium,
DB_2655_DS,2023ME1494,Prateek Joseph,10,269.7,5.57,19.35,80.0,6.0,5.59,61.5,Medium,
DB_2655_PY,2023ME1494,Prateek Joseph,5,96.0,7.05,18.1,95.0,6.0,5.59,68.6,Medium,
DB_2656_PY,2024CE1495,Preeti Dubey,12,333.5,6.45,19.33,100.0,7.0,7.81,77.7,High,
DB_2656_WD,2024CE1495,Preeti Dubey,6,146.6,7.93,23.55,75.0,7.3,7.81,78.5,High,
DB_2656_ML,2024CE1495,Preeti Dubey,3,200.0,4.0,14.75,95.0,6.9,7.81,81.4,High,
DB_2657_PY,2025CS1496,Upasana Sen,9,203.1,7.03,18.79,85.0,6.7,7.42,72.7,Medium,
DB_2657_WD,2025CS1496,Upasana Sen,9,185.1,6.37,29.97,100.0,6.8,7.42,74.9,Medium,
DB_2657_CN,2025CS1496,Upasana Sen,5,121.2,6.6,19.17,90.0,6.9,7.42,76.5,High,
DB_2657_DSC,2025CS1496,Upasana Sen,11,312.6,6.85,19.82,90.0,6.6,7.42,74.9,Medium,
DB_2658_CN,2023IT1497,Shubham Duggal,10,233.9,8.93,19.1,90.0,8.4,8.33,90.3,High,
DB_2658_AIML,2023IT1497,Shubham Duggal,15,292.8,8.86,40.15,100.0,8.8,8.33,90.5,High,
DB_2658_ML,2023IT1497,Shubham Duggal,1,137.7,4.8,19.2,90.0,8.7,8.33,92.0,High,
DB_2659_CN,2024AI1498,Nisha Prajapat,6,134.2,9.18,19.53,95.0,8.6,9.8,97.2,High,
DB_2659_DSC,2024AI1498,Nisha Prajapat,19,385.1,9.23,19.75,90.0,8.7,9.8,90.4,High,
DB_2660_DS,2025DS1499,Lokesh Sethi,15,322.9,6.43,16.43,75.0,5.8,5.85,64.6,Medium,
DB_2660_WD,2025DS1499,Lokesh Sethi,7,163.8,6.43,18.64,90.0,6.1,5.85,64.3,Medium,
DB_2660_DSC,2025DS1499,Lokesh Sethi,7,161.3,5.55,21.0,95.0,5.3,5.85,62.4,Medium,
DB_2660_ML,2025DS1499,Lokesh Sethi,3,193.3,2.3,12.8,75.0,6.1,5.85,58.9,Medium,
DB_2661_CN,2023EC1500,Lalit Mehta,7,140.8,6.87,14.43,90.0,6.7,7.73,74.0,Medium,
DB_2661_DSC,2023EC1500,Lalit Mehta,11,313.6,6.05,20.95,90.0,6.4,7.73,74.0,Medium,
DB_2661_ML,2023EC1500,Lalit Mehta,2,179.6,3.7,14.15,85.0,6.0,7.73,74.1,Medium,
DB_2662_DS,2024EE1501,Vikas Tiwari,7,163.5,7.72,25.43,95.0,7.5,8.37,84.0,High,
DB_2662_PY,2024EE1501,Vikas Tiwari,11,214.4,8.03,22.92,95.0,8.0,8.37,84.9,High,
DB_2662_DSC,2024EE1501,Vikas Tiwari,9,164.8,7.47,23.38,95.0,8.1,8.37,82.5,High,
DB_2662_ML,2024EE1501,Vikas Tiwari,2,155.8,4.2,17.15,85.0,7.5,8.37,85.5,High,
DB_2663_WD,2025ME1502,Siddharth Das,12,354.2,8.2,23.8,90.0,6.7,6.47,76.3,High,
DB_2663_CN,2025ME1502,Siddharth Das,4,73.9,6.42,20.1,90.0,6.9,6.47,76.9,High,
DB_2663_DSC,2025ME1502,Siddharth Das,8,190.0,7.7,23.6,100.0,6.6,6.47,79.8,High,
DB_2663_AIML,2025ME1502,Siddharth Das,6,136.5,7.48,23.3,90.0,7.2,6.47,74.9,Medium,
DB_2664_DS,2023CE1503,Mohit Kapoor,7,125.0,7.38,24.58,90.0,6.2,6.98,72.1,Medium,
DB_2664_PY,2023CE1503,Mohit Kapoor,6,85.4,8.2,17.3,90.0,6.3,6.98,76.3,High,
DB_2664_DSC,2023CE1503,Mohit Kapoor,6,153.5,2.7,24.38,95.0,6.3,6.98,69.4,Medium,
DB_2664_ML,2023CE1503,Mohit Kapoor,2,176.5,4.1,13.5,75.0,6.9,6.98,71.0,Medium,
DB_2665_DS,2024CS1504,Kartik Menon,10,214.6,6.89,27.4,90.0,6.3,6.54,74.4,Medium,
DB_2665_WD,2024CS1504,Kartik Menon,9,251.9,6.4,20.29,95.0,6.8,6.54,73.0,Medium,
DB_2665_ML,2024CS1504,Kartik Menon,3,198.4,4.1,15.5,95.0,6.6,6.54,81.8,High,
DB_2666_PY,2025IT1505,Vivaan Kurian,9,145.6,9.6,28.42,100.0,9.6,9.66,98.0,High,
DB_2666_WD,2025IT1505,Vivaan Kurian,18,484.2,9.5,29.0,100.0,9.9,9.66,94.1,High,
DB_2666_CN,2025IT1505,Vivaan Kurian,8,212.5,8.78,22.88,100.0,9.5,9.66,97.2,High,
DB_2666_AIML,2025IT1505,Vivaan Kurian,8,139.1,10.0,36.36,100.0,9.4,9.66,95.6,High,
DB_2667_WD,2023AI1506,Rakesh Pillai,7,162.7,7.63,34.3,90.0,9.0,8.01,90.5,High,
DB_2667_DSC,2023AI1506,Rakesh Pillai,8,184.1,9.3,39.35,95.0,8.1,8.01,86.5,High,
DB_2667_AIML,2023AI1506,Rakesh Pillai,14,283.1,8.75,37.01,95.0,8.2,8.01,91.8,High,
DB_2667_ML,2023AI1506,Rakesh Pillai,2,153.6,4.4,16.5,90.0,8.1,8.01,82.8,High,
DB_2668_PY,2024DS1507,Saanvi Sanyal,8,193.1,5.2,15.63,75.0,5.7,5.78,60.0,Medium,
DB_2668_DSC,2024DS1507,Saanvi Sanyal,11,281.4,4.13,18.68,80.0,5.7,5.78,57.6,Medium,
DB_2669_DS,2025EC1508,Girish Chauhan,10,265.2,9.14,32.86,100.0,9.1,8.91,92.6,High,
DB_2669_PY,2025EC1508,Girish Chauhan,14,235.9,9.45,26.88,95.0,9.4,8.91,91.6,High,
DB_2669_CN,2025EC1508,Girish Chauhan,14,267.8,8.74,26.23,95.0,9.1,8.91,96.0,High,
DB_2669_ML,2025EC1508,Girish Chauhan,3,202.6,5.0,19.6,95.0,9.4,8.91,97.3,High,
DB_2670_PY,2023EE1509,Ramesh Tandon,7,185.0,4.45,11.5,65.0,4.5,5.0,52.8,Medium,
DB_2670_DSC,2023EE1509,Ramesh Tandon,5,156.6,5.58,15.08,85.0,5.0,5.0,55.7,Medium,
DB_2670_AIML,2023EE1509,Ramesh Tandon,5,111.1,4.72,20.89,75.0,4.7,5.0,52.0,Medium,
DB_2671_DS,2024ME1510,Leena Suri,11,196.2,9.36,40.4,100.0,9.5,9.49,94.8,High,
DB_2671_PY,2024ME1510,Leena Suri,20,385.5,9.2,26.13,95.0,8.8,9.49,93.2,High,
DB_2671_ML,2024ME1510,Leena Suri,3,197.3,5.0,18.5,90.0,9.4,9.49,91.6,High,
DB_2672_PY,2025CE1511,Aditya Kurian,16,324.9,8.66,28.82,85.0,8.0,9.04,86.3,High,
DB_2672_CN,2025CE1511,Aditya Kurian,5,134.7,8.13,21.3,95.0,8.3,9.04,87.8,High,
DB_2672_AIML,2025CE1511,Aditya Kurian,5,99.9,8.5,35.43,90.0,8.6,9.04,88.9,High,
DB_2672_ML,2025CE1511,Aditya Kurian,2,162.9,4.3,18.4,90.0,8.6,9.04,87.5,High,
DB_2673_PY,2023CS1512,Lavanya Tomar,16,352.3,8.0,19.96,100.0,7.3,7.91,79.5,High,
DB_2673_WD,2023CS1512,Lavanya Tomar,8,201.3,6.3,22.94,80.0,6.8,7.91,74.4,Medium,
DB_2673_AIML,2023CS1512,Lavanya Tomar,12,240.3,7.53,29.95,85.0,6.8,7.91,76.5,High,
DB_2673_ML,2023CS1512,Lavanya Tomar,3,195.9,3.4,13.75,85.0,7.1,7.91,76.2,High,
DB_2674_DS,2024IT1513,Chhavi Pillai,10,220.9,5.27,12.35,85.0,4.6,5.19,57.0,Medium,
DB_2674_PY,2024IT1513,Chhavi Pillai,6,142.7,4.4,11.53,80.0,5.1,5.19,52.1,Medium,
DB_2674_WD,2024IT1513,Chhavi Pillai,8,208.7,5.06,14.03,80.0,5.0,5.19,55.5,Medium,
DB_2674_ML,2024IT1513,Chhavi Pillai,2,156.8,1.8,9.3,70.0,5.0,5.19,47.6,Low,
DB_2675_DS,2025AI1514,Dhruv Tiwari,5,148.8,6.06,14.76,85.0,5.4,5.81,62.1,Medium,
DB_2675_AIML,2025AI1514,Dhruv Tiwari,6,120.5,5.67,19.28,75.0,5.0,5.81,60.0,Medium,
DB_2675_ML,2025AI1514,Dhruv Tiwari,3,186.9,2.3,9.9,90.0,5.1,5.81,55.8,Medium,
DB_2676_PY,2023DS1515,Ayush Goel,5,116.6,6.34,16.26,85.0,6.2,5.37,65.4,Medium,
DB_2676_CN,2023DS1515,Ayush Goel,8,187.9,6.44,13.3,80.0,5.7,5.37,65.2,Medium,
DB_2676_DSC,2023DS1515,Ayush Goel,11,291.4,5.64,14.55,75.0,6.1,5.37,60.1,Medium,
DB_2677_DSC,2024EC1516,Umesh Chatterjee,15,399.8,8.44,28.58,95.0,8.1,8.77,87.5,High,
DB_2677_AIML,2024EC1516,Umesh Chatterjee,6,113.6,8.92,40.77,95.0,8.8,8.77,92.0,High,
DB_2678_DS,2025EE1517,Bhupendra Shukla,7,238.1,6.4,25.93,90.0,6.6,6.85,72.6,Medium,
DB_2678_PY,2025EE1517,Bhupendra Shukla,7,210.9,7.8,19.3,75.0,7.1,6.85,74.5,Medium,
DB_2678_DSC,2025EE1517,Bhupendra Shukla,6,170.4,6.96,14.2,80.0,6.5,6.85,74.4,Medium,
DB_2678_AIML,2025EE1517,Bhupendra Shukla,7,170.6,6.93,26.95,80.0,6.9,6.85,70.3,Medium,
DB_2679_DS,2023ME1518,Meera Awasthi,3,78.5,5.1,12.93,80.0,5.1,5.98,59.5,Medium,
DB_2679_DSC,2023ME1518,Meera Awasthi,1,41.1,5.6,18.07,80.0,5.0,5.98,60.7,Medium,
DB_2680_DS,2024CE1519,Aarti D'Souza,16,396.0,8.47,21.27,90.0,8.7,8.04,84.0,High,
DB_2680_ML,2024CE1519,Aarti D'Souza,3,202.4,3.9,17.3,85.0,7.9,8.04,84.7,High,
DB_2681_CN,2025CS1520,Bhumika Bhat,6,159.4,4.43,14.03,95.0,5.3,5.44,58.8,Medium,
DB_2681_ML,2025CS1520,Bhumika Bhat,2,136.7,2.1,9.0,80.0,4.6,5.44,52.6,Medium,
DB_2682_PY,2023IT1521,Nisha Joseph,7,210.1,6.2,18.88,95.0,5.1,6.49,64.8,Medium,
DB_2682_WD,2023IT1521,Nisha Joseph,4,199.2,4.93,16.86,80.0,5.4,6.49,60.9,Medium,
DB_2682_DSC,2023IT1521,Nisha Joseph,7,211.1,5.1,17.2,85.0,5.7,6.49,62.6,Medium,
DB_2682_AIML,2023IT1521,Nisha Joseph,4,94.4,6.33,27.37,90.0,5.7,6.49,65.7,Medium,
DB_2683_AIML,2024AI1522,Kailash Duggal,12,236.8,7.5,32.81,95.0,7.9,8.19,83.3,High,
DB_2683_ML,2024AI1522,Kailash Duggal,3,198.6,4.3,14.6,95.0,7.1,8.19,82.8,High,
DB_2684_DS,2025DS1523,Vishal Choudhury,12,277.3,8.56,25.83,95.0,8.3,9.07,84.9,High,
DB_2684_AIML,2025DS1523,Vishal Choudhury,12,236.5,7.94,35.6,100.0,8.4,9.07,88.6,High,
DB_2685_CN,2023EC1524,Rishabh Kapoor,13,261.4,8.53,23.91,95.0,8.6,9.56,91.3,High,
DB_2685_AIML,2023EC1524,Rishabh Kapoor,14,279.4,8.4,41.15,100.0,9.1,9.56,95.3,High,
DB_2685_ML,2023EC1524,Rishabh Kapoor,3,194.5,5.0,18.25,95.0,8.8,9.56,96.8,High,
DB_2686_PY,2024EE1525,Abhishek Jindal,8,225.9,7.1,16.73,85.0,5.2,6.93,69.7,Medium,
DB_2686_WD,2024EE1525,Abhishek Jindal,9,256.1,6.85,19.12,70.0,6.2,6.93,64.7,Medium,
DB_2686_DSC,2024EE1525,Abhishek Jindal,5,131.6,6.47,20.53,85.0,6.1,6.93,67.9,Medium,
DB_2686_AIML,2024EE1525,Abhishek Jindal,6,109.3,5.7,24.43,90.0,5.4,6.93,64.8,Medium,
DB_2687_DS,2025ME1526,Saloni Bhasin,8,222.0,4.57,15.56,85.0,4.9,5.56,57.9,Medium,
DB_2687_PY,2025ME1526,Saloni Bhasin,8,168.7,5.6,12.42,80.0,5.0,5.56,56.7,Medium,
DB_2687_CN,2025ME1526,Saloni Bhasin,4,131.5,4.96,12.78,70.0,4.7,5.56,53.9,Medium,
DB_2688_DS,2023CE1527,Madhav Mittal,10,228.7,6.8,21.9,90.0,7.5,7.06,75.1,High,
DB_2688_PY,2023CE1527,Madhav Mittal,6,94.9,8.07,22.24,95.0,6.9,7.06,79.1,High,
DB_2688_AIML,2023CE1527,Madhav Mittal,7,128.3,7.73,30.62,95.0,7.3,7.06,79.3,High,
DB_2689_WD,2024CS1528,Ekta Chopra,6,224.8,5.83,20.72,95.0,6.4,6.13,72.9,Medium,
DB_2689_DSC,2024CS1528,Ekta Chopra,10,288.3,6.55,19.6,100.0,6.0,6.13,72.4,Medium,
DB_2690_WD,2025IT1529,Prisha Sanyal,9,176.1,9.44,20.1,90.0,8.0,9.46,87.7,High,
DB_2690_CN,2025IT1529,Prisha Sanyal,6,154.5,8.03,20.94,90.0,7.8,9.46,86.8,High,
DB_2690_DSC,2025IT1529,Prisha Sanyal,7,178.7,7.98,27.12,95.0,8.2,9.46,90.4,High,
DB_2690_AIML,2025IT1529,Prisha Sanyal,6,128.1,9.01,34.5,95.0,8.4,9.46,88.3,High,
DB_2691_WD,2023AI1530,Sonam Tiwari,11,323.8,8.26,24.86,100.0,7.2,8.15,82.1,High,
DB_2691_DSC,2023AI1530,Sonam Tiwari,10,276.4,6.3,29.7,95.0,8.0,8.15,83.9,High,
DB_2691_AIML,2023AI1530,Sonam Tiwari,5,116.2,7.97,31.17,90.0,7.1,8.15,82.4,High,
DB_2692_DS,2024DS1531,Vivek Ganguly,9,267.6,6.16,17.2,95.0,6.3,5.68,67.3,Medium,
DB_2692_CN,2024DS1531,Vivek Ganguly,4,97.0,5.07,18.21,65.0,6.3,5.68,66.1,Medium,
DB_2692_DSC,2024DS1531,Vivek Ganguly,5,148.8,6.6,14.3,80.0,6.2,5.68,62.9,Medium,
DB_2692_AIML,2024DS1531,Vivek Ganguly,9,203.5,6.5,24.59,90.0,6.5,5.68,67.5,Medium,
DB_2693_CN,2025EC1532,Ajay Shukla,6,109.8,7.77,18.03,95.0,7.5,8.47,87.8,High,
DB_2693_DSC,2025EC1532,Ajay Shukla,7,195.6,7.84,26.26,90.0,7.7,8.47,81.7,High,
DB_2693_AIML,2025EC1532,Ajay Shukla,7,177.2,8.2,29.55,95.0,8.2,8.47,83.9,High,
DB_2693_ML,2025EC1532,Ajay Shukla,3,188.1,4.0,18.6,95.0,7.6,8.47,87.5,High,
DB_2694_DSC,2023EE1533,Upasana Lamba,14,353.5,6.8,26.8,85.0,7.3,6.99,72.7,Medium,
DB_2694_AIML,2023EE1533,Upasana Lamba,9,177.1,6.83,28.05,85.0,7.3,6.99,73.2,Medium,
DB_2695_DS,2024ME1534,Esha Joshi,19,448.3,9.27,29.4,95.0,8.5,9.27,90.6,High,
DB_2695_WD,2024ME1534,Esha Joshi,7,139.7,8.7,21.9,95.0,8.8,9.27,90.1,High,
DB_2695_CN,2024ME1534,Esha Joshi,11,161.3,7.87,21.6,100.0,9.2,9.27,97.1,High,
DB_2695_AIML,2024ME1534,Esha Joshi,4,81.9,9.36,33.27,90.0,9.0,9.27,91.2,High,
DB_2696_DS,2025CE1535,Simran Garg,4,101.0,5.37,15.23,70.0,5.1,5.34,58.3,Medium,
DB_2696_PY,2025CE1535,Simran Garg,6,132.9,5.2,14.0,80.0,5.0,5.34,56.5,Medium,
DB_2696_AIML,2025CE1535,Simran Garg,2,64.6,4.97,18.3,80.0,4.4,5.34,54.8,Medium,
DB_2696_ML,2025CE1535,Simran Garg,2,157.0,2.2,10.45,75.0,4.6,5.34,53.2,Medium,
DB_2697_WD,2023CS1536,Mansi Awasthi,13,332.9,7.47,22.91,90.0,7.1,7.45,76.9,High,
DB_2697_CN,2023CS1536,Mansi Awasthi,8,201.4,6.7,17.71,90.0,6.9,7.45,74.0,Medium,
DB_2698_PY,2024IT1537,Gautam Iyer,9,198.2,7.4,18.41,95.0,7.3,8.31,81.1,High,
DB_2698_ML,2024IT1537,Gautam Iyer,2,152.3,3.9,16.6,90.0,7.4,8.31,80.3,High,
DB_2699_WD,2025AI1538,Vandana Mishra,6,160.9,4.7,15.1,80.0,6.0,5.52,62.6,Medium,
DB_2699_CN,2025AI1538,Vandana Mishra,8,173.8,5.22,15.39,70.0,5.3,5.52,59.4,Medium,
DB_2699_DSC,2025AI1538,Vandana Mishra,11,333.5,5.73,20.54,85.0,5.2,5.52,66.7,Medium,
DB_2699_AIML,2025AI1538,Vandana Mishra,5,127.1,5.75,22.0,65.0,5.8,5.52,55.4,Medium,
DB_2700_WD,2023DS1539,Dhruv Chopra,4,167.9,5.39,17.46,95.0,5.1,5.35,66.2,Medium,
DB_2700_DSC,2023DS1539,Dhruv Chopra,6,176.1,5.58,19.87,80.0,5.0,5.35,64.9,Medium,
DB_2701_WD,2024EC1540,Pooja Dutta,11,317.2,7.8,23.91,90.0,6.8,6.68,75.6,High,
DB_2701_CN,2024EC1540,Pooja Dutta,11,262.9,7.55,19.07,85.0,6.8,6.68,73.6,Medium,
DB_2702_PY,2025EE1541,Komal Anand,11,226.0,7.2,23.3,85.0,7.3,7.04,74.6,Medium,
DB_2702_WD,2025EE1541,Komal Anand,6,111.5,7.2,23.33,80.0,6.4,7.04,76.1,High,
DB_2702_CN,2025EE1541,Komal Anand,7,154.8,7.05,20.25,95.0,6.5,7.04,75.1,High,
DB_2702_AIML,2025EE1541,Komal Anand,7,148.1,7.37,30.51,90.0,7.0,7.04,79.7,High,
DB_2703_PY,2023ME1542,Manish Mukherjee,11,249.5,8.23,22.94,95.0,7.1,8.36,83.2,High,
DB_2703_CN,2023ME1542,Manish Mukherjee,5,142.7,7.18,20.54,90.0,6.9,8.36,81.7,High,
DB_2704_DS,2024CE1543,Lalit Grover,5,105.7,7.58,17.4,80.0,7.1,7.89,74.8,Medium,
DB_2704_CN,2024CE1543,Lalit Grover,6,98.0,8.1,23.57,100.0,7.1,7.89,80.4,High,
DB_2704_ML,2024CE1543,Lalit Grover,2,168.2,4.0,15.1,90.0,7.9,7.89,80.1,High,
DB_2705_PY,2025CS1544,Pari Mishra,7,160.2,9.8,26.54,100.0,9.3,9.4,98.0,High,
DB_2705_DSC,2025CS1544,Pari Mishra,13,275.1,8.78,32.16,90.0,9.6,9.4,92.1,High,
DB_2705_AIML,2025CS1544,Pari Mishra,11,211.2,9.45,32.2,95.0,9.0,9.4,92.2,High,
DB_2705_ML,2025CS1544,Pari Mishra,2,187.3,5.0,20.0,100.0,9.8,9.4,98.0,High,
DB_2706_DS,2023IT1545,Geeta Roy,20,375.9,8.9,22.33,95.0,8.9,8.84,91.8,High,
DB_2706_WD,2023IT1545,Geeta Roy,11,216.5,9.05,24.83,95.0,8.7,8.84,89.5,High,
DB_2706_DSC,2023IT1545,Geeta Roy,11,271.5,8.6,28.6,95.0,8.9,8.84,88.4,High,
DB_2707_PY,2024AI1546,Jaya Tandon,6,190.8,5.42,12.0,95.0,5.6,5.72,66.1,Medium,
DB_2707_WD,2024AI1546,Jaya Tandon,8,214.5,6.3,15.04,75.0,4.8,5.72,61.0,Medium,
DB_2707_AIML,2024AI1546,Jaya Tandon,10,186.7,4.7,20.23,95.0,5.6,5.72,59.3,Medium,
DB_2707_ML,2024AI1546,Jaya Tandon,2,182.7,3.2,10.65,90.0,5.2,5.72,64.2,Medium,
DB_2708_PY,2025DS1547,Navya Mehta,12,227.2,7.62,20.25,85.0,7.1,7.22,74.8,Medium,
DB_2708_CN,2025DS1547,Navya Mehta,8,182.6,6.74,13.25,95.0,7.1,7.22,76.3,High,
DB_2708_DSC,2025DS1547,Navya Mehta,12,339.9,7.23,26.3,85.0,7.0,7.22,73.4,Medium,
DB_2708_ML,2025DS1547,Navya Mehta,3,190.4,4.1,15.9,90.0,7.4,7.22,81.2,High,
DB_2709_DS,2023EC1548,Neha Garg,14,393.6,8.8,27.7,95.0,8.6,8.78,88.1,High,
DB_2709_PY,2023EC1548,Neha Garg,14,309.3,8.43,35.15,100.0,8.5,8.78,89.8,High,
DB_2709_WD,2023EC1548,Neha Garg,9,217.1,8.3,27.89,95.0,8.8,8.78,91.0,High,
DB_2710_WD,2024EE1549,Karishma Reddy,11,355.1,7.7,26.4,100.0,8.4,8.85,89.6,High,
DB_2710_CN,2024EE1549,Karishma Reddy,9,182.9,8.8,25.8,100.0,8.5,8.85,90.0,High,
DB_2710_DSC,2024EE1549,Karishma Reddy,15,352.4,8.02,35.15,95.0,8.6,8.85,85.2,High,
DB_2710_AIML,2024EE1549,Karishma Reddy,12,232.7,9.12,25.6,95.0,8.9,8.85,89.6,High,
DB_2711_PY,2025ME1550,Myra Deshmukh,12,234.6,6.49,12.95,80.0,6.6,6.19,68.4,Medium,
DB_2711_ML,2025ME1550,Myra Deshmukh,2,178.3,3.6,12.1,90.0,5.6,6.19,69.3,Medium,
DB_2712_WD,2023CE1551,Swati Mittal,6,149.0,5.35,17.27,85.0,5.5,5.36,63.1,Medium,
DB_2712_CN,2023CE1551,Swati Mittal,4,75.3,5.36,15.07,95.0,5.6,5.36,62.0,Medium,
DB_2712_DSC,2023CE1551,Swati Mittal,4,155.6,6.1,19.28,65.0,5.6,5.36,61.9,Medium,
DB_2713_WD,2024CS1552,Myra Kohli,6,187.3,8.1,32.17,100.0,9.9,9.76,95.1,High,
DB_2713_DSC,2024CS1552,Myra Kohli,17,424.1,7.45,31.2,100.0,9.6,9.76,95.0,High,
DB_2714_DS,2025IT1553,Aryan Dhawan,5,100.1,6.36,17.0,95.0,5.8,6.05,66.7,Medium,
DB_2714_CN,2025IT1553,Aryan Dhawan,5,121.2,5.4,15.79,80.0,6.4,6.05,63.2,Medium,
DB_2715_WD,2023AI1554,Ira Dubey,10,262.3,9.4,29.9,100.0,9.1,9.71,92.4,High,
DB_2715_DSC,2023AI1554,Ira Dubey,5,101.0,8.19,30.05,95.0,8.4,9.71,88.8,High,
DB_2715_ML,2023AI1554,Ira Dubey,3,197.5,4.5,17.1,95.0,8.7,9.71,90.1,High,
DB_2716_PY,2024DS1555,Juhi D'Souza,16,307.1,9.5,23.78,95.0,7.6,8.82,86.7,High,
DB_2716_DSC,2024DS1555,Juhi D'Souza,8,140.6,7.67,24.98,90.0,7.9,8.82,82.5,High,
DB_2716_AIML,2024DS1555,Juhi D'Souza,8,176.4,7.74,28.9,95.0,8.3,8.82,87.2,High,
DB_2716_ML,2024DS1555,Juhi D'Souza,3,195.9,4.1,18.4,95.0,8.4,8.82,90.3,High,
DB_2717_PY,2025EC1556,Leena Gupta,4,60.4,4.7,9.72,60.0,3.7,5.34,46.4,Low,
DB_2717_CN,2025EC1556,Leena Gupta,6,178.7,3.98,10.37,85.0,4.1,5.34,50.7,Medium,
DB_2717_DSC,2025EC1556,Leena Gupta,5,170.1,3.64,13.12,80.0,4.2,5.34,52.3,Medium,
DB_2717_ML,2025EC1556,Leena Gupta,1,144.4,2.4,7.0,70.0,4.4,5.34,48.3,Low,
DB_2718_DS,2023EE1557,Vaibhav Nambiar,12,292.4,10.0,32.08,95.0,9.1,9.65,96.9,High,
DB_2718_PY,2023EE1557,Vaibhav Nambiar,21,431.2,9.75,27.23,90.0,9.6,9.65,96.2,High,
DB_2719_PY,2024ME1558,Mamta Sharma,12,309.2,6.04,16.67,80.0,6.6,6.81,66.0,Medium,
DB_2719_WD,2024ME1558,Mamta Sharma,9,230.9,6.22,18.13,80.0,5.9,6.81,64.0,Medium,
DB_2719_AIML,2024ME1558,Mamta Sharma,4,95.6,6.3,26.7,85.0,6.2,6.81,71.4,Medium,
DB_2719_ML,2024ME1558,Mamta Sharma,2,174.5,3.1,13.0,85.0,6.2,6.81,68.9,Medium,
DB_2720_DS,2025CE1559,Radhika Bose,4,83.5,5.45,19.07,80.0,6.0,6.13,59.5,Medium,
DB_2720_WD,2025CE1559,Radhika Bose,5,88.6,5.38,15.72,70.0,5.7,6.13,58.7,Medium,
DB_2720_AIML,2025CE1559,Radhika Bose,8,157.2,6.27,23.83,90.0,5.5,6.13,67.3,Medium,
DB_2721_PY,2023CS1560,Sakshi Iyer,11,250.2,6.38,16.64,65.0,5.8,6.7,59.9,Medium,
DB_2721_WD,2023CS1560,Sakshi Iyer,10,274.4,6.05,17.68,85.0,6.2,6.7,69.4,Medium,
DB_2721_DSC,2023CS1560,Sakshi Iyer,9,173.0,6.05,19.35,95.0,6.1,6.7,64.8,Medium,
DB_2721_AIML,2023CS1560,Sakshi Iyer,4,94.9,6.3,26.32,90.0,6.0,6.7,68.5,Medium,
DB_2722_PY,2024IT1561,Atharva Bansal,7,168.8,8.05,22.3,90.0,7.7,8.24,80.2,High,
DB_2722_CN,2024IT1561,Atharva Bansal,8,142.0,6.1,20.97,90.0,7.5,8.24,78.4,High,
DB_2722_DSC,2024IT1561,Atharva Bansal,10,282.8,6.23,28.13,90.0,8.0,8.24,80.2,High,
DB_2723_WD,2025AI1562,Sumit Pathak,7,205.5,8.57,17.2,100.0,8.9,9.21,89.1,High,
DB_2723_DSC,2025AI1562,Sumit Pathak,15,387.6,8.77,28.97,100.0,8.5,9.21,94.9,High,
DB_2723_AIML,2025AI1562,Sumit Pathak,9,178.2,8.97,36.95,100.0,9.1,9.21,90.8,High,
DB_2724_WD,2023DS1563,Kabir Bajaj,12,248.8,5.67,20.7,95.0,6.6,6.92,73.2,Medium,
DB_2724_ML,2023DS1563,Kabir Bajaj,3,201.9,4.1,16.25,80.0,6.8,6.92,75.4,High,
DB_2725_CN,2024EC1564,Dhruv Nair,6,168.2,3.55,11.6,65.0,4.5,5.15,46.6,Low,
DB_2725_DSC,2024EC1564,Dhruv Nair,6,180.6,4.0,14.4,80.0,4.2,5.15,51.2,Medium,
DB_2726_DSC,2025EE1565,Prisha Singh,9,241.0,7.55,25.45,85.0,7.7,8.05,82.3,High,
DB_2726_ML,2025EE1565,Prisha Singh,2,169.1,4.1,17.5,95.0,7.5,8.05,85.8,High,
DB_2727_DS,2023ME1566,Vijay Bishnoi,20,506.4,8.63,24.93,100.0,8.2,8.43,90.2,High,
DB_2727_DSC,2023ME1566,Vijay Bishnoi,6,107.7,7.7,26.73,100.0,8.6,8.43,86.8,High,
DB_2727_AIML,2023ME1566,Vijay Bishnoi,4,86.5,9.8,35.0,95.0,8.4,8.43,91.7,High,
DB_2727_ML,2023ME1566,Vijay Bishnoi,3,191.3,4.2,16.4,95.0,8.5,8.43,84.7,High,
DB_2728_WD,2024CE1567,Tanmay Ghoshal,9,320.9,5.95,15.2,90.0,6.3,5.66,65.9,Medium,
DB_2728_CN,2024CE1567,Tanmay Ghoshal,7,120.7,6.17,17.44,75.0,6.4,5.66,63.2,Medium,
DB_2728_AIML,2024CE1567,Tanmay Ghoshal,7,154.4,6.9,28.0,95.0,6.6,5.66,69.7,Medium,
DB_2728_ML,2024CE1567,Tanmay Ghoshal,3,204.9,3.4,13.05,95.0,5.9,5.66,67.3,Medium,
DB_2729_CN,2025CS1568,Rishabh Ghoshal,13,293.4,7.4,19.18,85.0,7.3,6.56,74.7,Medium,
DB_2729_DSC,2025CS1568,Rishabh Ghoshal,12,325.6,6.45,26.22,100.0,7.3,6.56,79.3,High,
DB_2729_AIML,2025CS1568,Rishabh Ghoshal,11,220.6,7.43,28.83,70.0,7.4,6.56,74.1,Medium,
DB_2729_ML,2025CS1568,Rishabh Ghoshal,2,179.5,3.3,15.05,90.0,6.9,6.56,71.7,Medium,
DB_2730_PY,2023IT1569,Meenakshi Chaubey,9,239.7,7.39,18.93,90.0,6.6,8.2,79.2,High,
DB_2730_CN,2023IT1569,Meenakshi Chaubey,11,229.4,8.5,18.94,85.0,7.3,8.2,80.2,High,
DB_2730_ML,2023IT1569,Meenakshi Chaubey,2,165.9,3.3,12.7,85.0,7.3,8.2,74.7,Medium,
DB_2731_DS,2024AI1570,Shilpa Mittal,5,124.9,8.7,19.94,100.0,8.5,8.37,87.2,High,
DB_2731_CN,2024AI1570,Shilpa Mittal,9,182.7,7.12,22.38,95.0,8.5,8.37,86.1,High,
DB_2732_WD,2025DS1571,Madhav Maurya,6,134.5,4.23,18.55,80.0,5.0,5.77,55.8,Medium,
DB_2732_DSC,2025DS1571,Madhav Maurya,7,142.6,4.16,17.96,70.0,4.9,5.77,53.7,Medium,
DB_2733_DSC,2023EC1572,Saanvi Maurya,15,387.1,8.4,26.77,90.0,7.5,7.65,84.6,High,
DB_2733_ML,2023EC1572,Saanvi Maurya,3,201.0,4.3,16.65,100.0,8.4,7.65,89.1,High,
DB_2734_WD,2024EE1573,Neeraj Joshi,14,353.0,6.75,25.9,95.0,8.0,9.18,87.5,High,
DB_2734_AIML,2024EE1573,Neeraj Joshi,14,285.4,8.18,35.07,95.0,8.0,9.18,86.3,High,
DB_2734_ML,2024EE1573,Neeraj Joshi,3,192.9,4.2,16.2,95.0,7.8,9.18,83.8,High,
DB_2735_PY,2025ME1574,Geeta Pandey,6,77.7,7.22,18.71,90.0,6.9,6.55,76.2,High,
DB_2735_AIML,2025ME1574,Geeta Pandey,4,83.8,7.33,36.65,70.0,6.2,6.55,69.7,Medium,
DB_2736_DS,2023CE1575,Muskan Kulkarni,10,267.9,6.99,20.98,100.0,6.2,5.87,74.2,Medium,
DB_2736_WD,2023CE1575,Muskan Kulkarni,8,153.3,5.4,17.1,85.0,6.6,5.87,64.9,Medium,
DB_2736_CN,2023CE1575,Muskan Kulkarni,6,95.0,5.97,20.54,80.0,6.9,5.87,73.2,Medium,
DB_2736_DSC,2023CE1575,Muskan Kulkarni,6,190.2,6.2,16.8,75.0,6.1,5.87,62.9,Medium,
DB_2737_PY,2024CS1576,Lavanya Rathore,13,229.9,5.85,19.03,85.0,5.2,5.29,62.4,Medium,
DB_2737_WD,2024CS1576,Lavanya Rathore,8,170.7,5.53,20.35,90.0,5.0,5.29,65.1,Medium,
DB_2737_CN,2024CS1576,Lavanya Rathore,6,132.0,5.72,13.74,75.0,5.1,5.29,59.6,Medium,
DB_2738_AIML,2025IT1577,Ayush Ghosh,7,160.7,8.0,26.04,100.0,7.1,7.26,76.1,High,
DB_2738_ML,2025IT1577,Ayush Ghosh,2,155.7,4.0,14.3,90.0,6.7,7.26,79.7,High,
DB_2739_DS,2023AI1578,Sonam Jangid,17,400.6,9.08,22.82,95.0,9.3,8.64,90.5,High,
DB_2739_PY,2023AI1578,Sonam Jangid,13,295.0,9.4,23.96,90.0,9.0,8.64,92.6,High,
DB_2739_DSC,2023AI1578,Sonam Jangid,13,320.0,8.08,29.88,100.0,9.3,8.64,90.9,High,
DB_2739_ML,2023AI1578,Sonam Jangid,2,165.1,5.0,19.6,95.0,8.6,8.64,92.8,High,
DB_2740_DS,2024DS1579,Mansi Deshmukh,11,249.7,8.34,25.3,95.0,7.9,9.51,88.6,High,
DB_2740_WD,2024DS1579,Mansi Deshmukh,9,188.0,7.71,27.05,90.0,8.1,9.51,86.0,High,
DB_2740_AIML,2024DS1579,Mansi Deshmukh,6,119.6,9.43,36.97,95.0,8.1,9.51,90.4,High,
DB_2741_DS,2025EC1580,Madhuri Choudhury,12,242.1,7.8,26.63,95.0,8.8,8.47,86.9,High,
DB_2741_WD,2025EC1580,Madhuri Choudhury,7,142.2,8.3,18.4,95.0,8.9,8.47,86.3,High,
DB_2741_DSC,2025EC1580,Madhuri Choudhury,16,346.7,9.35,29.66,95.0,8.0,8.47,89.7,High,
DB_2741_AIML,2025EC1580,Madhuri Choudhury,10,238.0,8.55,35.48,80.0,8.1,8.47,82.8,High,
DB_2742_DS,2023EE1581,Aarav Sanyal,11,221.2,5.25,19.3,90.0,6.0,5.36,67.6,Medium,
DB_2742_PY,2023EE1581,Aarav Sanyal,10,246.4,6.05,14.4,75.0,5.8,5.36,59.2,Medium,
DB_2742_CN,2023EE1581,Aarav Sanyal,7,139.1,5.35,17.8,75.0,5.3,5.36,63.0,Medium,
DB_2743_DS,2024ME1582,Sai Fernandes,12,257.9,5.7,16.77,90.0,6.1,5.03,63.2,Medium,
DB_2743_WD,2024ME1582,Sai Fernandes,10,292.3,5.26,21.4,80.0,5.5,5.03,58.4,Medium,
DB_2743_AIML,2024ME1582,Sai Fernandes,3,58.5,5.55,24.39,95.0,5.9,5.03,66.1,Medium,
DB_2743_ML,2024ME1582,Sai Fernandes,3,195.6,3.6,13.2,90.0,5.6,5.03,68.2,Medium,
DB_2744_CN,2025CE1583,Ira Dubey,8,180.4,6.63,21.74,90.0,7.0,8.47,77.2,High,
DB_2744_DSC,2025CE1583,Ira Dubey,4,155.3,6.3,25.04,95.0,7.5,8.47,80.2,High,
DB_2745_DS,2023CS1584,Kanika Bajaj,11,301.0,5.41,16.27,75.0,5.7,5.14,61.2,Medium,
DB_2745_PY,2023CS1584,Kanika Bajaj,9,191.3,5.05,9.45,85.0,5.7,5.14,56.0,Medium,
DB_2745_AIML,2023CS1584,Kanika Bajaj,6,146.4,6.6,26.0,75.0,5.5,5.14,65.2,Medium,
DB_2746_DS,2024IT1585,Kapil Anand,6,97.5,8.27,27.17,90.0,8.0,8.22,87.1,High,
DB_2746_WD,2024IT1585,Kapil Anand,5,141.4,7.71,26.74,95.0,8.6,8.22,90.1,High,
DB_2747_PY,2025AI1586,Parag Chakraborty,10,251.1,5.3,13.4,90.0,4.4,5.37,57.0,Medium,
DB_2747_DSC,2025AI1586,Parag Chakraborty,5,124.6,3.79,13.82,75.0,4.2,5.37,50.0,Medium,
DB_2747_AIML,2025AI1586,Parag Chakraborty,3,80.9,4.0,14.0,75.0,4.4,5.37,52.3,Medium,
DB_2748_DS,2023DS1587,Ajay Jindal,3,78.7,4.8,15.2,90.0,4.8,5.24,57.1,Medium,
DB_2748_WD,2023DS1587,Ajay Jindal,9,247.1,5.5,14.65,100.0,4.7,5.24,63.4,Medium,
DB_2748_AIML,2023DS1587,Ajay Jindal,2,84.7,4.79,16.25,90.0,4.7,5.24,53.7,Medium,
DB_2748_ML,2023DS1587,Ajay Jindal,2,150.1,2.4,10.55,95.0,5.0,5.24,60.1,Medium,
DB_2749_CN,2024EC1588,Sumit Banerjee,8,229.8,7.97,23.38,95.0,7.3,7.9,87.6,High,
DB_2749_AIML,2024EC1588,Sumit Banerjee,9,190.8,8.85,29.9,85.0,7.7,7.9,82.9,High,
DB_2749_ML,2024EC1588,Sumit Banerjee,2,167.8,4.5,16.3,85.0,8.0,7.9,81.8,High,
DB_2750_DS,2025EE1589,Santosh Sen,6,216.0,6.9,20.0,95.0,7.0,6.54,75.7,High,
DB_2750_WD,2025EE1589,Santosh Sen,8,268.5,6.12,22.47,100.0,7.0,6.54,78.0,High,
DB_2750_CN,2025EE1589,Santosh Sen,11,248.6,6.73,19.29,85.0,7.0,6.54,75.9,High,
DB_2751_WD,2023ME1590,Leena Ganguly,12,342.0,5.9,19.91,95.0,6.1,5.52,64.4,Medium,
DB_2751_ML,2023ME1590,Leena Ganguly,3,191.6,2.5,10.7,75.0,6.2,5.52,59.2,Medium,
DB_2752_DS,2024CE1591,Gaurav Singh,9,309.1,7.6,21.26,85.0,7.0,6.36,73.6,Medium,
DB_2752_CN,2024CE1591,Gaurav Singh,10,188.5,6.0,20.21,85.0,6.4,6.36,71.0,Medium,
DB_2752_AIML,2024CE1591,Gaurav Singh,9,180.0,6.92,30.91,80.0,7.0,6.36,72.3,Medium,
DB_2752_ML,2024CE1591,Gaurav Singh,3,184.2,3.5,15.4,95.0,6.5,6.36,74.7,Medium,
DB_2753_PY,2025CS1592,Karishma Pandey,6,139.3,6.93,17.15,75.0,6.0,6.41,64.3,Medium,
DB_2753_AIML,2025CS1592,Karishma Pandey,3,74.1,6.5,27.8,65.0,5.5,6.41,61.1,Medium,
DB_2754_WD,2023IT1593,Jagdish Duggal,12,221.1,8.75,28.98,100.0,10.0,9.6,98.0,High,
DB_2754_AIML,2023IT1593,Jagdish Duggal,7,137.5,10.0,40.0,100.0,9.9,9.6,98.0,High,
DB_2755_DS,2024AI1594,Zoya Gupta,8,189.5,6.4,19.35,85.0,6.4,7.47,67.7,Medium,
DB_2755_DSC,2024AI1594,Zoya Gupta,11,237.3,6.2,20.37,90.0,6.3,7.47,67.9,Medium,
DB_2756_PY,2025DS1595,Sanjay Roy,4,92.5,8.8,22.23,90.0,8.3,9.17,86.8,High,
DB_2756_ML,2025DS1595,Sanjay Roy,3,194.5,4.5,16.8,95.0,7.9,9.17,86.9,High,
DB_2757_DS,2023EC1596,Ritvik Shah,9,310.7,6.3,17.9,95.0,7.7,7.8,77.8,High,
DB_2757_WD,2023EC1596,Ritvik Shah,8,146.0,6.5,21.6,95.0,7.5,7.8,83.6,High,
DB_2757_AIML,2023EC1596,Ritvik Shah,7,144.6,7.81,29.83,95.0,6.8,7.8,81.3,High,
DB_2757_ML,2023EC1596,Ritvik Shah,1,131.7,3.8,14.3,95.0,7.4,7.8,79.8,High,
DB_2758_DS,2024EE1597,Shweta Singh,13,378.8,5.91,24.57,65.0,6.5,7.05,62.2,Medium,
DB_2758_CN,2024EE1597,Shweta Singh,4,115.8,6.26,17.36,90.0,6.1,7.05,71.5,Medium,
DB_2758_DSC,2024EE1597,Shweta Singh,6,115.4,6.0,18.85,95.0,5.8,7.05,67.8,Medium,
DB_2758_AIML,2024EE1597,Shweta Singh,7,154.5,6.3,28.93,70.0,5.9,7.05,67.3,Medium,
DB_2759_DSC,2025ME1598,Saanvi Lamba,8,256.4,8.2,25.92,90.0,7.4,7.24,81.3,High,
DB_2759_ML,2025ME1598,Saanvi Lamba,2,176.4,3.6,14.7,75.0,7.3,7.24,70.4,Medium,
DB_2760_CN,2023CE1599,Kavita Awasthi,13,256.3,7.67,20.15,95.0,8.4,7.92,85.8,High,
DB_2760_AIML,2023CE1599,Kavita Awasthi,9,183.0,9.47,23.3,85.0,7.6,7.92,85.9,High,
DB_2760_ML,2023CE1599,Kavita Awasthi,2,156.0,3.9,16.2,100.0,7.9,7.92,82.0,High,
DB_2761_PY,2024CS1600,Advait Menon,8,193.6,8.5,18.8,95.0,8.3,9.7,88.3,High,
DB_2761_CN,2024CS1600,Advait Menon,5,118.5,7.87,22.1,90.0,8.6,9.7,88.4,High,
DB_2761_DSC,2024CS1600,Advait Menon,14,251.2,8.9,25.7,95.0,8.7,9.7,92.8,High,
DB_2761_AIML,2024CS1600,Advait Menon,8,165.2,9.31,33.65,95.0,8.5,9.7,90.6,High,
DB_2762_WD,2025IT1601,Priyanka Kumar,10,241.7,5.5,16.19,85.0,5.1,5.63,63.0,Medium,
DB_2762_CN,2025IT1601,Priyanka Kumar,6,169.4,4.86,14.84,80.0,5.6,5.63,61.8,Medium,
DB_2763_WD,2023AI1602,Vikas Singhal,14,391.9,7.5,23.33,85.0,7.2,7.64,78.4,High,
DB_2763_CN,2023AI1602,Vikas Singhal,13,248.3,7.31,17.86,90.0,7.9,7.64,78.9,High,
DB_2763_DSC,2023AI1602,Vikas Singhal,5,109.7,6.9,23.82,95.0,7.1,7.64,75.9,High,
DB_2764_DS,2024DS1603,Rajesh Bajaj,12,275.8,8.6,25.47,90.0,7.4,8.47,82.2,High,
DB_2764_DSC,2024DS1603,Rajesh Bajaj,6,114.2,7.99,27.77,90.0,7.4,8.47,79.4,High,
DB_2764_AIML,2024DS1603,Rajesh Bajaj,12,245.0,8.46,36.6,85.0,7.2,8.47,82.3,High,
DB_2765_WD,2025EC1604,Vivek Sanyal,8,247.8,7.7,20.65,95.0,6.9,7.61,79.4,High,
DB_2765_AIML,2025EC1604,Vivek Sanyal,9,180.1,8.08,30.48,70.0,7.3,7.61,74.3,Medium,
DB_2766_WD,2023EE1605,Barkha Reddy,4,133.2,5.9,18.6,80.0,6.1,6.86,63.6,Medium,
DB_2766_CN,2023EE1605,Barkha Reddy,6,105.6,5.92,16.09,90.0,5.8,6.86,70.3,Medium,
DB_2767_DS,2024ME1606,Mohit Arora,17,407.7,9.3,29.6,95.0,8.5,8.69,88.7,High,
DB_2767_AIML,2024ME1606,Mohit Arora,10,202.4,7.8,33.48,95.0,8.2,8.69,83.1,High,
DB_2768_WD,2025CE1607,Sandesh Chakraborty,7,213.1,5.47,17.61,90.0,5.4,6.9,64.6,Medium,
DB_2768_CN,2025CE1607,Sandesh Chakraborty,5,119.9,5.9,13.22,80.0,5.3,6.9,65.7,Medium,
DB_2768_AIML,2025CE1607,Sandesh Chakraborty,5,102.5,5.91,23.26,90.0,6.2,6.9,67.4,Medium,
DB_2768_ML,2025CE1607,Sandesh Chakraborty,3,198.8,2.6,11.35,85.0,6.2,6.9,60.6,Medium,
DB_2769_PY,2023CS1608,Lata Chaubey,13,228.8,8.56,24.62,95.0,8.3,8.36,91.0,High,
DB_2769_AIML,2023CS1608,Lata Chaubey,9,174.8,8.49,40.6,90.0,8.1,8.36,87.8,High,
DB_2769_ML,2023CS1608,Lata Chaubey,3,194.4,4.7,18.3,95.0,8.3,8.36,89.6,High,
DB_2770_PY,2024IT1609,Garima Lobo,5,69.1,9.05,18.1,90.0,8.1,8.08,87.1,High,
DB_2770_WD,2024IT1609,Garima Lobo,10,227.4,8.1,22.37,85.0,7.7,8.08,81.6,High,
DB_2770_CN,2024IT1609,Garima Lobo,10,218.3,8.3,21.83,95.0,7.8,8.08,84.9,High,
DB_2770_AIML,2024IT1609,Garima Lobo,11,220.1,7.97,33.45,95.0,7.1,8.08,84.3,High,
DB_2771_PY,2025AI1610,Garima Lamba,8,182.8,7.37,20.67,80.0,7.2,7.3,74.1,Medium,
DB_2771_ML,2025AI1610,Garima Lamba,2,158.9,4.3,16.6,75.0,6.4,7.3,80.8,High,
DB_2772_CN,2023DS1611,Aarti Dubey,7,193.8,5.35,14.56,70.0,5.9,6.11,60.3,Medium,
DB_2772_DSC,2023DS1611,Aarti Dubey,9,273.3,5.12,12.9,80.0,5.6,6.11,58.7,Medium,
DB_2772_AIML,2023DS1611,Aarti Dubey,5,124.8,5.78,26.21,85.0,6.0,6.11,65.2,Medium,
DB_2772_ML,2023DS1611,Aarti Dubey,3,199.5,2.3,12.9,85.0,5.1,6.11,64.9,Medium,
DB_2773_WD,2024EC1612,Mamta Pinto,7,232.4,6.55,18.73,85.0,6.0,6.74,66.4,Medium,
DB_2773_ML,2024EC1612,Mamta Pinto,3,205.9,3.5,12.05,85.0,5.5,6.74,69.4,Medium,
DB_2774_PY,2025EE1613,Ravi Fernandes,8,140.2,9.44,27.62,100.0,9.8,9.37,96.7,High,
DB_2774_WD,2025EE1613,Ravi Fernandes,17,431.9,9.8,26.85,95.0,10.0,9.37,94.2,High,
DB_2775_DS,2023ME1614,Alok Pandey,8,291.5,5.88,17.46,90.0,5.1,5.29,61.9,Medium,
DB_2775_CN,2023ME1614,Alok Pandey,4,112.4,5.27,13.64,85.0,4.9,5.29,57.9,Medium,
DB_2776_DS,2024CE1615,Divya Choudhury,9,239.4,8.32,24.75,95.0,7.6,7.63,80.7,High,
DB_2776_PY,2024CE1615,Divya Choudhury,11,259.9,8.34,26.43,95.0,7.7,7.63,86.1,High,
DB_2776_DSC,2024CE1615,Divya Choudhury,10,265.0,7.79,32.73,100.0,7.5,7.63,81.4,High,
DB_2777_PY,2025CS1616,Devendra Fernandes,5,132.3,5.32,15.37,90.0,4.8,5.11,57.9,Medium,
DB_2777_WD,2025CS1616,Devendra Fernandes,7,188.8,5.11,14.97,85.0,5.5,5.11,57.3,Medium,
DB_2777_CN,2025CS1616,Devendra Fernandes,5,138.9,4.6,14.16,90.0,4.9,5.11,59.4,Medium,
DB_2777_ML,2025CS1616,Devendra Fernandes,2,147.0,3.4,11.2,80.0,5.4,5.11,61.2,Medium,
DB_2778_PY,2023IT1617,Santosh Reddy,6,125.8,6.34,15.18,100.0,5.8,5.2,65.1,Medium,
DB_2778_CN,2023IT1617,Santosh Reddy,5,120.7,5.25,10.87,100.0,5.6,5.2,62.7,Medium,
DB_2778_ML,2023IT1617,Santosh Reddy,1,103.2,3.2,11.95,95.0,5.4,5.2,65.3,Medium,
DB_2779_CN,2024AI1618,Chetna Ahuja,9,202.9,6.1,21.0,90.0,6.4,6.77,71.1,Medium,
DB_2779_AIML,2024AI1618,Chetna Ahuja,7,180.7,5.94,27.13,90.0,6.1,6.77,71.4,Medium,
DB_2779_ML,2024AI1618,Chetna Ahuja,2,133.2,3.8,13.5,80.0,5.8,6.77,71.5,Medium,
DB_2780_DS,2025DS1619,Ojaswi Ghosh,12,237.2,7.47,23.6,85.0,6.6,6.45,76.1,High,
DB_2780_CN,2025DS1619,Ojaswi Ghosh,10,199.4,6.6,20.87,85.0,7.2,6.45,69.8,Medium,
DB_2781_WD,2023EC1620,Pragya Dubey,8,230.3,6.22,18.91,80.0,6.1,6.56,66.8,Medium,
DB_2781_DSC,2023EC1620,Pragya Dubey,7,131.9,7.5,19.47,100.0,6.7,6.56,77.6,High,
DB_2781_ML,2023EC1620,Pragya Dubey,2,132.3,3.2,12.55,90.0,6.2,6.56,68.0,Medium,
DB_2782_WD,2024EE1621,Lokesh Dhawan,6,121.0,5.91,21.15,95.0,6.2,7.48,71.5,Medium,
DB_2782_CN,2024EE1621,Lokesh Dhawan,10,204.0,6.95,18.42,95.0,6.9,7.48,75.2,High,
DB_2782_DSC,2024EE1621,Lokesh Dhawan,9,183.9,6.05,21.44,95.0,6.2,7.48,71.4,Medium,
DB_2783_WD,2025ME1622,Kavya Rao,7,262.1,4.62,13.52,90.0,4.3,5.04,53.9,Medium,
DB_2783_CN,2025ME1622,Kavya Rao,6,157.8,3.3,6.7,70.0,4.3,5.04,46.5,Low,
DB_2783_AIML,2025ME1622,Kavya Rao,6,130.7,4.26,20.7,80.0,4.2,5.04,51.3,Medium,
DB_2784_PY,2023CE1623,Sumit Sood,8,142.4,5.3,13.77,80.0,5.1,5.73,59.9,Medium,
DB_2784_WD,2023CE1623,Sumit Sood,5,111.9,4.75,14.9,90.0,4.9,5.73,59.1,Medium,
DB_2785_DS,2024CS1624,Urvashi Maurya,9,240.1,8.78,23.29,95.0,7.4,8.71,83.9,High,
DB_2785_PY,2024CS1624,Urvashi Maurya,6,136.6,9.1,19.23,100.0,7.9,8.71,85.8,High,
DB_2785_CN,2024CS1624,Urvashi Maurya,5,87.1,8.18,20.28,90.0,8.2,8.71,83.2,High,
DB_2785_ML,2024CS1624,Urvashi Maurya,2,174.4,3.6,16.55,95.0,7.3,8.71,80.9,High,
DB_2786_WD,2025IT1625,Esha Batra,5,97.9,5.5,19.66,95.0,5.5,5.2,67.1,Medium,
DB_2786_ML,2025IT1625,Esha Batra,2,178.9,3.3,12.9,90.0,5.3,5.2,64.2,Medium,
DB_2787_DS,2023AI1626,Harshit Pathak,6,174.6,5.96,18.4,70.0,5.5,5.55,61.2,Medium,
DB_2787_DSC,2023AI1626,Harshit Pathak,5,165.6,5.14,20.9,60.0,5.7,5.55,54.6,Medium,
DB_2788_DS,2024DS1627,Hiten Bishnoi,4,122.4,6.03,20.03,90.0,5.9,5.34,64.4,Medium,
DB_2788_CN,2024DS1627,Hiten Bishnoi,9,240.8,5.6,11.7,85.0,5.2,5.34,63.7,Medium,
DB_2789_DS,2025EC1628,Manish Fernandes,11,278.4,6.86,18.52,95.0,6.4,7.44,71.7,Medium,
DB_2789_PY,2025EC1628,Manish Fernandes,6,139.4,6.8,15.8,90.0,6.9,7.44,72.1,Medium,
DB_2789_WD,2025EC1628,Manish Fernandes,9,185.9,7.2,23.3,100.0,6.2,7.44,76.5,High,
DB_2790_AIML,2023EE1629,Neeraj Das,12,280.2,9.33,32.55,95.0,9.0,9.56,97.5,High,
DB_2790_ML,2023EE1629,Neeraj Das,3,191.7,4.6,20.0,100.0,8.9,9.56,96.3,High,
DB_2791_CN,2024ME1630,Upasana Anand,2,49.6,4.16,12.06,85.0,3.9,5.08,52.1,Medium,
DB_2791_DSC,2024ME1630,Upasana Anand,4,94.4,3.86,15.78,60.0,4.5,5.08,49.1,Low,
DB_2791_ML,2024ME1630,Upasana Anand,3,194.2,2.6,8.7,75.0,3.9,5.08,53.2,Medium,
DB_2792_WD,2025CE1631,Riddhi Pillai,15,394.6,7.3,26.39,85.0,8.5,7.89,82.6,High,
DB_2792_DSC,2025CE1631,Riddhi Pillai,9,153.2,6.83,26.19,95.0,8.0,7.89,82.1,High,
DB_2792_AIML,2025CE1631,Riddhi Pillai,7,134.5,8.2,33.75,85.0,8.0,7.89,81.5,High,
DB_2793_DS,2023CS1632,Ashish Fernandes,14,372.8,9.1,26.71,100.0,8.3,9.51,91.6,High,
DB_2793_PY,2023CS1632,Ashish Fernandes,5,87.2,9.28,25.93,95.0,8.2,9.51,93.1,High,
DB_2793_WD,2023CS1632,Ashish Fernandes,13,331.1,7.78,28.14,90.0,8.4,9.51,90.2,High,
DB_2794_DS,2024IT1633,Heena Patil,8,208.9,5.43,9.65,60.0,5.2,6.0,56.2,Medium,
DB_2794_WD,2024IT1633,Heena Patil,1,80.4,5.9,14.86,85.0,5.1,6.0,61.9,Medium,
DB_2794_CN,2024IT1633,Heena Patil,6,133.7,4.72,13.55,85.0,5.3,6.0,59.2,Medium,
DB_2794_ML,2024IT1633,Heena Patil,1,126.6,2.3,10.6,85.0,5.1,6.0,56.1,Medium,
DB_2795_DS,2025AI1634,Juhi Goel,13,268.6,9.36,26.85,95.0,9.9,8.97,97.3,High,
DB_2795_ML,2025AI1634,Juhi Goel,3,203.1,4.4,19.6,100.0,9.8,8.97,93.7,High,
DB_2796_DS,2023DS1635,Aryan Dhawan,8,189.5,6.3,20.67,75.0,6.9,7.68,71.7,Medium,
DB_2796_DSC,2023DS1635,Aryan Dhawan,12,319.0,7.08,20.44,95.0,6.7,7.68,77.6,High,
DB_2797_AIML,2024EC1636,Devendra Mittal,15,296.6,9.38,34.5,100.0,9.4,9.24,92.1,High,
DB_2797_ML,2024EC1636,Devendra Mittal,3,204.8,5.0,17.5,95.0,9.3,9.24,91.5,High,
DB_2798_PY,2025EE1637,Chetna Batra,9,243.8,7.4,18.06,85.0,6.7,7.07,75.1,High,
DB_2798_WD,2025EE1637,Chetna Batra,11,293.6,6.33,22.69,85.0,6.3,7.07,72.8,Medium,
DB_2798_CN,2025EE1637,Chetna Batra,4,81.8,5.82,16.46,75.0,6.6,7.07,67.9,Medium,
DB_2798_ML,2025EE1637,Chetna Batra,0,98.0,3.5,14.1,75.0,5.8,7.07,67.2,Medium,
DB_2799_DS,2023ME1638,Rishabh Saini,10,222.9,6.1,14.5,80.0,5.7,7.32,69.5,Medium,
DB_2799_PY,2023ME1638,Rishabh Saini,12,238.1,5.96,17.09,80.0,5.8,7.32,68.6,Medium,
DB_2799_WD,2023ME1638,Rishabh Saini,5,97.3,4.15,17.7,90.0,5.9,7.32,71.7,Medium,
DB_2799_CN,2023ME1638,Rishabh Saini,7,204.8,6.0,11.5,90.0,6.1,7.32,67.3,Medium,
DB_2800_DS,2024CE1639,Sunil Nambiar,7,178.2,8.88,35.0,90.0,8.6,9.02,91.8,High,
DB_2800_PY,2024CE1639,Sunil Nambiar,7,156.6,10.0,24.51,85.0,8.9,9.02,90.8,High,
DB_2800_WD,2024CE1639,Sunil Nambiar,6,170.8,8.3,20.0,95.0,9.3,9.02,97.1,High,
DB_2800_ML,2024CE1639,Sunil Nambiar,2,146.6,4.5,17.4,95.0,8.6,9.02,92.0,High,
DB_2801_PY,2025CS1640,Pankaj Chauhan,9,219.2,5.28,17.87,85.0,5.0,6.23,60.8,Medium,
DB_2801_WD,2025CS1640,Pankaj Chauhan,9,227.6,6.55,17.49,85.0,4.8,6.23,62.4,Medium,
DB_2801_CN,2025CS1640,Pankaj Chauhan,7,207.5,5.4,17.08,90.0,4.7,6.23,62.0,Medium,
DB_2802_DS,2023IT1641,Shilpa Joshi,12,207.5,6.66,18.9,100.0,6.6,7.55,74.2,Medium,
DB_2802_WD,2023IT1641,Shilpa Joshi,8,172.0,5.69,21.53,90.0,6.5,7.55,73.8,Medium,
DB_2802_DSC,2023IT1641,Shilpa Joshi,5,97.0,5.6,24.02,95.0,6.2,7.55,70.9,Medium,
DB_2803_PY,2024AI1642,Kiara Yadav,12,256.1,6.46,19.5,75.0,6.6,7.57,67.6,Medium,
DB_2803_WD,2024AI1642,Kiara Yadav,9,224.3,6.9,19.63,90.0,6.0,7.57,72.6,Medium,
DB_2803_AIML,2024AI1642,Kiara Yadav,6,122.2,6.58,24.93,90.0,6.0,7.57,69.8,Medium,
DB_2804_WD,2025DS1643,Nikhil Anand,6,134.8,8.19,26.35,95.0,8.5,8.23,86.9,High,
DB_2804_CN,2025DS1643,Nikhil Anand,15,301.7,7.5,22.4,90.0,8.1,8.23,86.7,High,
DB_2804_ML,2025DS1643,Nikhil Anand,3,187.5,5.0,17.8,90.0,8.8,8.23,91.4,High,
DB_2805_DS,2023EC1644,Leena Sen,14,279.8,7.63,24.59,90.0,7.8,8.17,83.4,High,
DB_2805_PY,2023EC1644,Leena Sen,15,381.1,8.18,15.95,95.0,7.6,8.17,81.4,High,
DB_2805_CN,2023EC1644,Leena Sen,13,303.0,6.53,22.72,80.0,7.8,8.17,78.9,High,
DB_2805_AIML,2023EC1644,Leena Sen,12,268.6,7.61,31.59,95.0,7.6,8.17,79.8,High,
DB_2806_DSC,2024EE1645,Pranav Thomas,12,288.9,7.06,26.33,95.0,6.4,7.13,78.5,High,
DB_2806_ML,2024EE1645,Pranav Thomas,3,197.3,3.8,15.3,75.0,7.3,7.13,73.7,Medium,
DB_2807_CN,2025ME1646,Neeraj Dubey,10,212.9,8.5,22.38,85.0,8.2,8.97,86.3,High,
DB_2807_ML,2025ME1646,Neeraj Dubey,2,162.7,3.6,15.9,95.0,8.3,8.97,82.3,High,
DB_2808_PY,2023CE1647,Shruti Bhasin,11,272.1,6.6,16.8,80.0,6.6,6.81,72.1,Medium,
DB_2808_DSC,2023CE1647,Shruti Bhasin,6,164.4,5.76,19.0,90.0,6.8,6.81,70.7,Medium,
DB_2808_AIML,2023CE1647,Shruti Bhasin,10,195.0,6.84,24.93,90.0,6.4,6.81,70.1,Medium,
DB_2808_ML,2023CE1647,Shruti Bhasin,3,199.7,3.5,13.8,90.0,6.4,6.81,70.3,Medium,
DB_2809_CN,2024CS1648,Shaurya Iyer,10,234.0,5.93,12.25,85.0,5.8,6.61,69.4,Medium,
DB_2809_DSC,2024CS1648,Shaurya Iyer,7,133.0,6.2,23.08,70.0,6.1,6.61,63.1,Medium,
DB_2809_AIML,2024CS1648,Shaurya Iyer,11,226.5,6.27,27.67,80.0,5.5,6.61,62.3,Medium,
DB_2810_DS,2025IT1649,Prathamesh Ganguly,8,237.6,6.9,21.84,85.0,6.2,7.35,74.4,Medium,
DB_2810_PY,2025IT1649,Prathamesh Ganguly,6,149.1,6.74,18.76,90.0,6.2,7.35,71.4,Medium,
DB_2811_DS,2023AI1650,Bhavya Upadhyay,8,229.2,9.12,42.7,100.0,8.6,8.73,95.1,High,
DB_2811_WD,2023AI1650,Bhavya Upadhyay,10,225.9,8.6,30.19,100.0,9.1,8.73,96.7,High,
DB_2812_PY,2024DS1651,Urvashi Dhawan,9,177.8,8.85,20.92,95.0,8.2,8.57,88.8,High,
DB_2812_DSC,2024DS1651,Urvashi Dhawan,15,384.2,9.4,23.55,90.0,7.9,8.57,89.5,High,
DB_2812_ML,2024DS1651,Urvashi Dhawan,2,148.2,4.6,16.9,95.0,8.8,8.57,87.3,High,
DB_2813_PY,2025EC1652,Vivek Kapoor,10,251.9,5.47,20.2,80.0,4.4,5.7,59.8,Medium,
DB_2813_DSC,2025EC1652,Vivek Kapoor,5,139.9,4.6,16.34,90.0,4.8,5.7,58.5,Medium,
DB_2813_AIML,2025EC1652,Vivek Kapoor,7,137.3,5.45,15.45,90.0,4.6,5.7,59.1,Medium,
DB_2813_ML,2025EC1652,Vivek Kapoor,2,155.0,2.3,8.6,80.0,4.5,5.7,52.3,Medium,
DB_2814_DS,2023EE1653,Sachin Chauhan,7,122.4,5.91,13.4,90.0,5.9,6.36,69.8,Medium,
DB_2814_PY,2023EE1653,Sachin Chauhan,8,225.8,7.8,19.96,75.0,5.6,6.36,71.0,Medium,
DB_2814_CN,2023EE1653,Sachin Chauhan,8,189.5,6.0,16.99,90.0,6.2,6.36,66.8,Medium,
DB_2814_ML,2023EE1653,Sachin Chauhan,2,171.9,3.2,15.0,85.0,5.8,6.36,71.5,Medium,
DB_2815_DS,2024ME1654,Ramesh Verma,10,250.6,5.72,17.23,80.0,5.5,5.14,58.8,Medium,
DB_2815_WD,2024ME1654,Ramesh Verma,11,304.8,6.6,18.38,80.0,5.1,5.14,66.0,Medium,
DB_2815_DSC,2024ME1654,Ramesh Verma,11,259.7,5.5,12.0,95.0,5.7,5.14,64.6,Medium,
DB_2815_ML,2024ME1654,Ramesh Verma,1,156.7,3.3,14.1,85.0,5.5,5.14,66.2,Medium,
DB_2816_PY,2025CE1655,Deepak Sen,9,196.1,7.36,19.34,80.0,7.1,7.82,74.1,Medium,
DB_2816_ML,2025CE1655,Deepak Sen,3,196.1,3.7,15.85,85.0,7.0,7.82,78.1,High,
DB_2817_PY,2023CS1656,Priyanka Bhat,13,274.0,8.43,21.55,95.0,7.9,6.99,85.2,High,
DB_2817_CN,2023CS1656,Priyanka Bhat,11,219.6,7.23,27.1,90.0,7.3,6.99,79.0,High,
DB_2817_DSC,2023CS1656,Priyanka Bhat,11,228.4,8.58,25.31,95.0,7.9,6.99,80.1,High,
DB_2817_AIML,2023CS1656,Priyanka Bhat,12,262.6,7.98,32.37,90.0,7.3,6.99,80.3,High,
DB_2818_PY,2024IT1657,Saloni Sanyal,19,372.6,9.5,18.1,100.0,9.1,8.96,92.4,High,
DB_2818_CN,2024IT1657,Saloni Sanyal,11,235.1,8.57,22.68,100.0,9.1,8.96,93.5,High,
DB_2818_ML,2024IT1657,Saloni Sanyal,2,167.2,4.9,20.0,100.0,8.5,8.96,94.5,High,
DB_2819_WD,2025AI1658,Sneha Menon,7,184.3,8.17,22.88,85.0,7.7,7.43,81.0,High,
DB_2819_ML,2025AI1658,Sneha Menon,2,173.5,4.0,16.2,95.0,7.9,7.43,84.2,High,
DB_2820_CN,2023DS1659,Devanshi Bhasin,12,205.4,10.0,22.55,95.0,8.9,9.06,91.5,High,
DB_2820_DSC,2023DS1659,Devanshi Bhasin,13,315.9,8.7,30.48,85.0,9.1,9.06,88.5,High,
DB_2820_AIML,2023DS1659,Devanshi Bhasin,15,302.1,8.35,39.33,95.0,9.2,9.06,90.9,High,
DB_2820_ML,2023DS1659,Devanshi Bhasin,3,192.4,4.2,19.4,95.0,8.6,9.06,92.3,High,
DB_2821_DS,2024EC1660,Gunjan Roy,9,263.9,5.36,16.64,80.0,5.2,5.28,58.0,Medium,
DB_2821_CN,2024EC1660,Gunjan Roy,4,71.2,4.83,15.38,80.0,5.2,5.28,61.7,Medium,
DB_2822_DS,2025EE1661,Vaibhav Pillai,3,128.8,4.5,13.6,70.0,4.9,5.17,50.2,Medium,
DB_2822_CN,2025EE1661,Vaibhav Pillai,5,84.1,4.6,15.7,95.0,4.5,5.17,58.7,Medium,
DB_2822_AIML,2025EE1661,Vaibhav Pillai,8,184.0,4.47,18.1,85.0,4.9,5.17,56.7,Medium,
DB_2822_ML,2025EE1661,Vaibhav Pillai,3,199.5,1.7,10.6,80.0,4.6,5.17,52.5,Medium,
DB_2823_DS,2023ME1662,Pallavi Pinto,21,507.8,9.77,30.54,100.0,9.5,9.65,96.0,High,
DB_2823_PY,2023ME1662,Pallavi Pinto,7,197.8,9.66,27.51,100.0,9.8,9.65,98.0,High,
DB_2823_DSC,2023ME1662,Pallavi Pinto,9,204.7,9.62,32.99,95.0,9.3,9.65,93.7,High,
DB_2823_AIML,2023ME1662,Pallavi Pinto,12,243.8,9.75,35.62,100.0,9.5,9.65,96.8,High,
DB_2824_WD,2024CE1663,Barkha Varghese,11,229.2,6.82,27.73,80.0,6.5,7.32,69.3,Medium,
DB_2824_CN,2024CE1663,Barkha Varghese,6,152.0,5.88,17.14,90.0,6.8,7.32,73.8,Medium,
DB_2825_DS,2025CS1664,Parag Goel,8,139.5,6.8,20.69,90.0,6.7,6.71,72.1,Medium,
DB_2825_WD,2025CS1664,Parag Goel,9,218.4,6.3,25.44,95.0,7.2,6.71,73.5,Medium,
DB_2826_DS,2023IT1665,Payal Kaushik,9,202.3,5.26,14.6,85.0,4.6,5.91,60.5,Medium,
DB_2826_WD,2023IT1665,Payal Kaushik,5,161.8,4.63,16.16,80.0,4.6,5.91,58.8,Medium,
DB_2826_CN,2023IT1665,Payal Kaushik,7,158.2,5.15,11.4,75.0,4.9,5.91,56.2,Medium,
DB_2826_ML,2023IT1665,Payal Kaushik,2,172.8,3.3,9.3,80.0,5.5,5.91,59.2,Medium,
DB_2827_DS,2024AI1666,Brijesh D'Souza,20,492.7,8.07,29.7,90.0,8.0,7.61,79.4,High,
DB_2827_DSC,2024AI1666,Brijesh D'Souza,11,313.8,7.0,27.29,90.0,7.5,7.61,77.4,High,
DB_2827_AIML,2024AI1666,Brijesh D'Souza,10,199.2,7.55,33.06,85.0,7.7,7.61,79.2,High,
DB_2828_DS,2025DS1667,Chetan Tomar,16,466.3,9.57,28.64,100.0,9.5,9.67,96.0,High,
DB_2828_CN,2025DS1667,Chetan Tomar,14,343.8,8.75,19.1,90.0,9.4,9.67,91.7,High,
DB_2828_AIML,2025DS1667,Chetan Tomar,6,119.1,10.0,37.76,95.0,9.2,9.67,94.4,High,
DB_2829_CN,2023EC1668,Swati Khanna,14,276.9,8.22,22.48,100.0,8.6,8.57,92.9,High,
DB_2829_DSC,2023EC1668,Swati Khanna,9,286.8,8.4,29.33,90.0,8.9,8.57,92.6,High,
DB_2829_AIML,2023EC1668,Swati Khanna,9,176.4,10.0,37.95,90.0,8.5,8.57,89.5,High,
DB_2829_ML,2023EC1668,Swati Khanna,3,200.1,4.2,18.3,80.0,9.3,8.57,88.2,High,
DB_2830_WD,2024EE1669,Avani Shah,14,385.6,8.58,21.63,95.0,8.9,8.98,91.3,High,
DB_2830_DSC,2024EE1669,Avani Shah,7,139.2,8.35,29.06,85.0,8.6,8.98,87.3,High,
DB_2830_AIML,2024EE1669,Avani Shah,17,321.6,9.47,29.47,90.0,8.6,8.98,88.8,High,
DB_2831_PY,2025ME1670,Isha Upadhyay,14,337.8,8.61,22.52,85.0,7.5,8.9,85.8,High,
DB_2831_WD,2025ME1670,Isha Upadhyay,6,180.6,8.67,31.1,85.0,7.7,8.9,81.4,High,
DB_2831_CN,2025ME1670,Isha Upadhyay,4,105.3,6.98,21.34,100.0,8.3,8.9,86.5,High,
DB_2831_ML,2025ME1670,Isha Upadhyay,3,194.7,3.5,16.55,100.0,8.2,8.9,85.4,High,
DB_2832_DS,2023CE1671,Prisha Ganguly,6,148.9,5.87,15.7,100.0,6.1,6.02,68.2,Medium,
DB_2832_PY,2023CE1671,Prisha Ganguly,5,118.9,6.03,19.25,80.0,5.7,6.02,62.6,Medium,
DB_2832_CN,2023CE1671,Prisha Ganguly,9,192.2,6.4,14.63,75.0,5.6,6.02,63.6,Medium,
DB_2833_PY,2024CS1672,Harshit Roy,5,107.0,6.07,16.14,95.0,6.4,7.11,72.3,Medium,
DB_2833_CN,2024CS1672,Harshit Roy,5,148.2,5.85,18.3,80.0,5.6,7.11,67.9,Medium,
DB_2833_DSC,2024CS1672,Harshit Roy,9,166.2,6.27,21.1,75.0,5.7,7.11,69.2,Medium,
DB_2833_AIML,2024CS1672,Harshit Roy,10,199.7,6.1,26.65,80.0,5.5,7.11,63.6,Medium,
DB_2834_WD,2025IT1673,Kailash Lobo,10,252.5,6.97,22.3,85.0,6.9,8.58,82.5,High,
DB_2834_DSC,2025IT1673,Kailash Lobo,9,318.7,7.03,23.81,95.0,7.0,8.58,81.2,High,
DB_2835_PY,2023AI1674,Devendra Kumar,8,170.0,6.22,20.6,90.0,6.4,5.61,67.1,Medium,
DB_2835_CN,2023AI1674,Devendra Kumar,5,146.3,7.9,15.4,90.0,6.5,5.61,71.1,Medium,
DB_2835_DSC,2023AI1674,Devendra Kumar,13,329.9,6.28,21.79,85.0,5.8,5.61,66.7,Medium,
DB_2836_DS,2024DS1675,Vandana Choudhury,23,556.4,9.4,31.57,100.0,9.9,9.43,96.5,High,
DB_2836_WD,2024DS1675,Vandana Choudhury,12,291.8,8.94,28.9,95.0,9.0,9.43,96.7,High,
DB_2836_ML,2024DS1675,Vandana Choudhury,3,191.1,4.6,20.0,95.0,9.9,9.43,96.3,High,
DB_2837_DS,2025EC1676,Priyanka Patil,9,189.8,8.5,22.73,90.0,7.6,7.94,80.2,High,
DB_2837_PY,2025EC1676,Priyanka Patil,10,216.1,7.18,21.68,100.0,7.5,7.94,77.1,High,
DB_2837_CN,2025EC1676,Priyanka Patil,13,264.2,8.13,22.3,85.0,7.8,7.94,83.5,High,
DB_2838_DS,2023EE1677,Arjun Kurian,15,438.3,7.18,24.47,90.0,7.4,8.69,81.1,High,
DB_2838_DSC,2023EE1677,Arjun Kurian,7,161.6,7.9,23.54,95.0,7.1,8.69,81.5,High,
DB_2839_DS,2024ME1678,Pallavi Tandon,17,340.6,10.0,29.49,100.0,9.4,9.74,96.7,High,
DB_2839_PY,2024ME1678,Pallavi Tandon,14,311.1,10.0,26.6,100.0,9.0,9.74,98.0,High,
DB_2839_ML,2024ME1678,Pallavi Tandon,3,200.1,4.3,19.75,100.0,9.6,9.74,95.8,High,
DB_2840_PY,2025CE1679,Sakshi Upadhyay,11,235.9,9.56,21.4,80.0,9.0,8.82,89.3,High,
DB_2840_DSC,2025CE1679,Sakshi Upadhyay,9,222.0,8.42,29.09,100.0,8.9,8.82,94.5,High,
DB_2840_ML,2025CE1679,Sakshi Upadhyay,2,167.9,4.1,17.4,80.0,8.6,8.82,87.1,High,
DB_2841_WD,2023CS1680,Hiten Joseph,7,203.4,7.68,23.3,90.0,6.7,6.76,76.5,High,
DB_2841_DSC,2023CS1680,Hiten Joseph,14,297.2,8.4,24.04,95.0,7.6,6.76,81.1,High,
DB_2841_AIML,2023CS1680,Hiten Joseph,9,168.0,7.46,33.65,85.0,7.2,6.76,74.4,Medium,
DB_2842_DS,2024IT1681,Abhishek Dutta,11,271.9,10.0,27.45,90.0,8.0,7.88,86.8,High,
DB_2842_PY,2024IT1681,Abhishek Dutta,8,189.0,8.7,21.42,95.0,8.3,7.88,88.5,High,
DB_2842_DSC,2024IT1681,Abhishek Dutta,15,343.8,4.2,28.07,100.0,8.2,7.88,88.0,High,
DB_2842_AIML,2024IT1681,Abhishek Dutta,11,252.9,8.1,49.1,95.0,7.8,7.88,87.0,High,
DB_2843_WD,2025AI1682,Mukesh Chakraborty,12,364.4,5.95,24.65,95.0,7.5,7.98,82.9,High,
DB_2843_CN,2025AI1682,Mukesh Chakraborty,5,170.7,7.71,22.04,70.0,7.5,7.98,79.0,High,
DB_2843_DSC,2025AI1682,Mukesh Chakraborty,5,110.0,7.83,21.52,85.0,7.5,7.98,82.5,High,
DB_2843_AIML,2025AI1682,Mukesh Chakraborty,12,244.1,8.85,32.57,70.0,7.8,7.98,78.8,High,
DB_2844_DS,2023DS1683,Parag Kohli,9,237.4,6.24,18.76,80.0,5.9,6.8,64.9,Medium,
DB_2844_PY,2023DS1683,Parag Kohli,6,153.1,6.12,19.55,80.0,6.1,6.8,65.6,Medium,
DB_2844_WD,2023DS1683,Parag Kohli,4,88.9,5.71,18.48,85.0,6.3,6.8,65.2,Medium,
DB_2844_DSC,2023DS1683,Parag Kohli,8,214.0,6.45,20.8,75.0,6.3,6.8,64.4,Medium,
DB_2845_WD,2024EC1684,Sunil Khanna,13,308.4,8.0,26.0,90.0,8.0,8.14,85.4,High,
DB_2845_DSC,2024EC1684,Sunil Khanna,8,142.3,9.8,25.6,100.0,7.9,8.14,89.4,High,
DB_2845_AIML,2024EC1684,Sunil Khanna,5,97.2,8.78,36.17,100.0,7.5,8.14,89.8,High,
DB_2845_ML,2024EC1684,Sunil Khanna,3,188.4,4.7,18.45,90.0,7.5,8.14,86.7,High,
DB_2846_DS,2025EE1685,Richa Kaushik,21,523.5,9.8,30.76,100.0,9.8,9.57,96.0,High,
DB_2846_CN,2025EE1685,Richa Kaushik,12,190.1,10.0,26.25,95.0,9.3,9.57,94.8,High,
DB_2846_AIML,2025EE1685,Richa Kaushik,12,253.0,10.0,39.12,100.0,9.9,9.57,96.4,High,
DB_2846_ML,2025EE1685,Richa Kaushik,3,194.5,5.0,20.0,100.0,9.1,9.57,98.0,High,
DB_2847_PY,2023ME1686,Anjali Rajput,6,139.5,6.93,21.18,85.0,7.2,6.88,74.2,Medium,
DB_2847_CN,2023ME1686,Anjali Rajput,8,212.3,6.26,15.6,80.0,6.9,6.88,72.1,Medium,
DB_2848_PY,2024CE1687,Hemant Ganguly,6,124.6,6.8,20.91,85.0,6.5,7.61,72.9,Medium,
DB_2848_CN,2024CE1687,Hemant Ganguly,5,86.7,4.9,22.05,95.0,6.7,7.61,75.9,High,
DB_2849_WD,2025CS1688,Navya Upadhyay,4,155.1,4.9,13.6,80.0,4.2,5.42,54.8,Medium,
DB_2849_DSC,2025CS1688,Navya Upadhyay,7,147.6,4.2,14.23,75.0,4.0,5.42,54.2,Medium,
DB_2849_ML,2025CS1688,Navya Upadhyay,3,197.5,2.1,8.55,85.0,4.4,5.42,50.5,Medium,
DB_2850_DS,2023IT1689,Meenakshi Vashistha,3,102.5,5.94,18.77,75.0,5.5,5.81,63.1,Medium,
DB_2850_WD,2023IT1689,Meenakshi Vashistha,8,254.3,5.17,22.1,85.0,6.0,5.81,67.0,Medium,
DB_2850_CN,2023IT1689,Meenakshi Vashistha,8,193.1,5.57,17.64,80.0,6.2,5.81,66.9,Medium,
DB_2850_AIML,2023IT1689,Meenakshi Vashistha,8,149.9,6.03,26.1,90.0,5.5,5.81,68.7,Medium,
DB_2851_PY,2024AI1690,Navya Jindal,16,390.4,9.06,23.0,95.0,8.5,8.21,89.0,High,
DB_2851_CN,2024AI1690,Navya Jindal,5,113.3,8.6,21.18,90.0,8.4,8.21,88.1,High,
DB_2851_AIML,2024AI1690,Navya Jindal,4,92.9,9.57,32.05,90.0,8.6,8.21,86.2,High,
DB_2851_ML,2024AI1690,Navya Jindal,3,194.1,4.2,20.0,95.0,8.5,8.21,92.8,High,
DB_2852_DS,2025DS1691,Sanket Chaubey,5,162.6,9.67,29.73,100.0,9.7,9.68,98.0,High,
DB_2852_PY,2025DS1691,Sanket Chaubey,4,107.1,10.0,27.49,100.0,9.1,9.68,98.0,High,
DB_2852_WD,2025DS1691,Sanket Chaubey,14,332.5,9.5,29.18,100.0,9.7,9.68,95.0,High,
DB_2852_ML,2025DS1691,Sanket Chaubey,3,196.5,5.0,18.9,95.0,10.0,9.68,97.8,High,
DB_2853_WD,2023EC1692,Gauri Solanki,14,328.8,8.78,27.73,95.0,9.4,9.07,94.0,High,
DB_2853_CN,2023EC1692,Gauri Solanki,15,299.3,8.74,24.87,100.0,8.6,9.07,93.7,High,
DB_2853_AIML,2023EC1692,Gauri Solanki,15,288.2,9.7,37.4,90.0,8.6,9.07,95.1,High,
DB_2853_ML,2023EC1692,Gauri Solanki,2,145.8,5.0,20.0,95.0,8.6,9.07,95.2,High,
DB_2854_PY,2024EE1693,Sanket Kulkarni,7,114.5,6.47,17.94,75.0,6.4,6.41,66.9,Medium,
DB_2854_DSC,2024EE1693,Sanket Kulkarni,7,199.7,5.85,23.12,100.0,6.5,6.41,71.8,Medium,
DB_2855_DS,2025ME1694,Kanika Bajaj,13,216.0,8.32,32.9,90.0,7.9,7.93,87.5,High,
DB_2855_AIML,2025ME1694,Kanika Bajaj,13,249.8,9.17,42.3,100.0,7.7,7.93,91.1,High,
DB_2856_DS,2023CE1695,Navya Das,15,307.5,9.47,28.27,85.0,8.7,8.59,91.8,High,
DB_2856_WD,2023CE1695,Navya Das,15,409.2,8.2,27.45,95.0,8.8,8.59,91.3,High,
DB_2856_CN,2023CE1695,Navya Das,12,196.7,8.34,23.73,95.0,8.8,8.59,91.6,High,
DB_2857_CN,2024CS1696,Muskan Sood,8,192.0,4.85,14.55,95.0,5.0,6.17,66.3,Medium,
DB_2857_AIML,2024CS1696,Muskan Sood,5,114.2,4.95,21.6,95.0,5.2,6.17,61.0,Medium,
DB_2858_WD,2025IT1697,Dhruv Batra,10,309.0,6.38,19.33,80.0,7.3,7.92,76.1,High,
DB_2858_DSC,2025IT1697,Dhruv Batra,7,185.9,6.1,21.96,85.0,7.2,7.92,76.7,High,
DB_2858_AIML,2025IT1697,Dhruv Batra,7,153.9,7.46,28.58,90.0,6.6,7.92,75.5,High,
DB_2858_ML,2025IT1697,Dhruv Batra,3,189.2,4.3,16.6,95.0,6.8,7.92,86.7,High,
DB_2859_DS,2023AI1698,Krishna Iyer,5,92.8,5.19,16.94,85.0,5.2,6.73,62.0,Medium,
DB_2859_DSC,2023AI1698,Krishna Iyer,4,81.1,6.5,22.8,75.0,5.7,6.73,63.1,Medium,
DB_2859_AIML,2023AI1698,Krishna Iyer,5,99.9,5.7,25.08,85.0,5.3,6.73,64.3,Medium,
DB_2860_DS,2024DS1699,Mamta Tiwari,7,124.9,4.97,17.0,85.0,4.4,5.31,56.5,Medium,
DB_2860_WD,2024DS1699,Mamta Tiwari,7,191.2,4.13,14.02,85.0,4.6,5.31,55.3,Medium,
DB_2860_DSC,2024DS1699,Mamta Tiwari,6,173.9,3.94,15.24,80.0,4.3,5.31,50.8,Medium,
DB_2860_ML,2024DS1699,Mamta Tiwari,3,193.1,1.8,7.4,80.0,4.5,5.31,46.4,Low,
DB_2861_DS,2025EC1700,Advait Ganguly,13,320.9,7.36,21.98,95.0,7.3,7.22,74.6,Medium,
DB_2861_WD,2025EC1700,Advait Ganguly,10,241.2,7.3,25.7,90.0,7.3,7.22,76.4,High,
DB_2861_DSC,2025EC1700,Advait Ganguly,9,213.4,7.11,21.7,95.0,6.7,7.22,78.0,High,
DB_2862_DS,2023EE1701,Vivaan Bishnoi,6,185.2,5.0,13.23,75.0,4.0,5.22,51.4,Medium,
DB_2862_WD,2023EE1701,Vivaan Bishnoi,7,207.3,4.8,10.6,60.0,4.3,5.22,51.3,Medium,
DB_2862_CN,2023EE1701,Vivaan Bishnoi,4,139.4,4.6,11.83,85.0,4.4,5.22,54.8,Medium,
DB_2862_ML,2023EE1701,Vivaan Bishnoi,3,196.2,2.2,9.05,80.0,4.2,5.22,49.7,Low,
DB_2863_DS,2024ME1702,Mohit Bhatia,14,343.1,8.3,29.1,100.0,8.0,9.65,89.6,High,
DB_2863_CN,2024ME1702,Mohit Bhatia,6,94.1,4.4,18.9,100.0,8.4,9.65,93.1,High,
DB_2864_DSC,2025CE1703,Rajesh Nair,11,259.2,7.34,23.53,85.0,7.7,7.86,77.1,High,
DB_2864_ML,2025CE1703,Rajesh Nair,2,177.1,3.4,16.65,95.0,8.0,7.86,81.3,High,
DB_2865_PY,2023CS1704,Heena Banerjee,8,170.9,8.4,21.19,100.0,7.6,6.99,82.8,High,
DB_2865_DSC,2023CS1704,Heena Banerjee,9,204.5,7.58,24.38,90.0,7.9,6.99,82.0,High,
DB_2866_DS,2024IT1705,Aditya Bose,11,260.5,5.24,16.62,80.0,5.4,5.54,58.6,Medium,
DB_2866_AIML,2024IT1705,Aditya Bose,5,122.4,4.5,20.72,100.0,5.2,5.54,61.7,Medium,
DB_2867_WD,2025AI1706,Pooja Jindal,9,311.6,5.83,18.0,85.0,5.8,6.94,68.6,Medium,
DB_2867_AIML,2025AI1706,Pooja Jindal,8,184.5,6.93,26.54,85.0,5.8,6.94,66.5,Medium,
DB_2868_DS,2023DS1707,Madhav Reddy,6,214.6,4.39,10.4,75.0,4.4,5.35,54.4,Medium,
DB_2868_PY,2023DS1707,Madhav Reddy,3,58.8,5.1,11.62,85.0,4.2,5.35,53.1,Medium,
DB_2868_DSC,2023DS1707,Madhav Reddy,7,188.9,2.9,14.39,65.0,4.6,5.35,52.9,Medium,
DB_2868_ML,2023DS1707,Madhav Reddy,2,174.6,2.5,8.0,80.0,3.8,5.35,53.2,Medium,
DB_2869_PY,2024EC1708,Sunita Garg,18,414.7,9.26,23.35,95.0,8.8,9.7,92.7,High,
DB_2869_WD,2024EC1708,Sunita Garg,15,421.5,8.76,32.5,100.0,8.5,9.7,91.4,High,
DB_2869_DSC,2024EC1708,Sunita Garg,13,310.5,8.9,35.0,90.0,9.2,9.7,92.2,High,
DB_2869_AIML,2024EC1708,Sunita Garg,17,309.6,9.59,33.48,95.0,8.8,9.7,94.6,High,
DB_2870_DS,2025EE1709,Manisha Duggal,7,234.9,7.05,22.02,90.0,7.0,7.48,73.9,Medium,
DB_2870_CN,2025EE1709,Manisha Duggal,10,245.7,6.38,12.2,80.0,7.0,7.48,69.5,Medium,
DB_2870_AIML,2025EE1709,Manisha Duggal,6,142.2,7.3,24.9,85.0,6.4,7.48,76.0,High,
DB_2871_PY,2023ME1710,Tanvi Pandey,7,120.7,4.95,15.12,85.0,5.4,6.76,64.9,Medium,
DB_2871_DSC,2023ME1710,Tanvi Pandey,6,173.7,5.42,20.0,85.0,5.8,6.76,66.3,Medium,
DB_2872_WD,2024CE1711,Anika Gupta,6,151.1,8.78,25.3,95.0,8.4,8.95,88.5,High,
DB_2872_CN,2024CE1711,Anika Gupta,16,312.6,7.8,24.85,100.0,8.9,8.95,91.0,High,
DB_2872_DSC,2024CE1711,Anika Gupta,11,254.0,8.58,29.98,95.0,9.2,8.95,88.9,High,
DB_2873_DS,2025CS1712,Vivaan Anand,5,162.3,5.48,22.5,85.0,6.2,6.63,63.6,Medium,
DB_2873_CN,2025CS1712,Vivaan Anand,4,79.6,5.1,16.22,80.0,6.0,6.63,66.1,Medium,
DB_2873_ML,2025CS1712,Vivaan Anand,2,151.8,3.0,11.4,95.0,5.7,6.63,64.2,Medium,
DB_2874_DS,2023IT1713,Pallavi Bishnoi,7,182.2,9.26,32.65,100.0,8.6,9.07,94.1,High,
DB_2874_DSC,2023IT1713,Pallavi Bishnoi,12,302.4,7.68,25.63,100.0,8.8,9.07,90.0,High,
DB_2875_DS,2024AI1714,Vihaan Gupta,9,198.9,5.93,17.33,95.0,6.0,6.13,64.9,Medium,
DB_2875_PY,2024AI1714,Vihaan Gupta,6,91.9,6.46,14.17,80.0,5.6,6.13,67.2,Medium,
DB_2875_CN,2024AI1714,Vihaan Gupta,8,198.2,5.52,15.62,85.0,5.5,6.13,68.4,Medium,
DB_2875_AIML,2024AI1714,Vihaan Gupta,6,122.2,5.87,20.45,80.0,5.6,6.13,60.1,Medium,
DB_2876_DS,2025DS1715,Mansi Upadhyay,8,185.3,9.53,31.3,100.0,9.8,9.7,98.0,High,
DB_2876_PY,2025DS1715,Mansi Upadhyay,11,313.1,9.52,25.87,100.0,9.1,9.7,98.0,High,
DB_2876_DSC,2025DS1715,Mansi Upadhyay,15,381.4,9.73,35.45,100.0,9.8,9.7,98.0,High,
DB_2877_DS,2023EC1716,Santosh Anand,8,152.0,6.95,16.18,75.0,5.8,5.12,64.3,Medium,
DB_2877_CN,2023EC1716,Santosh Anand,4,116.8,5.92,11.65,80.0,6.1,5.12,65.3,Medium,
DB_2877_AIML,2023EC1716,Santosh Anand,7,156.6,7.1,21.8,100.0,5.5,5.12,67.6,Medium,
DB_2877_ML,2023EC1716,Santosh Anand,2,152.8,3.4,12.7,95.0,5.4,5.12,71.1,Medium,
DB_2878_WD,2024EE1717,Vijay Gupta,10,225.3,7.03,21.07,95.0,7.6,7.22,76.7,High,
DB_2878_DSC,2024EE1717,Vijay Gupta,10,184.8,6.93,30.13,95.0,7.0,7.22,77.9,High,
DB_2879_PY,2025ME1718,Meera Pathak,4,102.1,6.14,19.31,90.0,5.8,6.06,70.8,Medium,
DB_2879_WD,2025ME1718,Meera Pathak,8,225.8,4.83,17.51,85.0,6.3,6.06,68.2,Medium,
DB_2879_DSC,2025ME1718,Meera Pathak,8,286.5,5.35,20.65,90.0,5.8,6.06,65.3,Medium,
DB_2879_ML,2025ME1718,Meera Pathak,2,169.0,3.0,11.7,80.0,5.5,6.06,63.7,Medium,
DB_2880_PY,2023CE1719,Kavita Goyal,10,183.4,7.8,20.0,80.0,7.4,7.35,78.7,High,
DB_2880_WD,2023CE1719,Kavita Goyal,10,252.6,7.7,23.45,90.0,7.8,7.35,78.2,High,
DB_2880_DSC,2023CE1719,Kavita Goyal,13,333.2,6.67,24.1,90.0,7.3,7.35,75.0,High,
DB_2881_DSC,2024CS1720,Juhi Ghosh,15,324.5,8.18,25.4,90.0,8.0,7.82,86.3,High,
DB_2881_AIML,2024CS1720,Juhi Ghosh,5,88.6,9.35,43.7,90.0,8.4,7.82,93.0,High,
DB_2882_CN,2025IT1721,Kunal Shah,6,99.8,6.4,18.2,90.0,6.3,6.04,72.3,Medium,
DB_2882_ML,2025IT1721,Kunal Shah,3,197.6,3.7,12.5,90.0,6.7,6.04,71.2,Medium,
DB_2883_CN,2023AI1722,Simran Banerjee,4,67.2,5.55,12.55,100.0,6.5,6.51,72.1,Medium,
DB_2883_DSC,2023AI1722,Simran Banerjee,8,158.9,6.88,21.0,85.0,5.9,6.51,70.1,Medium,
DB_2883_AIML,2023AI1722,Simran Banerjee,8,173.9,6.0,25.5,85.0,5.8,6.51,65.0,Medium,
DB_2884_DS,2024DS1723,Sanjay Sen,19,404.5,8.3,23.42,100.0,8.1,8.96,87.8,High,
DB_2884_AIML,2024DS1723,Sanjay Sen,3,63.9,7.86,37.12,100.0,8.4,8.96,89.2,High,
DB_2885_WD,2025EC1724,Sunita Batra,14,378.1,3.8,22.94,85.0,7.4,8.94,80.7,High,
DB_2885_DSC,2025EC1724,Sunita Batra,14,273.9,7.87,27.75,85.0,8.1,8.94,81.8,High,
DB_2885_AIML,2025EC1724,Sunita Batra,11,194.8,8.1,36.4,80.0,7.6,8.94,79.0,High,
DB_2886_DS,2023EE1725,Vinay Solanki,14,385.0,7.0,20.48,100.0,5.7,6.18,69.5,Medium,
DB_2886_PY,2023EE1725,Vinay Solanki,7,137.7,6.3,16.45,70.0,5.8,6.18,66.4,Medium,
DB_2886_WD,2023EE1725,Vinay Solanki,6,163.2,6.1,20.21,90.0,6.3,6.18,66.6,Medium,
DB_2886_AIML,2023EE1725,Vinay Solanki,3,87.7,5.83,33.5,80.0,6.4,6.18,63.9,Medium,
DB_2887_PY,2024ME1726,Girish Jangid,14,298.6,7.52,21.62,80.0,7.5,8.47,77.0,High,
DB_2887_DSC,2024ME1726,Girish Jangid,4,155.2,7.23,26.17,85.0,7.2,8.47,78.7,High,
DB_2888_PY,2025CE1727,Rahul Yadav,14,355.8,6.58,17.8,95.0,5.7,5.75,66.4,Medium,
DB_2888_AIML,2025CE1727,Rahul Yadav,7,144.5,6.11,24.62,85.0,5.5,5.75,63.2,Medium,
DB_2889_PY,2023CS1728,Bhupendra Jindal,9,143.0,9.05,24.56,95.0,8.3,8.42,89.1,High,
DB_2889_DSC,2023CS1728,Bhupendra Jindal,9,218.5,8.65,27.27,95.0,8.3,8.42,85.6,High,
DB_2889_AIML,2023CS1728,Bhupendra Jindal,12,244.5,8.38,35.45,90.0,7.9,8.42,83.4,High,
DB_2889_ML,2023CS1728,Bhupendra Jindal,3,199.3,4.3,18.4,95.0,8.2,8.42,88.7,High,
DB_2890_DSC,2024IT1729,Vandana Menon,13,350.7,8.1,25.05,100.0,8.3,8.55,88.1,High,
DB_2890_ML,2024IT1729,Vandana Menon,2,175.3,4.1,19.6,85.0,8.1,8.55,86.4,High,
DB_2891_WD,2025AI1730,Devanshi Choudhury,9,219.3,8.62,32.76,90.0,9.1,9.42,95.0,High,
DB_2891_CN,2025AI1730,Devanshi Choudhury,4,68.8,8.68,23.87,95.0,9.1,9.42,91.8,High,
DB_2891_ML,2025AI1730,Devanshi Choudhury,3,193.5,5.0,18.6,90.0,8.5,9.42,93.8,High,
DB_2892_WD,2023DS1731,Mahesh Shukla,8,207.2,7.19,26.2,85.0,6.8,7.29,80.6,High,
DB_2892_CN,2023DS1731,Mahesh Shukla,8,163.0,7.5,12.55,80.0,7.7,7.29,76.4,High,
DB_2893_PY,2024EC1732,Rahul Kaushik,8,179.7,6.9,22.67,70.0,8.4,9.02,78.2,High,
DB_2893_ML,2024EC1732,Rahul Kaushik,3,199.6,4.5,17.4,95.0,7.8,9.02,87.7,High,
DB_2894_PY,2025EE1733,Trisha Ganguly,10,282.5,6.6,17.83,85.0,6.6,7.55,68.1,Medium,
DB_2894_WD,2025EE1733,Trisha Ganguly,6,187.4,6.47,20.69,85.0,6.2,7.55,74.2,Medium,
DB_2895_DS,2023ME1734,Krishna Mehta,5,137.3,5.83,21.55,85.0,5.7,6.55,68.1,Medium,
DB_2895_ML,2023ME1734,Krishna Mehta,2,146.9,2.9,10.2,65.0,5.6,6.55,56.2,Medium,
DB_2896_PY,2024CE1735,Bhupendra Maurya,9,160.6,8.2,21.8,95.0,7.4,8.51,83.7,High,
DB_2896_WD,2024CE1735,Bhupendra Maurya,16,417.6,7.6,23.57,80.0,7.1,8.51,80.3,High,
DB_2896_AIML,2024CE1735,Bhupendra Maurya,8,171.1,7.25,30.3,80.0,7.3,8.51,75.1,High,
DB_2897_DS,2025CS1736,Neeraj Chopra,14,404.4,8.37,25.24,100.0,8.4,8.17,90.4,High,
DB_2897_CN,2025CS1736,Neeraj Chopra,5,126.0,7.55,25.43,90.0,7.8,8.17,82.4,High,
DB_2898_DS,2023IT1737,Riddhi Reddy,9,198.4,6.95,21.38,90.0,6.2,6.38,70.9,Medium,
DB_2898_PY,2023IT1737,Riddhi Reddy,9,309.8,6.45,15.17,85.0,6.6,6.38,70.1,Medium,
DB_2898_ML,2023IT1737,Riddhi Reddy,3,198.9,4.1,12.1,100.0,6.3,6.38,74.8,Medium,
DB_2899_DS,2024AI1738,Nisha Verma,14,338.8,9.65,29.67,90.0,9.2,8.83,96.3,High,
DB_2899_PY,2024AI1738,Nisha Verma,12,246.9,9.8,26.72,100.0,8.8,8.83,94.8,High,
DB_2899_AIML,2024AI1738,Nisha Verma,8,157.2,10.0,38.93,100.0,9.6,8.83,96.9,High,
DB_2899_ML,2024AI1738,Nisha Verma,2,172.5,5.0,17.3,95.0,9.3,8.83,94.4,High,
DB_2900_DS,2025DS1739,Ekta Mukherjee,7,127.4,9.5,26.7,85.0,8.3,9.56,90.1,High,
DB_2900_ML,2025DS1739,Ekta Mukherjee,3,202.1,4.5,17.1,95.0,8.7,9.56,93.1,High,
DB_2901_DS,2023EC1740,Amit Khanna,6,112.7,7.9,18.8,90.0,8.9,8.28,87.3,High,
DB_2901_PY,2023EC1740,Amit Khanna,16,357.1,8.69,21.75,100.0,8.3,8.28,87.4,High,
DB_2902_DS,2024EE1741,Diya Sood,7,222.8,9.68,26.73,90.0,9.0,9.71,93.9,High,
DB_2902_WD,2024EE1741,Diya Sood,16,352.9,8.65,26.5,95.0,9.4,9.71,98.0,High,
DB_2903_PY,2025ME1742,Deepa Chauhan,10,250.9,7.17,12.35,85.0,6.0,5.38,66.5,Medium,
DB_2903_WD,2025ME1742,Deepa Chauhan,11,349.1,6.63,10.9,75.0,5.8,5.38,60.5,Medium,
DB_2903_ML,2025ME1742,Deepa Chauhan,3,206.5,2.5,13.7,85.0,5.7,5.38,64.7,Medium,
DB_2904_DS,2023CE1743,Vandana Shah,7,134.8,8.05,13.7,90.0,6.5,6.65,77.4,High,
DB_2904_PY,2023CE1743,Vandana Shah,16,342.4,6.83,18.13,85.0,6.5,6.65,70.4,Medium,
DB_2904_WD,2023CE1743,Vandana Shah,10,252.0,7.15,17.45,95.0,6.9,6.65,74.6,Medium,
DB_2905_WD,2024CS1744,Mansi Kumar,4,107.3,6.53,22.01,80.0,7.5,8.18,78.8,High,
DB_2905_CN,2024CS1744,Mansi Kumar,10,159.7,6.97,20.41,90.0,7.2,8.18,81.1,High,
DB_2905_AIML,2024CS1744,Mansi Kumar,12,243.8,7.75,33.74,90.0,7.5,8.18,84.8,High,
DB_2906_CN,2025IT1745,Anand Bose,2,39.6,5.87,17.95,85.0,6.1,5.15,64.3,Medium,
DB_2906_ML,2025IT1745,Anand Bose,2,141.1,3.3,12.55,80.0,5.8,5.15,66.7,Medium,
DB_2907_DS,2023AI1746,Chhavi Kohli,8,249.7,6.42,16.07,80.0,5.6,5.58,65.8,Medium,
DB_2907_CN,2023AI1746,Chhavi Kohli,3,61.5,5.79,14.7,85.0,5.9,5.58,67.3,Medium,
DB_2907_DSC,2023AI1746,Chhavi Kohli,6,207.1,5.31,16.97,75.0,5.9,5.58,62.6,Medium,
DB_2908_PY,2024DS1747,Riddhi Thomas,6,175.1,5.13,15.79,70.0,5.0,5.54,59.0,Medium,
DB_2908_CN,2024DS1747,Riddhi Thomas,8,151.8,4.86,14.6,90.0,5.3,5.54,59.7,Medium,
DB_2909_CN,2025EC1748,Atharva Iyer,10,186.9,7.07,24.9,90.0,6.6,7.89,72.9,Medium,
DB_2909_DSC,2025EC1748,Atharva Iyer,5,239.4,6.38,19.53,90.0,6.4,7.89,76.0,High,
DB_2909_AIML,2025EC1748,Atharva Iyer,10,196.4,6.15,28.03,100.0,6.5,7.89,77.1,High,
DB_2910_DS,2023EE1749,Anjali Mathew,8,183.6,6.05,19.9,75.0,5.7,6.09,61.6,Medium,
DB_2910_CN,2023EE1749,Anjali Mathew,11,190.4,6.5,15.65,80.0,5.9,6.09,67.0,Medium,
DB_2911_DS,2024ME1750,Kriti Kohli,8,197.6,7.57,24.31,85.0,7.3,7.98,76.9,High,
DB_2911_WD,2024ME1750,Kriti Kohli,10,217.7,8.02,25.07,95.0,7.7,7.98,88.3,High,
DB_2912_DS,2025CE1751,Charu Singh,6,183.2,8.86,22.43,90.0,9.2,9.31,86.4,High,
DB_2912_PY,2025CE1751,Charu Singh,4,75.6,9.3,31.7,100.0,8.2,9.31,93.2,High,
DB_2912_WD,2025CE1751,Charu Singh,5,154.3,8.21,40.3,95.0,8.9,9.31,87.9,High,
DB_2912_CN,2025CE1751,Charu Singh,7,165.2,9.62,22.16,100.0,9.2,9.31,96.7,High,
DB_2913_DS,2023CS1752,Tejas Lobo,10,327.6,5.06,19.27,85.0,5.0,5.35,59.2,Medium,
DB_2913_WD,2023CS1752,Tejas Lobo,5,152.2,4.8,17.93,95.0,4.8,5.35,61.4,Medium,
DB_2913_CN,2023CS1752,Tejas Lobo,4,158.7,6.2,14.66,70.0,5.4,5.35,61.7,Medium,
DB_2913_ML,2023CS1752,Tejas Lobo,3,193.2,2.3,8.4,85.0,5.1,5.35,51.9,Medium,
DB_2914_WD,2024IT1753,Arjun Roy,9,228.9,5.1,17.46,90.0,6.1,7.02,63.2,Medium,
DB_2914_CN,2024IT1753,Arjun Roy,5,95.0,5.69,16.51,90.0,6.1,7.02,70.0,Medium,
DB_2914_DSC,2024IT1753,Arjun Roy,7,203.2,6.04,10.7,80.0,5.7,7.02,62.0,Medium,
DB_2915_PY,2025AI1754,Bhavya Patil,7,141.4,8.93,26.06,100.0,9.3,8.4,96.1,High,
DB_2915_AIML,2025AI1754,Bhavya Patil,10,194.0,9.1,37.13,100.0,8.6,8.4,91.7,High,
DB_2915_ML,2025AI1754,Bhavya Patil,1,164.0,5.0,19.85,95.0,9.2,8.4,95.0,High,
DB_2916_DS,2023DS1755,Tejaswi Dwivedi,14,375.2,8.83,24.54,100.0,8.0,8.1,89.3,High,
DB_2916_PY,2023DS1755,Tejaswi Dwivedi,5,89.4,8.9,25.54,90.0,8.7,8.1,85.5,High,
DB_2916_AIML,2023DS1755,Tejaswi Dwivedi,12,233.6,9.1,35.53,95.0,8.2,8.1,87.8,High,
DB_2917_CN,2024EC1756,Vaibhav Iyer,5,138.5,8.4,20.96,80.0,7.2,7.73,81.3,High,
DB_2917_DSC,2024EC1756,Vaibhav Iyer,7,212.5,6.62,29.13,85.0,7.7,7.73,74.9,Medium,
DB_2917_ML,2024EC1756,Vaibhav Iyer,3,196.0,4.0,16.3,85.0,7.3,7.73,78.6,High,
DB_2918_DS,2025EE1757,Mahesh Chatterjee,8,208.6,9.4,27.0,95.0,9.3,9.71,97.8,High,
DB_2918_WD,2025EE1757,Mahesh Chatterjee,14,387.1,7.87,28.79,90.0,8.7,9.71,92.8,High,
DB_2918_DSC,2025EE1757,Mahesh Chatterjee,5,113.8,8.24,26.06,95.0,9.3,9.71,91.6,High,
DB_2919_WD,2023ME1758,Vandana Pillai,9,222.1,9.0,26.49,100.0,8.0,8.82,91.0,High,
DB_2919_AIML,2023ME1758,Vandana Pillai,10,207.6,9.16,33.0,90.0,8.5,8.82,89.5,High,
DB_2920_DS,2024CE1759,Preeti Saini,5,98.2,5.74,18.9,75.0,6.0,6.22,61.8,Medium,
DB_2920_PY,2024CE1759,Preeti Saini,6,99.8,5.27,18.55,80.0,5.5,6.22,59.7,Medium,
DB_2920_AIML,2024CE1759,Preeti Saini,7,144.5,5.22,18.0,95.0,5.7,6.22,64.9,Medium,
DB_2921_DS,2025CS1760,Suman Bajaj,9,278.7,9.6,20.0,100.0,9.1,9.61,97.5,High,
DB_2921_AIML,2025CS1760,Suman Bajaj,15,296.6,9.58,34.52,100.0,9.3,9.61,94.4,High,
DB_2922_DS,2023IT1761,Mukesh Saini,15,313.0,6.93,22.97,85.0,7.8,7.04,72.9,Medium,
DB_2922_DSC,2023IT1761,Mukesh Saini,2,55.0,7.8,25.47,90.0,7.1,7.04,78.3,High,
DB_2922_AIML,2023IT1761,Mukesh Saini,12,235.9,7.05,27.52,85.0,7.2,7.04,72.9,Medium,
DB_2923_WD,2024AI1762,Upasana Vashistha,7,290.1,5.71,17.11,80.0,5.7,6.25,65.6,Medium,
DB_2923_DSC,2024AI1762,Upasana Vashistha,5,106.1,4.87,18.62,65.0,5.3,6.25,61.8,Medium,
DB_2923_AIML,2024AI1762,Upasana Vashistha,8,182.6,5.4,21.14,85.0,5.4,6.25,63.5,Medium,
DB_2923_ML,2024AI1762,Upasana Vashistha,2,172.8,3.3,11.7,70.0,5.1,6.25,60.3,Medium,
DB_2924_PY,2025DS1763,Mohit Tripathi,14,309.8,8.45,21.06,80.0,7.7,9.06,81.9,High,
DB_2924_WD,2025DS1763,Mohit Tripathi,9,177.6,6.75,26.2,95.0,8.2,9.06,85.9,High,
DB_2924_DSC,2025DS1763,Mohit Tripathi,7,151.7,8.11,27.25,80.0,8.4,9.06,84.9,High,
DB_2924_ML,2025DS1763,Mohit Tripathi,3,196.9,5.0,15.1,80.0,7.8,9.06,87.0,High,
DB_2925_DS,2023EC1764,Leena Joshi,13,258.3,9.2,36.0,100.0,7.9,8.53,93.6,High,
DB_2925_CN,2023EC1764,Leena Joshi,7,139.8,8.26,21.09,95.0,7.5,8.53,83.9,High,
DB_2926_DS,2024EE1765,Meera Bhattacharya,7,249.0,7.54,21.28,80.0,6.7,6.52,74.2,Medium,
DB_2926_WD,2024EE1765,Meera Bhattacharya,5,168.5,8.5,21.05,75.0,6.3,6.52,70.9,Medium,
DB_2926_CN,2024EE1765,Meera Bhattacharya,8,179.8,5.43,17.33,80.0,7.0,6.52,69.4,Medium,
DB_2926_DSC,2024EE1765,Meera Bhattacharya,3,82.0,7.85,25.2,80.0,6.4,6.52,69.8,Medium,
DB_2927_DS,2025ME1766,Sumit Rao,12,272.1,7.45,22.07,90.0,6.6,6.43,76.9,High,
DB_2927_PY,2025ME1766,Sumit Rao,6,90.7,7.41,22.68,85.0,6.9,6.43,76.1,High,
DB_2927_WD,2025ME1766,Sumit Rao,12,334.5,6.25,23.77,80.0,7.0,6.43,72.3,Medium,
DB_2927_ML,2025ME1766,Sumit Rao,2,163.8,2.9,14.45,90.0,6.9,6.43,70.5,Medium,
DB_2928_DS,2023CE1767,Harsh Goyal,9,222.1,5.65,18.66,70.0,5.6,5.91,62.3,Medium,
DB_2928_WD,2023CE1767,Harsh Goyal,7,228.0,5.33,21.75,80.0,5.4,5.91,59.1,Medium,
DB_2928_DSC,2023CE1767,Harsh Goyal,11,247.7,4.4,18.62,75.0,5.9,5.91,57.7,Medium,
DB_2928_ML,2023CE1767,Harsh Goyal,3,198.0,2.9,10.8,95.0,5.9,5.91,67.2,Medium,
DB_2929_WD,2024CS1768,Rajesh Iyer,11,334.4,7.7,27.32,100.0,8.4,9.4,93.2,High,
DB_2929_DSC,2024CS1768,Rajesh Iyer,14,377.7,8.83,25.59,95.0,8.3,9.4,86.6,High,
DB_2929_AIML,2024CS1768,Rajesh Iyer,7,139.2,8.8,34.13,95.0,8.1,9.4,91.1,High,
DB_2929_ML,2024CS1768,Rajesh Iyer,3,199.2,4.8,19.6,85.0,8.3,9.4,94.5,High,
DB_2930_DS,2025IT1769,Rajendra Bhasin,19,515.6,8.57,25.58,90.0,7.9,8.59,88.2,High,
DB_2930_PY,2025IT1769,Rajendra Bhasin,10,217.2,9.37,17.35,90.0,8.2,8.59,89.3,High,
DB_2930_DSC,2025IT1769,Rajendra Bhasin,3,184.9,8.87,26.53,90.0,7.8,8.59,83.8,High,
DB_2930_AIML,2025IT1769,Rajendra Bhasin,9,164.9,8.5,32.4,95.0,8.4,8.59,87.0,High,
DB_2931_DS,2023AI1770,Zoya Duggal,10,231.2,9.66,31.03,95.0,9.8,9.05,93.0,High,
DB_2931_CN,2023AI1770,Zoya Duggal,11,228.0,7.5,26.51,100.0,10.0,9.05,98.0,High,
DB_2931_DSC,2023AI1770,Zoya Duggal,20,454.2,8.84,30.23,95.0,9.2,9.05,96.4,High,
DB_2931_ML,2023AI1770,Zoya Duggal,3,198.4,4.9,20.0,95.0,9.1,9.05,94.7,High,
DB_2932_AIML,2024DS1771,Shweta Jangid,5,101.4,4.86,17.76,90.0,5.2,5.04,57.8,Medium,
DB_2932_ML,2024DS1771,Shweta Jangid,3,189.6,2.4,10.6,70.0,5.3,5.04,55.4,Medium,
DB_2933_WD,2025EC1772,Barkha Pinto,15,395.4,6.9,18.27,95.0,7.4,7.59,78.5,High,
DB_2933_ML,2025EC1772,Barkha Pinto,3,204.0,3.9,13.7,90.0,7.3,7.59,75.3,High,
DB_2934_DS,2023EE1773,Ayan Garg,14,243.2,8.36,29.54,100.0,8.2,8.93,91.5,High,
DB_2934_CN,2023EE1773,Ayan Garg,15,325.2,9.4,25.31,85.0,8.0,8.93,88.7,High,
DB_2934_DSC,2023EE1773,Ayan Garg,11,274.3,7.9,28.92,95.0,8.1,8.93,89.3,High,
DB_2934_ML,2023EE1773,Ayan Garg,3,198.1,4.5,18.85,100.0,8.4,8.93,90.7,High,
DB_2935_DS,2024ME1774,Naveen Garg,17,455.5,8.95,27.06,85.0,8.5,9.15,88.7,High,
DB_2935_PY,2024ME1774,Naveen Garg,6,128.9,8.23,22.0,90.0,7.9,9.15,85.4,High,
DB_2936_DS,2025CE1775,Navya Chakraborty,14,296.6,9.75,29.1,90.0,9.3,8.99,92.2,High,
DB_2936_WD,2025CE1775,Navya Chakraborty,17,400.3,9.45,28.93,100.0,9.2,8.99,95.7,High,
DB_2936_ML,2025CE1775,Navya Chakraborty,2,157.4,4.3,17.5,100.0,9.5,8.99,90.6,High,
DB_2937_DSC,2023CS1776,Brijesh Chopra,7,182.4,4.38,16.15,65.0,4.6,5.98,55.7,Medium,
DB_2937_AIML,2023CS1776,Brijesh Chopra,7,143.9,4.8,19.18,70.0,5.2,5.98,58.5,Medium,
DB_2938_DS,2024IT1777,Neeraj Goyal,13,331.8,7.13,30.5,95.0,7.0,6.58,76.1,High,
DB_2938_WD,2024IT1777,Neeraj Goyal,12,308.0,6.22,18.32,95.0,7.4,6.58,72.5,Medium,
DB_2939_PY,2025AI1778,Omkar Shukla,14,350.3,8.7,20.57,90.0,7.2,7.3,80.7,High,
DB_2939_DSC,2025AI1778,Omkar Shukla,4,103.4,6.76,31.23,85.0,7.2,7.3,74.1,Medium,
DB_2940_CN,2023DS1779,Nidhi Pandey,17,372.2,8.73,24.73,95.0,10.0,9.27,94.4,High,
DB_2940_AIML,2023DS1779,Nidhi Pandey,14,271.6,9.7,38.48,100.0,9.0,9.27,98.0,High,
DB_2940_ML,2023DS1779,Nidhi Pandey,3,198.5,5.0,18.9,90.0,9.4,9.27,97.5,High,
DB_2941_DS,2024EC1780,Parag Joshi,10,204.9,8.3,28.18,70.0,8.0,8.14,79.6,High,
DB_2941_CN,2024EC1780,Parag Joshi,5,131.8,6.15,21.83,90.0,7.6,8.14,87.1,High,
DB_2941_ML,2024EC1780,Parag Joshi,2,165.7,4.1,19.1,90.0,7.9,8.14,85.1,High,
DB_2942_PY,2025EE1781,Aarti Talwar,11,208.1,6.5,16.46,70.0,5.3,6.24,64.9,Medium,
DB_2942_CN,2025EE1781,Aarti Talwar,8,211.6,4.74,13.39,90.0,5.6,6.24,61.5,Medium,
DB_2942_ML,2025EE1781,Aarti Talwar,2,145.9,2.4,11.9,85.0,5.4,6.24,61.1,Medium,
DB_2943_DS,2023ME1782,Ganesh Menon,4,92.5,4.2,13.46,50.0,4.3,5.31,44.8,Low,
DB_2943_PY,2023ME1782,Ganesh Menon,7,181.0,4.5,11.12,75.0,4.6,5.31,53.7,Medium,
DB_2943_WD,2023ME1782,Ganesh Menon,6,176.2,3.83,8.8,90.0,4.3,5.31,48.1,Low,
DB_2943_DSC,2023ME1782,Ganesh Menon,5,168.5,3.75,15.27,95.0,3.9,5.31,51.7,Medium,
DB_2944_WD,2024CE1783,Indu Iyer,7,255.6,5.02,16.11,90.0,4.4,5.15,56.1,Medium,
DB_2944_CN,2024CE1783,Indu Iyer,5,144.8,4.01,7.95,95.0,4.5,5.15,56.4,Medium,
DB_2944_DSC,2024CE1783,Indu Iyer,8,240.2,3.98,14.76,80.0,4.2,5.15,52.4,Medium,
DB_2944_AIML,2024CE1783,Indu Iyer,8,146.0,5.97,17.2,75.0,4.3,5.15,53.1,Medium,
DB_2945_WD,2025CS1784,Amit Thomas,4,95.0,6.75,16.66,75.0,5.5,6.17,66.4,Medium,
DB_2945_AIML,2025CS1784,Amit Thomas,9,184.7,6.07,21.26,80.0,4.9,6.17,63.6,Medium,
DB_2946_WD,2023IT1785,Abhishek Maurya,11,268.5,7.1,20.68,90.0,6.5,6.22,76.6,High,
DB_2946_CN,2023IT1785,Abhishek Maurya,7,108.5,7.98,17.8,100.0,7.2,6.22,80.1,High,
DB_2946_DSC,2023IT1785,Abhishek Maurya,11,256.5,7.0,22.66,95.0,6.9,6.22,75.1,High,
DB_2947_DS,2024AI1786,Indu Garg,13,418.3,8.74,25.1,95.0,8.6,8.97,87.8,High,
DB_2947_WD,2024AI1786,Indu Garg,18,456.6,8.95,25.86,90.0,8.5,8.97,85.1,High,
DB_2947_AIML,2024AI1786,Indu Garg,8,176.9,9.6,33.2,100.0,8.2,8.97,93.1,High,
DB_2947_ML,2024AI1786,Indu Garg,2,170.4,3.9,19.2,85.0,7.9,8.97,86.4,High,
DB_2948_PY,2025DS1787,Abhishek Vashistha,14,297.1,5.6,14.88,95.0,6.1,5.14,65.3,Medium,
DB_2948_CN,2025DS1787,Abhishek Vashistha,12,236.5,5.19,16.78,85.0,5.7,5.14,61.0,Medium,
DB_2948_AIML,2025DS1787,Abhishek Vashistha,3,79.7,6.3,27.8,80.0,5.4,5.14,64.6,Medium,
DB_2948_ML,2025DS1787,Abhishek Vashistha,2,173.4,2.2,10.7,95.0,5.1,5.14,58.2,Medium,
DB_2949_DS,2023EC1788,Saurabh Lobo,6,95.2,7.4,19.57,70.0,6.5,6.88,66.2,Medium,
DB_2949_WD,2023EC1788,Saurabh Lobo,10,210.5,6.88,20.95,80.0,6.3,6.88,70.9,Medium,
DB_2949_DSC,2023EC1788,Saurabh Lobo,5,169.5,5.75,18.44,70.0,6.6,6.88,65.0,Medium,
DB_2949_ML,2023EC1788,Saurabh Lobo,2,168.7,3.5,12.5,95.0,6.5,6.88,70.7,Medium,
DB_2950_WD,2024EE1789,Gautam Agarwal,9,217.7,6.72,21.48,85.0,6.3,7.54,72.8,Medium,
DB_2950_DSC,2024EE1789,Gautam Agarwal,7,165.4,7.38,21.69,80.0,6.4,7.54,75.1,High,
DB_2951_DS,2025ME1790,Nikhil Sharma,11,244.0,6.81,20.8,80.0,6.1,6.34,68.1,Medium,
DB_2951_AIML,2025ME1790,Nikhil Sharma,7,126.6,7.43,35.3,85.0,6.4,6.34,72.5,Medium,
DB_2951_ML,2025ME1790,Nikhil Sharma,2,144.5,3.8,14.9,90.0,6.3,6.34,74.0,Medium,
DB_2952_PY,2023CE1791,Umesh Singhal,13,284.0,8.55,23.23,95.0,8.1,9.47,86.3,High,
DB_2952_CN,2023CE1791,Umesh Singhal,15,279.1,8.53,23.96,95.0,8.6,9.47,93.3,High,
DB_2953_WD,2024CS1792,Gautam Ganguly,10,213.0,7.04,25.0,85.0,7.5,7.21,78.8,High,
DB_2953_DSC,2024CS1792,Gautam Ganguly,9,252.1,7.12,27.4,95.0,7.5,7.21,79.5,High,
DB_2954_PY,2025IT1793,Naveen Agarwal,11,259.4,7.94,20.02,95.0,8.3,8.03,83.0,High,
DB_2954_CN,2025IT1793,Naveen Agarwal,7,208.4,7.93,23.75,100.0,7.7,8.03,89.5,High,
DB_2954_DSC,2025IT1793,Naveen Agarwal,14,370.2,7.97,33.3,100.0,8.4,8.03,92.1,High,
DB_2954_AIML,2025IT1793,Naveen Agarwal,16,300.8,8.44,33.62,100.0,8.5,8.03,89.7,High,
DB_2955_DS,2023AI1794,Karan Mehta,19,477.4,8.17,26.86,100.0,8.3,8.99,87.0,High,
DB_2955_PY,2023AI1794,Karan Mehta,10,195.9,9.03,23.34,90.0,8.2,8.99,87.8,High,
DB_2956_DS,2024DS1795,Omkar Goyal,7,280.7,6.4,18.59,80.0,5.6,5.56,62.0,Medium,
DB_2956_PY,2024DS1795,Omkar Goyal,8,167.1,5.97,14.78,60.0,6.0,5.56,60.8,Medium,
DB_2956_DSC,2024DS1795,Omkar Goyal,10,260.4,6.25,16.73,80.0,5.4,5.56,65.5,Medium,
DB_2956_ML,2024DS1795,Omkar Goyal,2,144.7,3.2,11.9,80.0,5.4,5.56,63.1,Medium,
DB_2957_DSC,2025EC1796,Saanvi Dhawan,8,202.4,5.65,13.85,90.0,6.4,7.79,74.8,Medium,
DB_2957_AIML,2025EC1796,Saanvi Dhawan,8,211.8,6.53,29.03,65.0,6.8,7.79,72.3,Medium,
DB_2957_ML,2025EC1796,Saanvi Dhawan,3,184.2,3.1,14.0,85.0,7.0,7.79,72.2,Medium,
DB_2958_DS,2023EE1797,Chetna Sethi,9,207.1,4.88,14.55,80.0,4.4,5.39,57.0,Medium,
DB_2958_PY,2023EE1797,Chetna Sethi,5,134.9,5.05,13.78,80.0,5.0,5.39,53.7,Medium,
DB_2958_ML,2023EE1797,Chetna Sethi,2,154.7,2.1,9.3,75.0,4.4,5.39,49.9,Low,
DB_2959_WD,2024ME1798,Chinmay Agarwal,8,269.9,3.3,14.04,75.0,4.0,5.02,46.3,Low,
DB_2959_CN,2024ME1798,Chinmay Agarwal,5,185.7,3.03,10.7,70.0,4.6,5.02,53.3,Medium,
DB_2959_AIML,2024ME1798,Chinmay Agarwal,6,146.1,4.56,16.27,90.0,4.2,5.02,55.1,Medium,
DB_2959_ML,2024ME1798,Chinmay Agarwal,2,167.4,2.9,8.3,85.0,4.5,5.02,57.6,Medium,
DB_2960_PY,2025CE1799,Reyansh Mehta,7,188.5,5.49,15.16,85.0,5.3,6.3,64.7,Medium,
DB_2960_AIML,2025CE1799,Reyansh Mehta,8,166.5,6.31,23.88,90.0,6.1,6.3,65.3,Medium,
DB_2960_ML,2025CE1799,Reyansh Mehta,2,172.1,3.5,11.3,90.0,6.0,6.3,65.2,Medium,
DB_2961_PY,2023CS1800,Yogesh Chopra,11,260.5,8.28,18.9,100.0,7.9,7.84,86.8,High,
DB_2961_CN,2023CS1800,Yogesh Chopra,11,203.7,8.1,21.28,100.0,7.7,7.84,86.4,High,
DB_2961_AIML,2023CS1800,Yogesh Chopra,9,174.9,8.4,33.9,95.0,8.2,7.84,83.4,High,
DB_2961_ML,2023CS1800,Yogesh Chopra,3,189.3,3.4,16.9,95.0,8.2,7.84,80.6,High,
DB_2962_PY,2024IT1801,Nikhil Lamba,11,190.5,7.0,12.5,90.0,6.5,6.39,68.2,Medium,
DB_2962_CN,2024IT1801,Nikhil Lamba,10,219.9,6.97,18.68,85.0,6.5,6.39,69.2,Medium,
DB_2962_DSC,2024IT1801,Nikhil Lamba,9,225.5,6.67,20.76,80.0,6.4,6.39,72.8,Medium,
DB_2963_PY,2025AI1802,Deepika Pinto,4,100.7,6.75,20.2,95.0,6.4,7.26,74.1,Medium,
DB_2963_CN,2025AI1802,Deepika Pinto,10,245.0,6.5,16.7,75.0,6.5,7.26,72.6,Medium,
DB_2963_ML,2025AI1802,Deepika Pinto,2,171.1,3.4,13.3,75.0,6.0,7.26,68.5,Medium,
DB_2964_DS,2023DS1803,Rakesh Verma,14,334.7,8.0,13.65,80.0,7.0,6.79,76.4,High,
DB_2964_WD,2023DS1803,Rakesh Verma,5,102.5,5.57,19.79,90.0,6.9,6.79,71.9,Medium,
DB_2964_CN,2023DS1803,Rakesh Verma,8,180.9,6.12,19.19,90.0,6.7,6.79,72.8,Medium,
DB_2964_ML,2023DS1803,Rakesh Verma,2,184.8,3.9,14.6,75.0,6.9,6.79,73.9,Medium,
DB_2965_DS,2024EC1804,Sandesh Bishnoi,11,283.8,5.53,15.82,80.0,5.1,5.22,57.8,Medium,
DB_2965_PY,2024EC1804,Sandesh Bishnoi,6,101.3,5.68,15.33,80.0,5.1,5.22,59.3,Medium,
DB_2965_WD,2024EC1804,Sandesh Bishnoi,7,154.9,5.39,23.2,80.0,5.2,5.22,59.9,Medium,
DB_2966_DSC,2025EE1805,Saurabh Majumdar,5,106.0,5.2,21.93,85.0,5.3,5.66,59.5,Medium,
DB_2966_ML,2025EE1805,Saurabh Majumdar,2,175.8,2.9,10.1,90.0,4.9,5.66,62.4,Medium,
DB_2967_PY,2023ME1806,Amit Upadhyay,6,161.6,5.76,15.4,85.0,5.1,6.09,60.9,Medium,
DB_2967_WD,2023ME1806,Amit Upadhyay,9,258.6,6.02,10.6,90.0,5.5,6.09,63.7,Medium,
DB_2967_DSC,2023ME1806,Amit Upadhyay,7,246.2,4.9,18.04,85.0,5.3,6.09,62.5,Medium,
DB_2967_ML,2023ME1806,Amit Upadhyay,3,183.3,2.0,9.6,75.0,5.2,6.09,50.9,Medium,
DB_2968_PY,2024CE1807,Jyoti Menon,8,214.9,5.57,13.25,75.0,5.2,5.99,55.8,Medium,
DB_2968_CN,2024CE1807,Jyoti Menon,7,156.7,6.3,7.2,90.0,5.1,5.99,64.5,Medium,
DB_2969_WD,2025CS1808,Komal Grover,6,122.9,4.96,15.34,90.0,5.0,6.15,60.0,Medium,
DB_2969_CN,2025CS1808,Komal Grover,9,185.9,4.7,12.35,85.0,5.4,6.15,60.7,Medium,
DB_2969_AIML,2025CS1808,Komal Grover,8,159.9,5.69,24.96,90.0,5.0,6.15,65.9,Medium,
DB_2970_PY,2023IT1809,Sanket Shukla,12,304.2,6.55,18.84,90.0,7.7,8.02,75.9,High,
DB_2970_AIML,2023IT1809,Sanket Shukla,3,85.5,9.2,35.4,85.0,7.7,8.02,83.4,High,
DB_2970_ML,2023IT1809,Sanket Shukla,3,189.0,4.1,13.4,90.0,6.8,8.02,75.1,High,
DB_2971_WD,2024AI1810,Parag Mukherjee,14,386.0,9.4,34.72,100.0,9.3,9.59,97.7,High,
DB_2971_CN,2024AI1810,Parag Mukherjee,12,227.9,8.72,22.0,100.0,8.9,9.59,92.2,High,
DB_2971_DSC,2024AI1810,Parag Mukherjee,14,243.7,9.35,34.1,90.0,9.3,9.59,91.4,High,
DB_2972_DS,2025DS1811,Mohit Thomas,16,419.6,9.53,28.63,95.0,9.1,9.73,97.0,High,
DB_2972_DSC,2025DS1811,Mohit Thomas,16,338.1,10.0,30.27,100.0,9.1,9.73,95.8,High,
DB_2972_AIML,2025DS1811,Mohit Thomas,16,315.2,9.95,39.15,90.0,9.9,9.73,97.1,High,
DB_2973_PY,2023EC1812,Ramesh Thomas,11,224.1,9.0,19.8,95.0,7.6,9.14,88.3,High,
DB_2973_WD,2023EC1812,Ramesh Thomas,6,130.4,6.8,22.1,100.0,8.2,9.14,79.5,High,
DB_2974_DS,2024EE1813,Kavya Patil,11,202.3,7.67,27.57,100.0,8.2,8.24,83.0,High,
DB_2974_CN,2024EE1813,Kavya Patil,12,302.2,9.9,19.53,95.0,8.3,8.24,87.6,High,
DB_2974_DSC,2024EE1813,Kavya Patil,13,312.3,9.3,32.7,90.0,8.4,8.24,90.7,High,
DB_2975_DSC,2025ME1814,Kabir Mukherjee,11,302.4,8.16,28.7,95.0,8.0,7.63,86.3,High,
DB_2975_AIML,2025ME1814,Kabir Mukherjee,13,275.1,9.16,37.95,85.0,8.4,7.63,85.1,High,
DB_2976_WD,2023CE1815,Diya Mathew,3,97.0,5.92,16.2,90.0,5.8,5.83,67.2,Medium,
DB_2976_AIML,2023CE1815,Diya Mathew,9,183.3,6.4,25.03,80.0,5.6,5.83,65.8,Medium,
DB_2977_DS,2024CS1816,Jagdish Fernandes,10,258.5,6.46,16.6,90.0,5.7,6.76,67.0,Medium,
DB_2977_CN,2024CS1816,Jagdish Fernandes,9,254.2,5.75,15.32,90.0,6.1,6.76,67.1,Medium,
DB_2977_DSC,2024CS1816,Jagdish Fernandes,5,117.7,4.92,22.53,90.0,6.1,6.76,68.8,Medium,
DB_2977_AIML,2024CS1816,Jagdish Fernandes,8,162.3,6.02,24.94,95.0,6.2,6.76,71.1,Medium,
DB_2978_WD,2025IT1817,Tanvi Iyer,8,175.5,6.25,21.36,75.0,6.7,7.76,66.5,Medium,
DB_2978_CN,2025IT1817,Tanvi Iyer,7,137.5,6.55,19.01,90.0,6.6,7.76,72.6,Medium,
DB_2978_AIML,2025IT1817,Tanvi Iyer,8,155.4,6.1,25.4,90.0,6.1,7.76,73.1,Medium,
DB_2979_PY,2023AI1818,Gautam Nambiar,11,311.1,7.85,21.65,90.0,7.9,8.93,84.0,High,
DB_2979_CN,2023AI1818,Gautam Nambiar,15,333.0,7.93,20.81,95.0,8.3,8.93,85.9,High,
DB_2979_DSC,2023AI1818,Gautam Nambiar,14,302.8,8.14,31.0,95.0,8.3,8.93,90.8,High,
DB_2979_ML,2023AI1818,Gautam Nambiar,3,194.2,4.1,17.4,95.0,8.5,8.93,88.4,High,
DB_2980_WD,2024DS1819,Ajay Upadhyay,11,316.8,4.8,17.8,90.0,5.1,5.89,61.5,Medium,
DB_2980_CN,2024DS1819,Ajay Upadhyay,4,75.6,5.34,13.1,85.0,5.4,5.89,59.3,Medium,
DB_2980_DSC,2024DS1819,Ajay Upadhyay,7,138.1,4.9,14.92,75.0,5.8,5.89,58.9,Medium,
DB_2981_WD,2025EC1820,Pragya Khanna,13,338.5,4.75,14.47,95.0,4.4,5.65,59.1,Medium,
DB_2981_CN,2025EC1820,Pragya Khanna,4,99.0,4.57,12.01,90.0,4.6,5.65,55.5,Medium,
DB_2981_DSC,2025EC1820,Pragya Khanna,4,76.9,4.0,18.74,75.0,4.2,5.65,53.3,Medium,
DB_2981_ML,2025EC1820,Pragya Khanna,1,123.3,2.4,11.9,70.0,5.0,5.65,57.9,Medium,
DB_2982_DS,2023EE1821,Shweta Duggal,17,457.1,8.17,24.24,80.0,8.1,8.01,84.8,High,
DB_2982_PY,2023EE1821,Shweta Duggal,8,157.0,8.29,24.6,100.0,8.2,8.01,86.7,High,
DB_2982_DSC,2023EE1821,Shweta Duggal,7,218.9,6.2,21.33,90.0,7.7,8.01,86.4,High,
DB_2983_DSC,2024ME1822,Dinesh Jindal,7,125.9,5.62,21.9,95.0,5.6,6.04,64.4,Medium,
DB_2983_AIML,2024ME1822,Dinesh Jindal,4,76.6,5.2,19.9,80.0,5.7,6.04,62.9,Medium,
DB_2984_PY,2025CE1823,Kunal Kulkarni,11,186.5,5.6,14.04,95.0,5.2,5.09,65.1,Medium,
DB_2984_WD,2025CE1823,Kunal Kulkarni,6,199.5,5.14,9.0,85.0,4.4,5.09,55.6,Medium,
DB_2984_CN,2025CE1823,Kunal Kulkarni,5,83.2,5.0,13.62,80.0,4.9,5.09,60.1,Medium,
DB_2984_ML,2025CE1823,Kunal Kulkarni,3,196.8,2.0,11.7,80.0,5.0,5.09,56.1,Medium,
DB_2985_CN,2023CS1824,Ramesh Sharma,7,134.3,6.34,18.51,80.0,7.0,7.87,72.4,Medium,
DB_2985_AIML,2023CS1824,Ramesh Sharma,8,202.6,7.41,31.27,95.0,6.7,7.87,76.4,High,
DB_2985_ML,2023CS1824,Ramesh Sharma,1,135.1,2.9,13.2,95.0,6.2,7.87,70.9,Medium,
DB_2986_PY,2024IT1825,Vaibhav Chauhan,19,422.4,9.14,27.37,100.0,9.2,8.92,93.5,High,
DB_2986_WD,2024IT1825,Vaibhav Chauhan,19,475.2,9.05,32.86,95.0,9.7,8.92,95.2,High,
DB_2986_ML,2024IT1825,Vaibhav Chauhan,3,199.7,5.0,18.95,90.0,9.0,8.92,95.0,High,
DB_2987_WD,2025AI1826,Sunita Maurya,9,203.1,5.88,19.75,90.0,5.3,5.99,63.9,Medium,
DB_2987_DSC,2025AI1826,Sunita Maurya,8,162.1,6.2,18.73,75.0,5.6,5.99,66.9,Medium,
DB_2987_AIML,2025AI1826,Sunita Maurya,9,176.7,6.67,23.42,90.0,6.2,5.99,68.5,Medium,
DB_2987_ML,2025AI1826,Sunita Maurya,2,163.7,3.5,13.5,75.0,5.6,5.99,67.8,Medium,
DB_2988_DS,2023DS1827,Isha Chauhan,9,225.5,6.13,19.25,85.0,5.4,6.19,61.7,Medium,
DB_2988_CN,2023DS1827,Isha Chauhan,6,138.3,5.93,17.28,75.0,6.2,6.19,64.5,Medium,
DB_2988_ML,2023DS1827,Isha Chauhan,3,194.5,2.3,12.6,90.0,5.7,6.19,61.7,Medium,
DB_2989_DS,2024EC1828,Aadhya Chauhan,5,106.3,9.22,21.84,95.0,7.9,7.84,84.0,High,
DB_2989_ML,2024EC1828,Aadhya Chauhan,2,161.2,3.8,17.2,95.0,8.4,7.84,81.4,High,
DB_2990_DS,2025EE1829,Ananya Kaushik,15,287.4,9.55,26.93,95.0,9.0,9.04,91.7,High,
DB_2990_PY,2025EE1829,Ananya Kaushik,4,65.4,8.35,26.85,90.0,8.6,9.04,87.8,High,
DB_2990_WD,2025EE1829,Ananya Kaushik,15,333.5,8.0,16.7,100.0,9.5,9.04,93.6,High,
DB_2990_ML,2025EE1829,Ananya Kaushik,2,145.7,4.8,17.9,100.0,9.3,9.04,95.1,High,
DB_2991_WD,2023ME1830,Shweta Kulkarni,14,345.8,6.05,24.67,95.0,8.0,8.5,84.8,High,
DB_2991_CN,2023ME1830,Shweta Kulkarni,15,337.8,10.0,24.5,90.0,8.4,8.5,89.7,High,
DB_2991_AIML,2023ME1830,Shweta Kulkarni,8,183.7,8.6,38.6,85.0,8.2,8.5,86.2,High,
DB_2992_WD,2024CE1831,Mahesh Pinto,10,303.8,5.6,21.4,90.0,6.9,7.58,74.2,Medium,
DB_2992_DSC,2024CE1831,Mahesh Pinto,11,278.1,7.87,24.52,85.0,6.7,7.58,77.6,High,
DB_2993_PY,2025CS1832,Shruti Tripathi,3,103.7,5.3,15.43,80.0,4.6,5.31,56.7,Medium,
DB_2993_DSC,2025CS1832,Shruti Tripathi,7,141.8,5.25,16.26,85.0,5.4,5.31,55.6,Medium,
DB_2993_ML,2025CS1832,Shruti Tripathi,3,192.2,3.0,10.25,90.0,5.0,5.31,64.0,Medium,
DB_2994_DS,2023IT1833,Manoj Kapoor,12,363.8,5.4,19.46,100.0,5.9,5.67,66.5,Medium,
DB_2994_WD,2023IT1833,Manoj Kapoor,4,218.9,6.2,19.38,75.0,6.3,5.67,66.4,Medium,
DB_2994_AIML,2023IT1833,Manoj Kapoor,3,77.7,6.56,23.4,90.0,6.1,5.67,69.8,Medium,
DB_2995_CN,2024AI1834,Bhavin Ghosh,9,231.1,4.82,11.86,85.0,5.1,5.42,54.8,Medium,
DB_2995_DSC,2024AI1834,Bhavin Ghosh,6,154.6,4.3,16.5,95.0,4.3,5.42,54.2,Medium,
DB_2996_PY,2025DS1835,Vaibhav Lobo,10,206.2,5.6,14.7,75.0,5.1,5.33,54.9,Medium,
DB_2996_AIML,2025DS1835,Vaibhav Lobo,5,134.7,4.94,16.2,80.0,5.1,5.33,57.2,Medium,
DB_2997_DS,2023EC1836,Sandesh Vashistha,10,315.6,9.1,30.23,100.0,8.7,9.24,92.1,High,
DB_2997_CN,2023EC1836,Sandesh Vashistha,8,180.2,8.17,14.2,90.0,8.3,9.24,90.3,High,
DB_2997_DSC,2023EC1836,Sandesh Vashistha,6,107.2,10.0,33.27,85.0,8.5,9.24,89.9,High,
DB_2998_WD,2024EE1837,Chhavi Garg,11,322.8,6.15,16.49,75.0,5.4,6.04,62.0,Medium,
DB_2998_CN,2024EE1837,Chhavi Garg,6,116.6,5.13,14.4,100.0,5.9,6.04,64.6,Medium,
DB_2998_DSC,2024EE1837,Chhavi Garg,8,159.5,5.58,19.77,65.0,6.0,6.04,62.0,Medium,
DB_2998_ML,2024EE1837,Chhavi Garg,3,195.3,3.1,11.1,85.0,5.9,6.04,67.0,Medium,
DB_2999_DS,2025ME1838,Navya Suri,10,250.0,6.42,19.49,85.0,5.9,6.44,66.1,Medium,
DB_2999_ML,2025ME1838,Navya Suri,3,197.0,2.9,15.0,90.0,5.7,6.44,70.0,Medium,
DB_3000_DS,2023CE1839,Deepa Menon,8,273.9,4.62,16.76,100.0,5.0,6.14,63.2,Medium,
DB_3000_WD,2023CE1839,Deepa Menon,8,228.8,4.27,13.07,70.0,5.0,6.14,54.3,Medium,
DB_3000_DSC,2023CE1839,Deepa Menon,5,174.2,5.25,21.65,85.0,5.3,6.14,59.2,Medium,
DB_3000_AIML,2023CE1839,Deepa Menon,2,70.4,5.7,16.97,80.0,4.9,6.14,59.1,Medium,
DB_3001_DS,2024CS1840,Lalit Maurya,17,363.5,9.07,29.21,95.0,8.8,9.36,92.0,High,
DB_3001_DSC,2024CS1840,Lalit Maurya,16,364.9,8.53,40.55,95.0,9.1,9.36,94.3,High,
DB_3001_ML,2024CS1840,Lalit Maurya,3,195.8,4.6,20.0,100.0,8.5,9.36,97.6,High,
DB_3002_DS,2025IT1841,Pramod Jangid,8,220.9,7.0,19.02,95.0,6.1,6.54,73.1,Medium,
DB_3002_PY,2025IT1841,Pramod Jangid,12,226.0,6.9,14.03,75.0,6.9,6.54,70.4,Medium,
DB_3002_CN,2025IT1841,Pramod Jangid,12,230.7,6.37,17.03,100.0,6.7,6.54,73.7,Medium,
DB_3002_DSC,2025IT1841,Pramod Jangid,6,144.5,7.6,25.52,95.0,6.6,6.54,78.7,High,
DB_3003_DSC,2023AI1842,Hardik Mishra,16,357.1,7.2,30.62,90.0,9.3,8.66,90.2,High,
DB_3003_ML,2023AI1842,Hardik Mishra,3,195.9,4.8,19.0,100.0,8.5,8.66,96.3,High,
DB_3004_DS,2024DS1843,Vandana Dutta,8,219.6,6.45,21.02,75.0,6.5,7.65,72.0,Medium,
DB_3004_WD,2024DS1843,Vandana Dutta,11,215.1,6.23,23.43,90.0,6.9,7.65,74.9,Medium,
DB_3004_DSC,2024DS1843,Vandana Dutta,5,151.0,7.3,26.22,95.0,7.2,7.65,79.8,High,
DB_3004_ML,2024DS1843,Vandana Dutta,2,163.9,3.6,14.75,85.0,7.0,7.65,77.7,High,
DB_3005_PY,2025EC1844,Tanisha Bajaj,7,171.8,5.75,13.13,75.0,5.5,5.14,61.4,Medium,
DB_3005_DSC,2025EC1844,Tanisha Bajaj,5,90.8,4.62,15.21,80.0,5.5,5.14,56.3,Medium,
DB_3005_AIML,2025EC1844,Tanisha Bajaj,7,146.9,4.5,24.4,80.0,5.3,5.14,59.1,Medium,
DB_3005_ML,2025EC1844,Tanisha Bajaj,2,175.3,2.5,12.2,90.0,5.3,5.14,61.1,Medium,
DB_3006_WD,2023EE1845,Tanmay Shukla,11,323.0,5.47,15.6,100.0,4.7,5.7,64.9,Medium,
DB_3006_DSC,2023EE1845,Tanmay Shukla,3,98.1,5.0,12.6,95.0,5.2,5.7,66.5,Medium,
DB_3007_PY,2024ME1846,Zoya Chopra,17,315.7,8.67,23.57,90.0,8.0,9.03,89.1,High,
DB_3007_WD,2024ME1846,Zoya Chopra,5,137.9,6.65,23.5,90.0,8.3,9.03,84.4,High,
DB_3007_DSC,2024ME1846,Zoya Chopra,5,129.0,7.52,27.11,95.0,8.2,9.03,87.3,High,
DB_3007_ML,2024ME1846,Zoya Chopra,3,203.9,3.7,17.4,100.0,8.4,9.03,84.6,High,
DB_3008_WD,2025CE1847,Reyansh Chaubey,8,190.2,7.52,15.8,100.0,7.6,7.85,85.9,High,
DB_3008_CN,2025CE1847,Reyansh Chaubey,7,112.5,7.25,19.66,90.0,7.5,7.85,81.0,High,
DB_3009_DS,2023CS1848,Ira Awasthi,18,389.3,9.57,25.5,95.0,9.6,9.36,96.5,High,
DB_3009_CN,2023CS1848,Ira Awasthi,16,357.6,8.69,24.65,100.0,9.8,9.36,94.9,High,
DB_3009_DSC,2023CS1848,Ira Awasthi,15,318.3,8.34,30.42,95.0,9.4,9.36,95.0,High,
DB_3010_PY,2024IT1849,Sachin Singhal,7,190.1,5.88,14.21,85.0,5.4,6.28,62.4,Medium,
DB_3010_WD,2024IT1849,Sachin Singhal,10,255.1,5.6,17.79,90.0,5.7,6.28,61.9,Medium,
DB_3010_CN,2024IT1849,Sachin Singhal,6,182.6,5.8,14.37,90.0,5.9,6.28,64.4,Medium,
DB_3010_ML,2024IT1849,Sachin Singhal,3,201.7,3.2,12.8,85.0,5.4,6.28,65.7,Medium,
DB_3011_DS,2025AI1850,Hemlata Joseph,17,458.8,8.52,27.47,100.0,8.1,8.34,84.8,High,
DB_3011_PY,2025AI1850,Hemlata Joseph,6,126.1,9.75,23.66,95.0,8.4,8.34,91.4,High,
DB_3011_WD,2025AI1850,Hemlata Joseph,8,158.6,9.03,30.8,100.0,8.3,8.34,87.9,High,
DB_3011_CN,2025AI1850,Hemlata Joseph,9,187.8,7.66,20.71,95.0,8.1,8.34,85.2,High,
DB_3012_PY,2023DS1851,Chhavi Nair,12,263.6,7.8,20.23,95.0,7.3,6.89,81.6,High,
DB_3012_WD,2023DS1851,Chhavi Nair,13,243.7,7.65,24.6,95.0,7.8,6.89,80.3,High,
DB_3012_CN,2023DS1851,Chhavi Nair,14,313.6,7.74,21.26,95.0,7.2,6.89,78.7,High,
DB_3012_ML,2023DS1851,Chhavi Nair,2,178.4,3.5,14.0,90.0,7.9,6.89,77.1,High,
DB_3013_DS,2024EC1852,Mamta Bishnoi,15,364.9,6.89,25.83,80.0,7.6,6.93,74.7,Medium,
DB_3013_CN,2024EC1852,Mamta Bishnoi,8,131.1,7.21,20.8,90.0,7.1,6.93,76.2,High,
DB_3013_DSC,2024EC1852,Mamta Bishnoi,11,257.1,6.73,22.9,90.0,7.2,6.93,78.1,High,
DB_3013_ML,2024EC1852,Mamta Bishnoi,3,204.4,3.6,13.4,90.0,7.3,6.93,71.4,Medium,
DB_3014_DS,2025EE1853,Kavita Khanna,6,182.6,4.92,12.7,85.0,4.9,5.68,58.6,Medium,
DB_3014_PY,2025EE1853,Kavita Khanna,8,194.2,5.38,11.07,70.0,4.6,5.68,54.8,Medium,
DB_3014_DSC,2025EE1853,Kavita Khanna,8,252.9,5.75,14.7,80.0,4.9,5.68,60.7,Medium,
DB_3014_AIML,2025EE1853,Kavita Khanna,6,125.3,5.22,18.87,70.0,4.5,5.68,54.9,Medium,
DB_3015_PY,2023ME1854,Mohit Garg,10,200.0,7.38,21.6,95.0,7.0,7.66,75.5,High,
DB_3015_DSC,2023ME1854,Mohit Garg,10,221.2,7.11,20.3,85.0,7.1,7.66,71.8,Medium,
DB_3016_DS,2024CE1855,Ramesh Pillai,16,457.9,8.44,24.07,90.0,7.6,8.09,82.7,High,
DB_3016_CN,2024CE1855,Ramesh Pillai,7,166.8,7.95,18.58,95.0,7.8,8.09,83.0,High,
DB_3016_AIML,2024CE1855,Ramesh Pillai,5,132.9,8.02,34.0,90.0,7.4,8.09,82.8,High,
DB_3016_ML,2024CE1855,Ramesh Pillai,3,194.8,3.7,14.8,80.0,7.7,8.09,77.7,High,
DB_3017_PY,2025CS1856,Vinay Pandey,6,161.4,6.7,22.68,85.0,7.0,6.25,70.9,Medium,
DB_3017_WD,2025CS1856,Vinay Pandey,9,300.9,6.3,14.03,95.0,6.1,6.25,70.6,Medium,
DB_3018_PY,2023IT1857,Abhishek Dwivedi,11,245.3,7.4,18.55,75.0,6.6,7.14,71.5,Medium,
DB_3018_WD,2023IT1857,Abhishek Dwivedi,11,313.7,7.04,22.27,75.0,7.2,7.14,75.9,High,
DB_3018_DSC,2023IT1857,Abhishek Dwivedi,6,119.0,6.2,22.24,85.0,6.4,7.14,74.0,Medium,
DB_3018_ML,2023IT1857,Abhishek Dwivedi,2,167.5,4.3,14.5,85.0,7.0,7.14,76.9,High,
DB_3019_DS,2024AI1858,Kapil Maurya,5,167.3,6.58,19.98,90.0,6.2,7.21,69.4,Medium,
DB_3019_PY,2024AI1858,Kapil Maurya,13,316.8,7.5,19.0,75.0,5.8,7.21,75.3,High,
DB_3019_WD,2024AI1858,Kapil Maurya,8,259.6,5.98,23.87,85.0,6.6,7.21,71.7,Medium,
DB_3019_DSC,2024AI1858,Kapil Maurya,3,71.9,6.1,23.23,90.0,6.1,7.21,71.9,Medium,
DB_3020_DS,2025DS1859,Darsh Garg,5,82.7,7.2,22.61,90.0,7.4,6.41,73.7,Medium,
DB_3020_PY,2025DS1859,Darsh Garg,6,138.2,7.17,21.4,85.0,6.9,6.41,71.7,Medium,
DB_3020_CN,2025DS1859,Darsh Garg,8,170.5,7.0,19.8,80.0,6.7,6.41,73.1,Medium,
DB_3020_ML,2025DS1859,Darsh Garg,1,139.3,3.1,14.8,90.0,6.5,6.41,69.2,Medium,
DB_3021_CN,2023EC1860,Deepika Kapoor,12,234.3,9.1,22.37,80.0,8.1,8.09,83.1,High,
DB_3021_ML,2023EC1860,Deepika Kapoor,3,204.7,4.0,17.35,85.0,8.1,8.09,82.0,High,
DB_3022_DS,2024EE1861,Nidhi Prajapat,12,267.4,7.1,23.3,95.0,6.8,6.92,79.7,High,
DB_3022_AIML,2024EE1861,Nidhi Prajapat,9,188.4,7.4,32.42,95.0,7.1,6.92,80.4,High,
DB_3022_ML,2024EE1861,Nidhi Prajapat,3,195.9,3.6,14.95,85.0,6.7,6.92,77.5,High,
DB_3023_CN,2025ME1862,Payal Arora,10,215.4,7.29,20.3,80.0,7.7,8.73,81.2,High,
DB_3023_ML,2025ME1862,Payal Arora,2,180.0,3.4,13.3,75.0,7.9,8.73,73.6,Medium,
DB_3024_DSC,2023CE1863,Chhavi Mittal,9,267.0,4.67,14.47,75.0,5.0,5.24,58.9,Medium,
DB_3024_ML,2023CE1863,Chhavi Mittal,3,202.8,2.8,12.6,85.0,4.9,5.24,64.7,Medium,
DB_3025_DS,2024CS1864,Kriti Singh,10,195.8,8.48,32.1,95.0,8.6,9.31,90.1,High,
DB_3025_PY,2024CS1864,Kriti Singh,11,210.1,9.18,24.35,95.0,8.9,9.31,91.7,High,
DB_3025_DSC,2024CS1864,Kriti Singh,15,389.8,7.53,30.37,90.0,8.4,9.31,86.1,High,
DB_3025_AIML,2024CS1864,Kriti Singh,10,215.2,8.6,35.63,95.0,8.4,9.31,86.1,High,
DB_3026_PY,2025IT1865,Falguni Tomar,8,186.6,6.14,15.81,90.0,5.1,5.22,62.2,Medium,
DB_3026_AIML,2025IT1865,Falguni Tomar,9,183.7,6.23,23.15,75.0,6.0,5.22,61.1,Medium,
DB_3026_ML,2025IT1865,Falguni Tomar,2,141.4,2.5,11.55,90.0,6.1,5.22,64.4,Medium,
DB_3027_PY,2023AI1866,Ekta Anand,9,180.2,5.7,14.79,70.0,5.1,6.31,58.8,Medium,
DB_3027_CN,2023AI1866,Ekta Anand,7,196.5,5.16,15.93,85.0,5.3,6.31,64.0,Medium,
DB_3027_ML,2023AI1866,Ekta Anand,2,136.4,2.7,13.5,95.0,5.0,6.31,70.0,Medium,
DB_3028_PY,2024DS1867,Shweta Garg,9,226.3,8.91,28.1,100.0,8.6,8.94,96.4,High,
DB_3028_WD,2024DS1867,Shweta Garg,15,412.3,9.28,24.12,90.0,9.0,8.94,89.3,High,
DB_3028_AIML,2024DS1867,Shweta Garg,15,305.5,9.6,37.28,100.0,8.3,8.94,97.1,High,
DB_3029_CN,2025EC1868,Amit Agarwal,7,114.8,7.7,23.13,95.0,8.0,8.3,86.9,High,
DB_3029_DSC,2025EC1868,Amit Agarwal,13,234.0,8.18,26.71,90.0,7.8,8.3,86.9,High,
DB_3030_DSC,2023EE1869,Zoya Menon,7,114.8,5.85,19.8,70.0,6.0,6.66,63.0,Medium,
DB_3030_ML,2023EE1869,Zoya Menon,3,197.0,3.1,13.85,85.0,6.1,6.66,70.3,Medium,
DB_3031_PY,2024ME1870,Charu Tiwari,6,168.4,7.6,19.74,85.0,6.6,7.98,77.1,High,
DB_3031_CN,2024ME1870,Charu Tiwari,12,257.2,7.6,18.86,85.0,7.0,7.98,77.7,High,
DB_3032_DS,2025CE1871,Yogesh Mukherjee,9,283.9,7.67,29.45,75.0,7.3,8.09,78.4,High,
DB_3032_CN,2025CE1871,Yogesh Mukherjee,5,102.5,6.24,21.86,90.0,7.0,8.09,76.9,High,
DB_3032_DSC,2025CE1871,Yogesh Mukherjee,5,205.6,7.61,18.6,75.0,6.9,8.09,77.8,High,
DB_3032_AIML,2025CE1871,Yogesh Mukherjee,7,146.8,8.23,32.32,95.0,7.2,8.09,84.5,High,
DB_3033_PY,2023CS1872,Shilpa Duggal,11,202.8,5.92,14.8,80.0,5.4,5.43,62.4,Medium,
DB_3033_CN,2023CS1872,Shilpa Duggal,6,144.9,4.74,17.1,90.0,5.4,5.43,63.5,Medium,
DB_3033_AIML,2023CS1872,Shilpa Duggal,7,148.3,5.0,28.1,80.0,5.6,5.43,59.3,Medium,
DB_3034_DS,2024IT1873,Atharva Kohli,10,151.8,6.6,18.09,85.0,5.7,5.5,65.3,Medium,
DB_3034_PY,2024IT1873,Atharva Kohli,9,231.5,5.7,16.38,90.0,5.3,5.5,63.0,Medium,
DB_3034_WD,2024IT1873,Atharva Kohli,8,161.8,3.1,17.5,80.0,5.7,5.5,62.7,Medium,
DB_3034_ML,2024IT1873,Atharva Kohli,2,153.5,2.8,13.3,75.0,5.4,5.5,65.0,Medium,
DB_3035_PY,2025AI1874,Shilpa Dubey,5,163.2,4.5,11.97,85.0,4.2,5.17,52.2,Medium,
DB_3035_CN,2025AI1874,Shilpa Dubey,4,94.7,4.63,7.95,70.0,4.7,5.17,54.2,Medium,
DB_3035_ML,2025AI1874,Shilpa Dubey,2,136.6,2.9,7.7,75.0,4.8,5.17,51.7,Medium,
DB_3036_DS,2023DS1875,Shilpa Prajapat,5,125.9,5.6,16.95,70.0,5.4,6.1,57.6,Medium,
DB_3036_PY,2023DS1875,Shilpa Prajapat,7,244.9,5.45,13.1,95.0,5.8,6.1,66.7,Medium,
DB_3036_CN,2023DS1875,Shilpa Prajapat,9,205.8,6.13,16.4,80.0,5.9,6.1,63.8,Medium,
DB_3036_DSC,2023DS1875,Shilpa Prajapat,7,221.9,5.45,19.1,90.0,5.4,6.1,65.5,Medium,
DB_3037_DS,2024EC1876,Tejaswi Chauhan,16,358.6,8.62,23.24,90.0,9.0,9.13,87.1,High,
DB_3037_PY,2024EC1876,Tejaswi Chauhan,13,331.5,9.2,26.98,80.0,8.9,9.13,93.2,High,
DB_3038_DS,2025EE1877,Gauri Goyal,7,249.2,5.12,14.7,85.0,4.6,5.12,56.7,Medium,
DB_3038_PY,2025EE1877,Gauri Goyal,9,208.6,4.45,9.23,70.0,4.7,5.12,49.0,Low,
DB_3039_AIML,2023ME1878,Kunal Verma,10,220.9,7.15,35.9,85.0,7.4,8.3,76.3,High,
DB_3039_ML,2023ME1878,Kunal Verma,3,193.0,3.7,15.1,95.0,7.4,8.3,77.9,High,
DB_3040_WD,2024CE1879,Harsh Kurian,10,252.4,5.93,20.94,95.0,6.1,6.4,73.6,Medium,
DB_3040_CN,2024CE1879,Harsh Kurian,8,119.1,6.53,19.2,90.0,6.5,6.4,74.9,Medium,
DB_3041_PY,2025CS1880,Vishal Sethi,8,198.1,6.08,15.17,80.0,5.8,6.52,64.4,Medium,
DB_3041_WD,2025CS1880,Vishal Sethi,7,234.7,6.43,18.92,100.0,5.9,6.52,70.1,Medium,
DB_3042_DS,2023IT1881,Saloni Grover,14,344.6,8.9,20.57,100.0,8.9,8.73,90.3,High,
DB_3042_DSC,2023IT1881,Saloni Grover,14,340.1,10.0,28.8,95.0,8.4,8.73,96.8,High,
DB_3042_AIML,2023IT1881,Saloni Grover,13,254.2,10.0,35.38,95.0,8.6,8.73,95.2,High,
DB_3042_ML,2023IT1881,Saloni Grover,2,175.2,4.4,19.0,95.0,9.2,8.73,91.4,High,
DB_3043_PY,2024AI1882,Chetna Tandon,7,159.8,7.82,22.22,95.0,7.6,7.68,83.5,High,
DB_3043_WD,2024AI1882,Chetna Tandon,12,353.2,7.83,24.0,95.0,7.7,7.68,84.0,High,
DB_3043_AIML,2024AI1882,Chetna Tandon,10,193.5,8.7,32.9,95.0,7.7,7.68,85.6,High,
DB_3043_ML,2024AI1882,Chetna Tandon,1,142.8,4.1,17.5,100.0,7.4,7.68,83.7,High,
DB_3044_WD,2025DS1883,Bhumika Suri,6,170.5,4.46,10.3,65.0,4.1,5.55,50.6,Medium,
DB_3044_CN,2025DS1883,Bhumika Suri,7,168.9,4.55,15.13,55.0,4.1,5.55,48.9,Low,
DB_3044_ML,2025DS1883,Bhumika Suri,2,169.7,2.3,8.6,70.0,5.0,5.55,51.6,Medium,
DB_3045_DS,2023EC1884,Vishal Garg,8,179.6,7.08,22.29,95.0,6.4,6.84,76.7,High,
DB_3045_PY,2023EC1884,Vishal Garg,9,176.9,6.2,16.42,75.0,6.8,6.84,67.8,Medium,
DB_3045_CN,2023EC1884,Vishal Garg,10,260.5,5.9,16.5,70.0,7.0,6.84,69.2,Medium,
DB_3045_ML,2023EC1884,Vishal Garg,2,162.5,4.2,12.35,95.0,7.1,6.84,76.3,High,
DB_3046_WD,2024EE1885,Madhav Jangid,10,267.0,3.77,25.7,90.0,4.2,5.59,55.3,Medium,
DB_3046_DSC,2024EE1885,Madhav Jangid,9,221.2,3.9,14.72,65.0,4.3,5.59,48.1,Low,
DB_3047_PY,2025ME1886,Ira Ghoshal,8,143.0,6.85,12.45,85.0,6.3,6.12,67.3,Medium,
DB_3047_WD,2025ME1886,Ira Ghoshal,4,174.4,6.57,18.8,70.0,6.4,6.12,66.4,Medium,
DB_3047_CN,2025ME1886,Ira Ghoshal,12,274.8,6.68,17.82,85.0,7.0,6.12,70.5,Medium,
DB_3048_PY,2023CE1887,Suman Ahuja,10,239.7,5.15,17.6,90.0,6.0,6.49,66.5,Medium,
DB_3048_CN,2023CE1887,Suman Ahuja,9,197.1,5.71,16.08,90.0,5.7,6.49,64.3,Medium,
DB_3048_ML,2023CE1887,Suman Ahuja,3,199.8,2.6,11.2,80.0,5.9,6.49,62.6,Medium,
DB_3049_DS,2024CS1888,Bhumika Arora,5,118.8,6.7,21.19,85.0,6.9,7.96,75.1,High,
DB_3049_DSC,2024CS1888,Bhumika Arora,8,197.6,6.55,24.43,85.0,6.9,7.96,76.5,High,
DB_3049_AIML,2024CS1888,Bhumika Arora,4,67.1,8.2,30.2,95.0,6.5,7.96,81.6,High,
DB_3049_ML,2024CS1888,Bhumika Arora,3,204.4,3.6,12.5,85.0,6.5,7.96,74.3,Medium,
DB_3050_DS,2025IT1889,Manish Rathore,6,276.8,4.5,19.57,85.0,5.3,6.17,60.0,Medium,
DB_3050_PY,2025IT1889,Manish Rathore,9,185.6,5.9,14.57,80.0,5.2,6.17,61.7,Medium,
DB_3050_WD,2025IT1889,Manish Rathore,10,211.0,5.3,24.4,85.0,5.0,6.17,62.2,Medium,
DB_3050_AIML,2025IT1889,Manish Rathore,4,82.8,4.55,22.09,85.0,5.5,6.17,57.8,Medium,
DB_3051_DSC,2023AI1890,Reyansh Kapoor,9,282.7,8.32,22.86,95.0,8.2,9.16,84.7,High,
DB_3051_ML,2023AI1890,Reyansh Kapoor,2,170.1,4.5,18.35,85.0,7.6,9.16,87.5,High,
DB_3052_DS,2024DS1891,Yash Joseph,14,434.9,7.31,18.55,90.0,6.5,7.83,73.1,Medium,
DB_3052_PY,2024DS1891,Yash Joseph,11,237.6,6.76,18.63,95.0,6.3,7.83,74.8,Medium,
DB_3052_DSC,2024DS1891,Yash Joseph,7,173.2,5.83,21.99,90.0,6.5,7.83,73.6,Medium,
DB_3052_AIML,2024DS1891,Yash Joseph,6,112.2,7.06,27.0,90.0,6.5,7.83,75.5,High,
DB_3053_PY,2025EC1892,Hiten Joshi,5,109.6,5.32,15.03,90.0,5.2,6.17,60.2,Medium,
DB_3053_DSC,2025EC1892,Hiten Joshi,8,201.4,5.14,12.7,90.0,5.0,6.17,60.7,Medium,
DB_3054_CN,2023EE1893,Mayank Chaubey,8,161.4,6.5,13.9,85.0,5.8,6.36,67.5,Medium,
DB_3054_ML,2023EE1893,Mayank Chaubey,3,203.8,2.9,9.5,80.0,5.8,6.36,62.2,Medium,
DB_3055_DS,2024ME1894,Alok Rathore,9,242.7,5.03,14.44,80.0,4.8,5.54,55.6,Medium,
DB_3055_WD,2024ME1894,Alok Rathore,4,118.2,4.3,14.02,70.0,4.9,5.54,53.1,Medium,
DB_3055_ML,2024ME1894,Alok Rathore,2,148.5,2.5,10.3,70.0,4.8,5.54,55.3,Medium,
DB_3056_DS,2025CE1895,Satish Rajput,19,481.9,9.05,20.0,90.0,8.5,8.64,92.5,High,
DB_3056_ML,2025CE1895,Satish Rajput,3,200.0,4.9,17.35,95.0,9.1,8.64,89.5,High,
DB_3057_DS,2023CS1896,Myra Roy,11,315.7,6.0,19.37,80.0,5.3,6.53,66.9,Medium,
DB_3057_WD,2023CS1896,Myra Roy,7,152.7,5.92,18.1,85.0,6.0,6.53,68.1,Medium,
DB_3058_DS,2024IT1897,Divya Kapoor,12,378.9,8.53,22.4,95.0,7.4,8.96,86.0,High,
DB_3058_PY,2024IT1897,Divya Kapoor,14,309.2,8.6,24.6,95.0,7.6,8.96,85.5,High,
DB_3058_WD,2024IT1897,Divya Kapoor,9,266.1,6.6,19.05,95.0,7.9,8.96,81.7,High,
DB_3058_AIML,2024IT1897,Divya Kapoor,11,238.9,7.96,30.7,85.0,7.8,8.96,77.9,High,
DB_3059_WD,2025AI1898,Vipul Mahajan,12,259.4,7.29,22.47,85.0,7.0,7.89,79.0,High,
DB_3059_CN,2025AI1898,Vipul Mahajan,5,88.9,7.1,25.5,90.0,6.8,7.89,75.8,High,
DB_3059_AIML,2025AI1898,Vipul Mahajan,6,135.3,6.9,31.0,90.0,6.8,7.89,74.5,Medium,
DB_3059_ML,2025AI1898,Vipul Mahajan,2,167.2,4.2,15.85,85.0,7.3,7.89,82.3,High,
DB_3060_PY,2023DS1899,Siddharth Singhal,11,217.0,6.63,20.2,85.0,6.6,7.17,72.5,Medium,
DB_3060_DSC,2023DS1899,Siddharth Singhal,4,155.8,7.1,29.13,85.0,7.1,7.17,75.6,High,
DB_3060_ML,2023DS1899,Siddharth Singhal,3,199.8,4.0,13.95,80.0,7.0,7.17,77.4,High,
DB_3061_WD,2024EC1900,Kanika Pathak,15,407.4,8.4,25.5,95.0,7.6,7.9,85.6,High,
DB_3061_CN,2024EC1900,Kanika Pathak,14,310.8,8.47,19.7,100.0,7.4,7.9,88.7,High,
DB_3061_AIML,2024EC1900,Kanika Pathak,4,95.6,7.43,33.43,100.0,8.0,7.9,81.9,High,
DB_3061_ML,2024EC1900,Kanika Pathak,2,179.0,4.1,14.6,95.0,7.3,7.9,81.7,High,
DB_3062_PY,2025EE1901,Kiara Lobo,17,287.0,7.57,20.66,85.0,6.6,6.55,71.2,Medium,
DB_3062_WD,2025EE1901,Kiara Lobo,14,370.7,6.54,23.02,100.0,7.6,6.55,76.0,High,
DB_3062_ML,2025EE1901,Kiara Lobo,3,211.5,3.3,13.2,90.0,6.7,6.55,71.5,Medium,
DB_3063_WD,2023ME1902,Ritvik Fernandes,3,113.9,8.2,30.62,100.0,8.3,8.19,87.2,High,
DB_3063_CN,2023ME1902,Ritvik Fernandes,9,210.3,8.36,25.23,90.0,7.9,8.19,91.3,High,
DB_3063_DSC,2023ME1902,Ritvik Fernandes,5,157.7,8.04,27.89,100.0,8.1,8.19,86.3,High,
DB_3064_PY,2024CE1903,Atharva Awasthi,12,299.9,6.27,16.82,85.0,5.6,5.63,63.7,Medium,
DB_3064_WD,2024CE1903,Atharva Awasthi,6,162.2,6.05,18.73,85.0,6.2,5.63,66.2,Medium,
DB_3065_PY,2025CS1904,Mayank Gupta,14,311.9,6.45,19.96,100.0,6.6,6.35,72.0,Medium,
DB_3065_CN,2025CS1904,Mayank Gupta,4,69.8,6.63,24.4,80.0,6.8,6.35,75.0,High,
DB_3065_DSC,2025CS1904,Mayank Gupta,8,247.6,6.81,23.0,80.0,7.3,6.35,72.0,Medium,
DB_3065_AIML,2025CS1904,Mayank Gupta,5,88.4,7.17,31.97,85.0,6.5,6.35,74.2,Medium,
DB_3066_CN,2023IT1905,Rajendra Sood,4,127.6,6.4,15.24,80.0,6.1,5.32,66.5,Medium,
DB_3066_AIML,2023IT1905,Rajendra Sood,8,144.8,6.5,20.25,100.0,5.5,5.32,70.7,Medium,
DB_3067_DS,2024AI1906,Kunal Dubey,19,448.6,9.58,28.08,95.0,9.2,9.23,93.5,High,
DB_3067_CN,2024AI1906,Kunal Dubey,12,284.3,9.5,30.4,100.0,9.5,9.23,94.4,High,
DB_3067_DSC,2024AI1906,Kunal Dubey,7,219.4,9.0,24.07,100.0,9.5,9.23,97.8,High,
DB_3067_ML,2024AI1906,Kunal Dubey,3,197.5,5.0,20.0,100.0,9.0,9.23,94.9,High,
DB_3068_PY,2025DS1907,Hemlata Mukherjee,13,295.7,9.6,25.39,90.0,7.8,9.39,88.4,High,
DB_3068_AIML,2025DS1907,Hemlata Mukherjee,6,127.5,8.6,32.32,85.0,8.1,9.39,83.1,High,
DB_3069_CN,2023EC1908,Priyanka Menon,4,128.1,5.98,13.52,100.0,5.0,5.89,66.2,Medium,
DB_3069_DSC,2023EC1908,Priyanka Menon,6,192.5,5.36,17.0,85.0,5.1,5.89,65.0,Medium,
DB_3069_AIML,2023EC1908,Priyanka Menon,5,123.2,6.16,16.7,65.0,5.0,5.89,56.4,Medium,
DB_3069_ML,2023EC1908,Priyanka Menon,2,141.4,3.3,9.9,75.0,5.4,5.89,60.5,Medium,
DB_3070_PY,2024EE1909,Shreya Ghosh,9,124.5,7.14,19.0,95.0,7.5,8.43,81.4,High,
DB_3070_CN,2024EE1909,Shreya Ghosh,8,126.0,6.76,21.41,100.0,7.4,8.43,84.7,High,
DB_3070_AIML,2024EE1909,Shreya Ghosh,12,227.8,8.0,34.3,95.0,7.4,8.43,86.6,High,
DB_3071_CN,2025ME1910,Pallavi Chatterjee,15,307.4,7.1,20.57,75.0,7.4,8.63,77.3,High,
DB_3071_AIML,2025ME1910,Pallavi Chatterjee,6,139.9,7.25,31.3,85.0,6.9,8.63,75.8,High,
DB_3072_DS,2023CE1911,Mukesh Dhawan,18,389.7,7.3,24.57,100.0,7.8,7.62,80.4,High,
DB_3072_PY,2023CE1911,Mukesh Dhawan,16,350.5,8.9,22.15,95.0,7.8,7.62,86.9,High,
DB_3072_DSC,2023CE1911,Mukesh Dhawan,14,322.8,8.03,27.41,90.0,8.0,7.62,83.6,High,
DB_3072_ML,2023CE1911,Mukesh Dhawan,3,202.4,4.9,17.35,90.0,8.4,7.62,89.4,High,
DB_3073_CN,2024CS1912,Lokesh Goel,6,181.9,6.66,20.68,100.0,6.4,6.52,75.7,High,
DB_3073_DSC,2024CS1912,Lokesh Goel,8,232.1,6.75,21.06,95.0,6.2,6.52,68.6,Medium,
DB_3074_DS,2025IT1913,Rajesh Prajapat,6,190.5,6.5,21.98,85.0,5.9,6.74,63.6,Medium,
DB_3074_WD,2025IT1913,Rajesh Prajapat,5,164.9,5.44,17.85,75.0,6.0,6.74,67.8,Medium,
DB_3074_DSC,2025IT1913,Rajesh Prajapat,8,185.4,6.23,18.09,85.0,5.7,6.74,67.0,Medium,
DB_3075_CN,2023AI1914,Srishti Das,5,86.8,5.23,11.97,80.0,5.4,6.14,64.0,Medium,
DB_3075_DSC,2023AI1914,Srishti Das,4,145.8,5.25,17.11,85.0,5.6,6.14,63.0,Medium,
DB_3075_AIML,2023AI1914,Srishti Das,8,170.7,5.75,24.31,80.0,5.0,6.14,61.4,Medium,
DB_3075_ML,2023AI1914,Srishti Das,2,143.1,3.2,12.1,90.0,5.0,6.14,65.3,Medium,
DB_3076_PY,2024DS1915,Omkar Garg,18,395.7,9.38,26.3,90.0,9.3,9.59,92.0,High,
DB_3076_CN,2024DS1915,Omkar Garg,5,123.4,8.68,25.3,100.0,9.5,9.59,98.0,High,
DB_3076_ML,2024DS1915,Omkar Garg,3,195.8,5.0,19.3,95.0,9.5,9.59,95.3,High,
DB_3077_WD,2025EC1916,Charu Goyal,11,277.0,6.58,23.7,100.0,6.5,6.95,77.7,High,
DB_3077_CN,2025EC1916,Charu Goyal,6,100.4,6.43,18.45,85.0,6.3,6.95,68.1,Medium,
DB_3078_DS,2023EE1917,Vaibhav Patel,8,197.8,5.0,19.48,85.0,5.0,5.54,57.0,Medium,
DB_3078_WD,2023EE1917,Vaibhav Patel,4,103.7,5.35,16.77,75.0,5.1,5.54,60.3,Medium,
DB_3078_DSC,2023EE1917,Vaibhav Patel,8,178.6,4.97,12.85,95.0,5.3,5.54,62.8,Medium,
DB_3079_DS,2024ME1918,Ojaswi Duggal,8,231.7,8.4,26.55,100.0,7.4,8.39,83.5,High,
DB_3079_PY,2024ME1918,Ojaswi Duggal,10,257.7,7.55,24.21,100.0,7.6,8.39,83.7,High,
DB_3079_WD,2024ME1918,Ojaswi Duggal,4,77.3,7.3,19.7,80.0,7.3,8.39,79.4,High,
DB_3080_DSC,2025CE1919,Dinesh Garg,8,207.3,7.22,22.98,85.0,7.1,6.98,74.1,Medium,
DB_3080_ML,2025CE1919,Dinesh Garg,3,197.7,3.4,15.85,90.0,6.9,6.98,75.3,High,
DB_3081_PY,2023CS1920,Tanisha Bansal,10,246.8,6.22,17.03,95.0,6.3,7.19,71.9,Medium,
DB_3081_WD,2023CS1920,Tanisha Bansal,8,199.9,5.37,17.2,85.0,6.1,7.19,70.4,Medium,
DB_3081_DSC,2023CS1920,Tanisha Bansal,5,94.5,6.3,19.91,85.0,5.7,7.19,66.1,Medium,
DB_3082_DS,2024IT1921,Saurabh Sharma,7,170.7,6.23,17.4,90.0,6.3,6.92,66.0,Medium,
DB_3082_DSC,2024IT1921,Saurabh Sharma,6,142.9,6.48,19.6,85.0,6.3,6.92,66.1,Medium,
DB_3083_DS,2025AI1922,Gunjan Bose,13,281.6,6.63,19.84,95.0,5.9,6.64,73.5,Medium,
DB_3083_ML,2025AI1922,Gunjan Bose,3,193.6,3.5,12.7,95.0,6.2,6.64,70.9,Medium,
DB_3084_WD,2023DS1923,Pankaj Mathew,6,126.0,7.1,24.45,85.0,6.8,6.55,75.5,High,
DB_3084_CN,2023DS1923,Pankaj Mathew,5,137.7,6.62,15.23,100.0,7.2,6.55,77.4,High,
DB_3084_DSC,2023DS1923,Pankaj Mathew,4,93.3,6.2,23.45,95.0,7.1,6.55,78.3,High,
DB_3084_ML,2023DS1923,Pankaj Mathew,3,200.8,3.1,14.0,75.0,7.4,6.55,66.0,Medium,
DB_3085_PY,2024EC1924,Tejaswi Awasthi,5,160.9,7.82,20.6,85.0,7.2,8.49,81.4,High,
DB_3085_WD,2024EC1924,Tejaswi Awasthi,5,194.2,7.5,23.73,90.0,7.6,8.49,80.7,High,
DB_3085_CN,2024EC1924,Tejaswi Awasthi,7,128.5,8.3,21.6,100.0,8.0,8.49,84.0,High,
DB_3085_AIML,2024EC1924,Tejaswi Awasthi,12,245.6,7.94,34.17,100.0,7.7,8.49,81.8,High,
DB_3086_DSC,2025EE1925,Karishma Nair,4,87.9,7.24,27.16,90.0,8.0,8.79,83.9,High,
DB_3086_ML,2025EE1925,Karishma Nair,2,157.1,4.4,16.6,100.0,7.8,8.79,86.0,High,
DB_3087_WD,2023ME1926,Garima Agarwal,7,180.1,7.33,21.36,100.0,8.9,8.85,89.0,High,
DB_3087_CN,2023ME1926,Garima Agarwal,15,295.4,9.0,19.5,95.0,8.1,8.85,93.5,High,
DB_3087_AIML,2023ME1926,Garima Agarwal,12,226.5,10.0,38.66,100.0,8.7,8.85,94.6,High,
DB_3087_ML,2023ME1926,Garima Agarwal,1,120.4,3.9,17.6,100.0,8.2,8.85,87.5,High,
DB_3088_PY,2024CE1927,Hemlata Anand,7,194.6,6.0,15.43,95.0,5.6,6.53,68.3,Medium,
DB_3088_AIML,2024CE1927,Hemlata Anand,7,166.4,6.27,23.67,90.0,5.6,6.53,64.0,Medium,
DB_3089_AIML,2025CS1928,Omkar Tomar,3,59.0,9.25,36.2,100.0,8.5,8.71,93.4,High,
DB_3089_ML,2025CS1928,Omkar Tomar,3,194.0,4.5,18.45,90.0,8.8,8.71,89.5,High,
DB_3090_DS,2023IT1929,Lalit Dutta,7,247.0,4.87,15.57,75.0,4.1,5.42,53.7,Medium,
DB_3090_WD,2023IT1929,Lalit Dutta,6,170.2,4.21,17.43,90.0,4.6,5.42,58.5,Medium,
DB_3090_CN,2023IT1929,Lalit Dutta,3,79.7,5.0,15.65,90.0,4.7,5.42,58.2,Medium,
DB_3090_AIML,2023IT1929,Lalit Dutta,7,144.1,4.14,15.7,85.0,4.0,5.42,48.7,Low,
DB_3091_DS,2024AI1930,Riya Mishra,7,180.8,6.9,20.01,95.0,5.9,7.36,75.5,High,
DB_3091_PY,2024AI1930,Riya Mishra,11,265.4,7.06,17.61,85.0,6.1,7.36,74.2,Medium,
DB_3091_DSC,2024AI1930,Riya Mishra,4,173.4,6.2,22.28,85.0,6.3,7.36,73.5,Medium,
DB_3091_ML,2024AI1930,Riya Mishra,2,148.2,3.1,11.3,95.0,5.8,7.36,68.7,Medium,
DB_3092_WD,2025DS1931,Tushar Tiwari,11,297.0,7.6,18.1,90.0,7.9,7.86,77.8,High,
DB_3092_DSC,2025DS1931,Tushar Tiwari,7,160.4,8.24,27.12,95.0,7.4,7.86,83.5,High,
DB_3092_AIML,2025DS1931,Tushar Tiwari,7,155.4,9.3,34.8,100.0,8.0,7.86,88.6,High,
DB_3093_DS,2023EC1932,Navya Batra,15,357.3,8.4,26.3,90.0,7.9,7.87,86.1,High,
DB_3093_WD,2023EC1932,Navya Batra,12,249.3,9.6,27.71,80.0,8.3,7.87,89.0,High,
DB_3093_ML,2023EC1932,Navya Batra,3,202.4,4.7,15.6,95.0,8.5,7.87,86.5,High,
DB_3094_DS,2024EE1933,Nisha Lobo,6,206.9,6.75,13.15,95.0,5.9,6.35,67.3,Medium,
DB_3094_WD,2024EE1933,Nisha Lobo,6,138.9,2.8,18.0,95.0,5.0,6.35,66.6,Medium,
DB_3094_DSC,2024EE1933,Nisha Lobo,14,346.0,5.62,18.83,85.0,5.2,6.35,60.8,Medium,
DB_3095_CN,2025ME1934,Shweta Saini,6,162.7,4.25,11.75,85.0,4.4,5.55,55.4,Medium,
DB_3095_ML,2025ME1934,Shweta Saini,3,190.7,1.9,10.75,65.0,4.1,5.55,50.8,Medium,
DB_3096_PY,2023CE1935,Ankita Jangid,3,52.5,6.7,16.3,70.0,6.8,6.75,66.0,Medium,
DB_3096_WD,2023CE1935,Ankita Jangid,6,100.7,6.28,19.68,90.0,6.2,6.75,71.7,Medium,
DB_3096_CN,2023CE1935,Ankita Jangid,6,106.9,6.68,18.18,85.0,6.3,6.75,69.2,Medium,
DB_3096_AIML,2023CE1935,Ankita Jangid,5,152.7,7.2,27.05,80.0,6.3,6.75,68.5,Medium,
DB_3097_PY,2024CS1936,Bhavya Mishra,11,253.0,6.4,27.6,95.0,5.4,5.53,67.0,Medium,
DB_3097_WD,2024CS1936,Bhavya Mishra,8,168.7,4.45,19.38,90.0,5.3,5.53,64.9,Medium,
DB_3097_AIML,2024CS1936,Bhavya Mishra,9,167.5,6.3,26.2,80.0,5.4,5.53,66.6,Medium,
DB_3098_PY,2025IT1937,Vipul Solanki,12,297.1,9.3,13.4,90.0,7.9,8.02,84.1,High,
DB_3098_CN,2025IT1937,Vipul Solanki,11,207.7,7.13,20.33,85.0,7.1,8.02,82.4,High,
DB_3098_ML,2025IT1937,Vipul Solanki,2,173.3,4.4,16.15,95.0,7.0,8.02,84.0,High,
DB_3099_DS,2023AI1938,Riya Talwar,8,131.9,9.8,28.29,100.0,9.9,9.76,97.7,High,
DB_3099_CN,2023AI1938,Riya Talwar,7,160.8,9.0,26.67,95.0,9.8,9.76,96.4,High,
DB_3099_ML,2023AI1938,Riya Talwar,3,200.1,4.7,19.2,95.0,9.0,9.76,95.5,High,
DB_3100_DS,2024DS1939,Shubham Dubey,7,192.9,5.33,17.88,75.0,5.4,5.89,61.4,Medium,
DB_3100_PY,2024DS1939,Shubham Dubey,6,103.3,3.9,15.68,85.0,5.3,5.89,57.9,Medium,
DB_3100_DSC,2024DS1939,Shubham Dubey,9,205.3,5.26,18.44,80.0,4.9,5.89,63.2,Medium,
DB_3100_ML,2024DS1939,Shubham Dubey,2,171.3,3.3,8.85,85.0,5.1,5.89,62.3,Medium,
DB_3101_DS,2025EC1940,Gunjan Fernandes,9,208.4,8.0,17.9,95.0,7.0,8.35,84.6,High,
DB_3101_WD,2025EC1940,Gunjan Fernandes,10,289.7,7.74,25.76,90.0,7.6,8.35,79.1,High,
DB_3101_CN,2025EC1940,Gunjan Fernandes,9,245.6,8.83,19.41,85.0,7.6,8.35,81.0,High,
DB_3101_ML,2025EC1940,Gunjan Fernandes,2,176.4,3.3,14.7,95.0,7.7,8.35,78.3,High,
DB_3102_CN,2023EE1941,Akanksha Ahuja,13,260.0,7.97,22.77,100.0,9.2,9.56,95.1,High,
DB_3102_ML,2023EE1941,Akanksha Ahuja,3,185.7,4.9,20.0,90.0,9.1,9.56,94.1,High,
DB_3103_PY,2024ME1942,Amit Dubey,9,217.8,6.27,19.77,85.0,6.7,7.62,73.5,Medium,
DB_3103_WD,2024ME1942,Amit Dubey,7,125.1,6.88,23.1,80.0,7.0,7.62,74.2,Medium,
DB_3103_AIML,2024ME1942,Amit Dubey,8,179.6,7.63,25.73,95.0,6.8,7.62,78.2,High,
DB_3104_PY,2025CE1943,Rishabh Lobo,6,142.1,8.64,21.34,100.0,8.5,8.02,90.2,High,
DB_3104_CN,2025CE1943,Rishabh Lobo,9,162.2,8.82,24.8,80.0,8.6,8.02,83.9,High,
DB_3104_DSC,2025CE1943,Rishabh Lobo,10,288.1,7.94,28.5,90.0,8.4,8.02,86.8,High,
DB_3104_AIML,2025CE1943,Rishabh Lobo,6,130.2,8.63,35.75,90.0,7.9,8.02,88.5,High,
DB_3105_DS,2023CS1944,Ayush Pillai,10,275.4,8.5,22.65,90.0,7.5,7.46,85.4,High,
DB_3105_PY,2023CS1944,Ayush Pillai,8,163.7,7.75,23.26,85.0,7.8,7.46,75.7,High,
DB_3106_DS,2024IT1945,Umesh Mishra,19,407.2,9.21,27.9,90.0,9.2,9.18,91.8,High,
DB_3106_WD,2024IT1945,Umesh Mishra,7,197.5,8.63,27.08,100.0,9.2,9.18,95.8,High,
DB_3106_CN,2024IT1945,Umesh Mishra,10,200.3,8.5,23.2,95.0,9.2,9.18,96.3,High,
DB_3106_AIML,2024IT1945,Umesh Mishra,10,196.5,9.87,35.5,90.0,8.6,9.18,90.5,High,
DB_3107_DS,2025AI1946,Tanmay Yadav,4,71.7,9.34,34.4,100.0,8.8,9.04,94.8,High,
DB_3107_PY,2025AI1946,Tanmay Yadav,14,204.5,8.8,25.08,100.0,8.8,9.04,90.0,High,
DB_3107_WD,2025AI1946,Tanmay Yadav,9,291.6,9.58,31.12,85.0,8.6,9.04,90.7,High,
DB_3107_ML,2025AI1946,Tanmay Yadav,2,165.9,4.0,16.2,95.0,8.1,9.04,86.2,High,
DB_3108_PY,2023DS1947,Chhavi Patil,19,431.0,9.69,24.57,95.0,9.5,9.76,93.9,High,
DB_3108_ML,2023DS1947,Chhavi Patil,3,205.6,5.0,19.1,100.0,9.7,9.76,95.6,High,
DB_3109_PY,2024EC1948,Neha Saini,4,155.9,6.14,15.93,65.0,5.8,6.07,58.0,Medium,
DB_3109_WD,2024EC1948,Neha Saini,4,185.3,6.11,17.4,90.0,6.1,6.07,65.7,Medium,
DB_3110_PY,2025EE1949,Jagdish Lamba,8,191.9,4.8,18.4,95.0,5.1,5.16,62.6,Medium,
DB_3110_WD,2025EE1949,Jagdish Lamba,7,175.6,5.22,16.26,95.0,4.8,5.16,62.5,Medium,
DB_3110_CN,2025EE1949,Jagdish Lamba,4,68.8,4.72,13.86,65.0,4.9,5.16,53.5,Medium,
DB_3111_CN,2023ME1950,Mohit Suri,9,169.7,7.0,17.5,95.0,6.3,6.21,67.4,Medium,
DB_3111_AIML,2023ME1950,Mohit Suri,4,90.3,7.35,23.98,85.0,6.4,6.21,71.2,Medium,
DB_3112_DS,2024CE1951,Rakesh Bansal,8,199.7,9.0,25.05,100.0,8.9,8.77,93.7,High,
DB_3112_CN,2024CE1951,Rakesh Bansal,7,163.6,7.8,22.02,100.0,8.9,8.77,94.9,High,
DB_3112_ML,2024CE1951,Rakesh Bansal,3,194.2,4.1,16.65,95.0,8.2,8.77,86.5,High,
DB_3113_WD,2025CS1952,Omkar Malhotra,8,250.0,7.3,30.12,95.0,8.9,9.28,96.5,High,
DB_3113_DSC,2025CS1952,Omkar Malhotra,15,361.4,9.8,30.91,100.0,9.1,9.28,93.8,High,
DB_3114_DS,2023IT1953,Ritika Anand,10,268.6,7.33,21.03,90.0,6.6,6.3,73.7,Medium,
DB_3114_PY,2023IT1953,Ritika Anand,5,93.2,7.7,18.95,90.0,7.1,6.3,75.2,High,
DB_3114_CN,2023IT1953,Ritika Anand,8,172.0,7.6,17.23,85.0,6.6,6.3,71.3,Medium,
DB_3114_AIML,2023IT1953,Ritika Anand,11,236.9,6.99,29.1,75.0,7.2,6.3,72.6,Medium,
DB_3115_PY,2024AI1954,Chhavi Sood,5,70.1,9.03,26.4,95.0,8.7,8.6,92.1,High,
DB_3115_WD,2024AI1954,Chhavi Sood,15,281.1,9.62,30.1,100.0,8.7,8.6,91.9,High,
DB_3116_DS,2025DS1955,Shubham Dhawan,8,155.9,7.14,22.34,90.0,6.7,6.93,73.9,Medium,
DB_3116_WD,2025DS1955,Shubham Dhawan,5,148.5,6.2,21.9,95.0,7.1,6.93,73.3,Medium,
DB_3117_DS,2023EC1956,Aniket Malhotra,9,256.6,5.2,15.7,85.0,4.7,5.22,59.9,Medium,
DB_3117_WD,2023EC1956,Aniket Malhotra,5,225.9,4.35,14.42,75.0,4.8,5.22,55.3,Medium,
DB_3117_CN,2023EC1956,Aniket Malhotra,8,177.7,4.3,12.7,70.0,4.7,5.22,51.1,Medium,
DB_3117_DSC,2023EC1956,Aniket Malhotra,8,231.2,5.65,14.1,75.0,4.9,5.22,52.5,Medium,
DB_3118_DS,2024EE1957,Vijay Kulkarni,12,297.9,9.46,32.13,100.0,9.2,9.19,96.8,High,
DB_3118_WD,2024EE1957,Vijay Kulkarni,5,102.3,8.85,31.17,100.0,9.0,9.19,95.5,High,
DB_3118_DSC,2024EE1957,Vijay Kulkarni,17,413.7,8.71,25.33,95.0,8.9,9.19,87.2,High,
DB_3118_AIML,2024EE1957,Vijay Kulkarni,12,241.7,9.55,37.69,100.0,8.8,9.19,91.5,High,
DB_3119_WD,2025ME1958,Omkar Lobo,6,159.6,7.4,24.31,90.0,8.1,7.24,77.7,High,
DB_3119_CN,2025ME1958,Omkar Lobo,12,244.0,7.72,23.35,95.0,7.7,7.24,83.0,High,
DB_3119_DSC,2025ME1958,Omkar Lobo,11,256.3,7.63,24.47,85.0,7.7,7.24,78.0,High,
DB_3119_ML,2025ME1958,Omkar Lobo,3,198.6,4.2,18.1,90.0,7.7,7.24,86.1,High,
DB_3120_DS,2023CE1959,Kiara Talwar,9,285.6,8.2,23.87,100.0,8.1,8.83,89.8,High,
DB_3120_CN,2023CE1959,Kiara Talwar,6,118.9,8.29,24.36,100.0,8.4,8.83,93.5,High,
DB_3120_DSC,2023CE1959,Kiara Talwar,12,328.1,9.9,27.0,95.0,8.3,8.83,88.8,High,
DB_3120_AIML,2023CE1959,Kiara Talwar,7,155.2,9.03,39.2,100.0,8.2,8.83,87.6,High,
DB_3121_PY,2024CS1960,Pranav Solanki,10,220.1,6.55,20.65,90.0,6.6,6.52,70.7,Medium,
DB_3121_CN,2024CS1960,Pranav Solanki,4,82.4,6.22,15.8,90.0,6.7,6.52,73.1,Medium,
DB_3121_AIML,2024CS1960,Pranav Solanki,7,164.2,6.77,25.43,85.0,6.6,6.52,69.3,Medium,
DB_3122_DSC,2025IT1961,Aditya Malhotra,4,124.8,4.3,12.33,70.0,4.3,5.91,55.6,Medium,
DB_3122_AIML,2025IT1961,Aditya Malhotra,6,131.5,4.5,22.7,70.0,4.6,5.91,53.1,Medium,
DB_3123_CN,2023AI1962,Rishabh Sen,9,190.5,5.6,11.11,85.0,4.6,5.25,58.6,Medium,
DB_3123_ML,2023AI1962,Rishabh Sen,2,178.9,2.3,10.2,95.0,5.0,5.25,59.4,Medium,
DB_3124_WD,2024DS1963,Lata Saini,9,233.2,6.98,23.3,100.0,7.2,6.68,80.3,High,
DB_3124_CN,2024DS1963,Lata Saini,5,87.9,7.06,16.65,90.0,6.7,6.68,72.3,Medium,
DB_3124_DSC,2024DS1963,Lata Saini,9,181.3,6.6,22.05,80.0,7.2,6.68,71.1,Medium,
DB_3125_DS,2025EC1964,Jyoti Arora,13,304.3,8.4,30.07,95.0,8.3,9.21,90.2,High,
DB_3125_ML,2025EC1964,Jyoti Arora,3,190.5,4.7,18.7,100.0,8.1,9.21,96.1,High,
DB_3126_DS,2023EE1965,Lavanya Khanna,9,308.8,7.5,21.86,85.0,7.8,7.89,79.8,High,
DB_3126_PY,2023EE1965,Lavanya Khanna,7,129.0,7.65,28.6,95.0,7.8,7.89,83.3,High,
DB_3126_CN,2023EE1965,Lavanya Khanna,5,121.5,7.92,20.69,95.0,7.3,7.89,81.9,High,
DB_3126_ML,2023EE1965,Lavanya Khanna,3,190.9,3.8,15.8,95.0,7.4,7.89,83.0,High,
DB_3127_WD,2024ME1966,Chinmay Shukla,5,180.2,4.9,14.3,80.0,4.7,5.99,58.4,Medium,
DB_3127_CN,2024ME1966,Chinmay Shukla,5,100.6,5.75,14.12,80.0,4.8,5.99,60.4,Medium,
DB_3127_DSC,2024ME1966,Chinmay Shukla,4,133.6,5.25,20.4,95.0,4.6,5.99,63.9,Medium,
DB_3127_ML,2024ME1966,Chinmay Shukla,1,161.5,2.4,9.7,95.0,4.6,5.99,60.4,Medium,
DB_3128_DS,2025CE1967,Navya Mittal,5,87.3,4.77,14.47,95.0,5.3,5.82,60.4,Medium,
DB_3128_PY,2025CE1967,Navya Mittal,6,209.4,5.4,14.91,80.0,5.3,5.82,62.7,Medium,
DB_3128_CN,2025CE1967,Navya Mittal,3,91.6,4.42,14.67,80.0,5.5,5.82,60.7,Medium,
DB_3128_DSC,2025CE1967,Navya Mittal,4,77.5,4.77,17.13,80.0,5.1,5.82,57.9,Medium,
DB_3129_DS,2023CS1968,Heena Singhal,11,246.5,5.97,20.67,80.0,5.4,5.49,66.7,Medium,
DB_3129_DSC,2023CS1968,Heena Singhal,3,74.3,6.1,23.14,80.0,6.3,5.49,62.6,Medium,
DB_3129_AIML,2023CS1968,Heena Singhal,4,88.5,6.3,19.8,80.0,5.4,5.49,62.6,Medium,
DB_3130_DS,2024IT1969,Navya Mukherjee,7,279.0,5.7,20.1,90.0,6.0,6.26,64.1,Medium,
DB_3130_DSC,2024IT1969,Navya Mukherjee,5,176.7,5.07,22.53,80.0,6.0,6.26,64.1,Medium,
DB_3131_PY,2025AI1970,Amit Kohli,13,349.8,8.84,25.9,95.0,8.3,8.86,91.6,High,
DB_3131_WD,2025AI1970,Amit Kohli,18,470.9,7.2,30.83,90.0,9.0,8.86,90.6,High,
DB_3132_PY,2023DS1971,Ayan Ganguly,10,203.4,4.74,16.91,75.0,4.8,5.12,57.0,Medium,
DB_3132_CN,2023DS1971,Ayan Ganguly,6,102.7,5.41,14.9,95.0,5.1,5.12,64.1,Medium,
DB_3132_ML,2023DS1971,Ayan Ganguly,2,150.5,3.4,10.3,75.0,5.3,5.12,61.3,Medium,
DB_3133_DS,2024EC1972,Vishal Joseph,4,96.0,8.41,23.43,90.0,8.0,8.61,87.0,High,
DB_3133_WD,2024EC1972,Vishal Joseph,11,327.1,7.25,23.6,90.0,8.1,8.61,88.8,High,
DB_3133_DSC,2024EC1972,Vishal Joseph,13,298.0,8.23,27.48,90.0,8.1,8.61,87.0,High,
DB_3134_WD,2025EE1973,Krishna Mathew,7,197.4,4.98,19.21,95.0,5.5,5.45,63.0,Medium,
DB_3134_CN,2025EE1973,Krishna Mathew,6,178.9,6.87,13.3,85.0,5.5,5.45,63.6,Medium,
DB_3134_ML,2025EE1973,Krishna Mathew,3,193.5,2.3,11.0,70.0,5.6,5.45,53.5,Medium,
DB_3135_DS,2023ME1974,Ashish Anand,11,249.0,8.12,22.4,90.0,7.3,7.36,81.6,High,
DB_3135_PY,2023ME1974,Ashish Anand,13,245.1,7.22,20.62,85.0,7.4,7.36,73.8,Medium,
DB_3135_WD,2023ME1974,Ashish Anand,13,379.5,8.6,22.4,90.0,7.2,7.36,83.1,High,
DB_3136_WD,2024CE1975,Vijay Mukherjee,13,299.2,6.54,18.28,85.0,6.3,6.19,68.4,Medium,
DB_3136_CN,2024CE1975,Vijay Mukherjee,6,165.9,4.97,17.06,85.0,6.3,6.19,63.3,Medium,
DB_3136_DSC,2024CE1975,Vijay Mukherjee,10,227.1,3.8,21.67,75.0,5.8,6.19,68.4,Medium,
DB_3137_CN,2025CS1976,Chaitali Jindal,8,232.7,7.77,22.26,95.0,8.5,8.8,88.4,High,
DB_3137_DSC,2025CS1976,Chaitali Jindal,9,210.1,8.35,27.6,75.0,8.7,8.8,83.2,High,
DB_3137_AIML,2025CS1976,Chaitali Jindal,11,202.7,8.9,33.15,100.0,8.7,8.8,87.9,High,
DB_3137_ML,2025CS1976,Chaitali Jindal,2,158.9,4.4,17.6,95.0,8.7,8.8,86.6,High,
DB_3138_PY,2023IT1977,Vandana Bhattacharya,10,229.5,5.22,16.75,85.0,4.4,5.68,58.8,Medium,
DB_3138_CN,2023IT1977,Vandana Bhattacharya,6,198.1,4.74,11.68,75.0,5.0,5.68,53.8,Medium,
DB_3139_DSC,2024AI1978,Aarti Ghoshal,7,189.9,8.47,27.5,95.0,9.0,9.2,97.1,High,
DB_3139_AIML,2024AI1978,Aarti Ghoshal,4,97.3,9.76,42.0,90.0,9.4,9.2,96.3,High,
DB_3140_DS,2025DS1979,Kavya Chopra,7,246.3,5.22,15.54,80.0,5.4,6.01,63.3,Medium,
DB_3140_PY,2025DS1979,Kavya Chopra,7,159.1,6.5,16.04,95.0,5.4,6.01,69.4,Medium,
DB_3140_WD,2025DS1979,Kavya Chopra,8,302.2,5.47,22.4,60.0,5.4,6.01,59.6,Medium,
DB_3140_AIML,2025DS1979,Kavya Chopra,6,128.2,5.8,20.9,85.0,5.3,6.01,62.0,Medium,
DB_3141_PY,2023EC1980,Neha Mishra,8,260.3,6.6,16.27,80.0,5.1,5.29,62.8,Medium,
DB_3141_WD,2023EC1980,Neha Mishra,7,242.8,5.85,11.0,75.0,4.7,5.29,53.7,Medium,
DB_3141_CN,2023EC1980,Neha Mishra,4,111.4,4.85,14.25,85.0,4.8,5.29,57.1,Medium,
DB_3141_DSC,2023EC1980,Neha Mishra,4,82.0,5.7,13.53,75.0,5.0,5.29,59.4,Medium,
DB_3142_DS,2024EE1981,Komal Mishra,6,100.6,9.36,19.6,95.0,8.6,9.49,87.9,High,
DB_3142_ML,2024EE1981,Komal Mishra,3,193.8,3.7,15.6,95.0,8.1,9.49,81.3,High,
DB_3143_DSC,2025ME1982,Girish Majumdar,10,293.9,8.6,24.65,90.0,7.6,8.7,80.8,High,
DB_3143_ML,2025ME1982,Girish Majumdar,3,200.0,3.2,13.6,90.0,7.7,8.7,74.8,Medium,
DB_3144_PY,2023CE1983,Kriti Tomar,8,182.1,8.4,20.2,85.0,7.3,8.94,85.6,High,
DB_3144_WD,2023CE1983,Kriti Tomar,11,319.3,9.0,25.48,100.0,7.1,8.94,87.3,High,
DB_3144_CN,2023CE1983,Kriti Tomar,6,138.6,7.1,22.25,100.0,7.2,8.94,88.2,High,
DB_3144_ML,2023CE1983,Kriti Tomar,3,206.9,3.3,17.55,80.0,8.0,8.94,81.3,High,
DB_3145_DS,2024CS1984,Muskan Sanyal,14,395.4,9.33,22.35,100.0,9.7,8.87,92.0,High,
DB_3145_PY,2024CS1984,Muskan Sanyal,5,75.0,9.96,28.15,100.0,9.4,8.87,97.2,High,
DB_3146_CN,2025IT1985,Shaurya Ganguly,16,350.9,6.55,30.6,80.0,7.4,6.76,70.3,Medium,
DB_3146_DSC,2025IT1985,Shaurya Ganguly,7,133.5,7.15,19.83,85.0,6.9,6.76,71.8,Medium,
DB_3146_AIML,2025IT1985,Shaurya Ganguly,9,191.2,8.23,30.3,95.0,7.5,6.76,81.2,High,
DB_3146_ML,2025IT1985,Shaurya Ganguly,3,203.3,3.7,14.0,90.0,7.4,6.76,74.1,Medium,
DB_3147_WD,2023AI1986,Kanika Singhal,14,388.4,8.02,25.5,90.0,7.5,8.07,81.4,High,
DB_3147_CN,2023AI1986,Kanika Singhal,10,200.7,7.31,21.54,100.0,7.5,8.07,82.2,High,
DB_3147_ML,2023AI1986,Kanika Singhal,2,141.1,3.9,16.0,80.0,8.2,8.07,76.9,High,
DB_3148_WD,2024DS1987,Kriti Bose,6,180.1,8.16,20.2,100.0,8.5,8.5,92.6,High,
DB_3148_CN,2024DS1987,Kriti Bose,11,277.1,9.33,15.9,90.0,9.1,8.5,88.8,High,
DB_3148_DSC,2024DS1987,Kriti Bose,5,136.7,8.48,30.07,95.0,8.7,8.5,90.0,High,
DB_3148_ML,2024DS1987,Kriti Bose,2,149.4,4.6,17.25,90.0,9.1,8.5,85.9,High,
DB_3149_PY,2025EC1988,Kapil Agarwal,12,284.9,7.15,20.64,85.0,7.4,6.87,72.5,Medium,
DB_3149_WD,2025EC1988,Kapil Agarwal,8,221.6,6.28,21.66,90.0,6.9,6.87,73.2,Medium,
DB_3149_CN,2025EC1988,Kapil Agarwal,8,190.5,6.69,20.72,80.0,7.1,6.87,70.7,Medium,
DB_3150_WD,2023EE1989,Ojaswi Kaushik,4,95.6,7.8,25.7,90.0,8.0,7.79,81.9,High,
DB_3150_CN,2023EE1989,Ojaswi Kaushik,11,188.1,9.0,22.73,85.0,8.1,7.79,88.2,High,
DB_3151_PY,2024ME1990,Tejaswi Menon,10,266.3,6.33,14.53,90.0,6.2,6.13,70.6,Medium,
DB_3151_WD,2024ME1990,Tejaswi Menon,13,379.5,5.53,18.88,95.0,6.2,6.13,71.5,Medium,
DB_3151_CN,2024ME1990,Tejaswi Menon,5,88.6,5.49,14.95,80.0,6.2,6.13,64.0,Medium,
DB_3151_DSC,2024ME1990,Tejaswi Menon,8,166.2,6.8,21.75,90.0,5.7,6.13,68.0,Medium,
DB_3152_PY,2025CE1991,Mahesh Singh,18,400.9,9.22,24.46,95.0,8.8,8.9,91.1,High,
DB_3152_AIML,2025CE1991,Mahesh Singh,6,137.6,8.86,30.13,95.0,9.0,8.9,89.7,High,
DB_3153_PY,2023CS1992,Kiara Kurian,10,248.9,7.32,14.35,75.0,6.9,7.29,74.2,Medium,
DB_3153_WD,2023CS1992,Kiara Kurian,8,197.3,5.8,23.57,80.0,7.0,7.29,71.5,Medium,
DB_3153_DSC,2023CS1992,Kiara Kurian,6,156.5,7.95,12.5,85.0,7.3,7.29,76.6,High,
DB_3153_ML,2023CS1992,Kiara Kurian,2,154.7,4.2,15.4,90.0,6.6,7.29,78.2,High,
DB_3154_CN,2024IT1993,Vipul Mehta,7,204.0,5.2,16.06,90.0,6.6,6.12,67.5,Medium,
DB_3154_AIML,2024IT1993,Vipul Mehta,6,126.1,7.5,23.6,90.0,6.6,6.12,74.5,Medium,
DB_3155_CN,2025AI1994,Aadhya Bhat,10,226.2,7.2,16.07,85.0,6.5,5.84,71.2,Medium,
DB_3155_DSC,2025AI1994,Aadhya Bhat,9,193.5,5.81,17.63,90.0,6.2,5.84,69.5,Medium,
DB_3155_ML,2025AI1994,Aadhya Bhat,2,179.3,3.4,15.2,95.0,6.2,5.84,74.2,Medium,
DB_3156_DS,2023DS1995,Barkha Pillai,16,354.1,5.6,18.57,80.0,6.0,5.98,65.1,Medium,
DB_3156_WD,2023DS1995,Barkha Pillai,9,178.6,6.39,18.41,90.0,6.4,5.98,67.2,Medium,
DB_3156_DSC,2023DS1995,Barkha Pillai,5,176.3,6.29,21.3,90.0,6.6,5.98,72.1,Medium,
DB_3156_ML,2023DS1995,Barkha Pillai,2,136.4,2.7,12.15,90.0,6.7,5.98,63.2,Medium,
DB_3157_DS,2024EC1996,Sachin Vashistha,9,299.1,7.2,16.05,90.0,6.7,7.02,69.1,Medium,
DB_3157_DSC,2024EC1996,Sachin Vashistha,13,343.4,6.8,22.37,95.0,6.3,7.02,72.1,Medium,
DB_3157_AIML,2024EC1996,Sachin Vashistha,8,146.2,5.4,27.75,85.0,6.6,7.02,67.6,Medium,
DB_3158_DS,2025EE1997,Bhavya Tripathi,7,180.1,7.8,21.9,75.0,6.3,6.1,72.0,Medium,
DB_3158_PY,2025EE1997,Bhavya Tripathi,8,164.5,6.39,18.27,95.0,6.5,6.1,68.7,Medium,
DB_3158_CN,2025EE1997,Bhavya Tripathi,9,260.4,6.78,12.35,70.0,6.4,6.1,62.8,Medium,
DB_3158_AIML,2025EE1997,Bhavya Tripathi,5,114.2,7.23,23.3,85.0,6.2,6.1,73.2,Medium,
DB_3159_PY,2023ME1998,Vipul Awasthi,5,147.6,5.45,11.98,85.0,4.2,5.72,57.2,Medium,
DB_3159_DSC,2023ME1998,Vipul Awasthi,8,183.2,5.1,16.6,95.0,4.2,5.72,59.5,Medium,
DB_3160_CN,2024CE1999,Ankita Bhatia,5,117.8,4.94,15.86,95.0,5.8,5.72,63.8,Medium,
DB_3160_DSC,2024CE1999,Ankita Bhatia,3,57.9,6.0,21.34,80.0,5.6,5.72,65.3,Medium,
DB_3160_AIML,2024CE1999,Ankita Bhatia,3,78.7,6.0,23.55,70.0,5.7,5.72,59.6,Medium,
DB_3161_DS,2025CS2000,Lokesh Mukherjee,15,419.2,7.47,23.64,80.0,7.7,8.43,80.5,High,
DB_3161_WD,2025CS2000,Lokesh Mukherjee,14,312.8,6.97,20.76,80.0,7.1,8.43,76.6,High,
DB_3161_AIML,2025CS2000,Lokesh Mukherjee,11,224.1,8.0,34.7,100.0,7.9,8.43,86.2,High,
DB_2_DS,USN_2,perf_student,0,0.0,0.0,0.0,0.0,0.0,0.0,70.0,Medium,2026-08-26 20:47:54 IST
DB_2_QS,R_qz_stu,qz_stu,0,0.0,10.0,0.0,0.0,0.0,0.0,0.0,Medium,2026-08-26 20:48:42 IST
DB_2_VS,R_vid_stu,vid_stu,1,20.0,0.0,0.0,0.0,0.0,0.0,0.0,Low,2026-08-26 20:48:48 IST
DB_3_GS,R_grade_stu,grade_stu,0,0.0,0.0,40.0,0.0,0.0,0.0,0.0,Low,2026-08-26 20:49:10 IST
