record_id,usn,student_name,subject_code,subject_name,quiz_title,score,total_marks,score_pct,time_taken_min,attempted_at,performance_label,appended_at
DB_1125_44,4DM24CS001,Arjun Sharma,AI,Artificial Intelligence & Machine Learning,AI – Advanced Training Techniques,8.6,10,86.0,10.1,2026-06-06 07:24:00.122508+00:00,High,2026-06-06 12:54:03 IST
DB_1125_45,4DM24CS001,Arjun Sharma,AI,Artificial Intelligence & Machine Learning,AI – Model Deployment & XAI,8.8,10,88.0,19.0,2026-06-06 07:24:00.122508+00:00,High,2026-06-06 12:54:03 IST
DB_1125_29,4DM24CS001,Arjun Sharma,DS,Data Structures,DS – Dynamic Programming,8.6,10,86.0,13.3,2026-06-06 07:24:00.122508+00:00,High,2026-06-06 12:54:03 IST
DB_1125_32,4DM24CS001,Arjun Sharma,PY,Python Programming,Python – Testing & Best Practices,8.1,10,81.0,15.9,2026-06-06 07:24:00.122508+00:00,High,2026-06-06 12:54:03 IST
DB_1125_13,4DM24CS001,Arjun Sharma,PY,Python Programming,Python – OOP Concepts,7.1,10,71.0,13.6,2026-06-06 07:24:00.122508+00:00,Medium,2026-06-06 12:54:03 IST
DB_1125_38,4DM24CS001,Arjun Sharma,CN,Computer Networks,CN – IPv6 & NAT,7.5,10,75.0,17.9,2026-06-06 07:24:00.122508+00:00,High,2026-06-06 12:54:03 IST
DB_1125_4,4DM24CS001,Arjun Sharma,CN,Computer Networks,Networking Concepts Quiz,9.0,10,90.0,14.0,2026-06-06 07:24:00.122508+00:00,High,2026-06-06 12:54:03 IST
DB_1125_10,4DM24CS001,Arjun Sharma,DS,Data Structures,DS – Sorting & Hashing,7.5,10,75.0,14.9,2026-06-06 07:24:00.122508+00:00,High,2026-06-06 12:54:03 IST
DB_1125_20,4DM24CS001,Arjun Sharma,CN,Computer Networks,CN – Routing & Protocols,8.0,10,80.0,10.1,2026-06-06 07:24:00.122508+00:00,High,2026-06-06 12:54:03 IST
DB_1125_6,4DM24CS001,Arjun Sharma,AI,Artificial Intelligence & Machine Learning,ML Basics Quiz,7.9,10,79.0,17.3,2026-06-06 07:24:00.122508+00:00,High,2026-06-06 12:54:03 IST
DB_1125_47,4DM24CS001,Arjun Sharma,CN,Computer Networks,Computer Networks Quiz,3.3,5,66.0,17.6,2026-06-06 07:24:00.122508+00:00,Medium,2026-06-06 12:54:03 IST
DB_1125_23,4DM24CS001,Arjun Sharma,DSC,Data Science,DSC – EDA & Feature Engineering,8.6,10,86.0,18.5,2026-06-06 07:24:00.122508+00:00,High,2026-06-06 12:54:03 IST
DB_1125_24,4DM24CS001,Arjun Sharma,AI,Artificial Intelligence & Machine Learning,AI – ML Fundamentals,6.6,10,66.0,11.4,2026-06-06 07:24:00.122508+00:00,Medium,2026-06-06 12:54:03 IST
DB_1125_37,4DM24CS001,Arjun Sharma,CN,Computer Networks,CN – TCP/IP Deep Dive,7.8,10,78.0,21.5,2026-06-06 07:24:00.122508+00:00,High,2026-06-06 12:54:03 IST
DB_1125_39,4DM24CS001,Arjun Sharma,CN,Computer Networks,CN – Network Security & VPN,9.2,10,92.0,13.3,2026-06-06 07:24:00.122508+00:00,High,2026-06-06 12:54:03 IST
DB_1125_11,4DM24CS001,Arjun Sharma,PY,Python Programming,Python – Basics & Control Flow,7.9,10,79.0,16.2,2026-06-06 07:24:00.122508+00:00,High,2026-06-06 12:54:03 IST
DB_1125_5,4DM24CS001,Arjun Sharma,DSC,Data Science,Data Science Quiz,8.4,10,84.0,17.9,2026-06-06 07:24:00.122508+00:00,High,2026-06-06 12:54:03 IST
DB_1125_40,4DM24CS001,Arjun Sharma,DSC,Data Science,DSC – Feature Engineering & Pipelines,7.0,10,70.0,20.0,2026-06-06 07:24:00.122508+00:00,Medium,2026-06-06 12:54:03 IST
DB_1125_3,4DM24CS001,Arjun Sharma,WD,Web Development,Web Dev Basics Quiz,8.2,10,82.0,12.1,2026-06-06 07:24:00.122508+00:00,High,2026-06-06 12:54:03 IST
DB_1125_9,4DM24CS001,Arjun Sharma,DS,Data Structures,DS – Trees & Graphs,8.1,10,81.0,12.0,2026-06-06 07:24:00.122508+00:00,High,2026-06-06 12:54:03 IST
DB_1125_35,4DM24CS001,Arjun Sharma,WD,Web Development,WD – Authentication & Security,7.2,10,72.0,15.0,2026-06-06 07:24:00.122508+00:00,Medium,2026-06-06 12:54:03 IST
DB_1125_43,4DM24CS001,Arjun Sharma,AI,Artificial Intelligence & Machine Learning,AI – Deep Learning Architectures,8.7,10,87.0,12.7,2026-06-06 07:24:00.122508+00:00,High,2026-06-06 12:54:03 IST
DB_1125_26,4DM24CS001,Arjun Sharma,AI,Artificial Intelligence & Machine Learning,AI – Decision Trees & Clustering,9.4,10,94.0,13.4,2026-06-06 07:24:00.122508+00:00,High,2026-06-06 12:54:03 IST
DB_1125_41,4DM24CS001,Arjun Sharma,DSC,Data Science,DSC – SQL & Data Querying,7.5,10,75.0,14.1,2026-06-06 07:24:00.122508+00:00,High,2026-06-06 12:54:03 IST
DB_1125_19,4DM24CS001,Arjun Sharma,CN,Computer Networks,CN – IP Addressing & Subnetting,8.0,10,80.0,15.9,2026-06-06 07:24:00.122508+00:00,High,2026-06-06 12:54:03 IST
DB_1125_2,4DM24CS001,Arjun Sharma,PY,Python Programming,Python Fundamentals Quiz,6.7,10,67.0,7.8,2026-06-06 07:24:00.122508+00:00,Medium,2026-06-06 12:54:03 IST
DB_1125_30,4DM24CS001,Arjun Sharma,DS,Data Structures,DS – Graph Algorithms,9.0,10,90.0,22.1,2026-06-06 07:24:00.122508+00:00,High,2026-06-06 12:54:03 IST
DB_1125_33,4DM24CS001,Arjun Sharma,PY,Python Programming,Python – Type Hints & Data Classes,8.6,10,86.0,16.4,2026-06-06 07:24:00.122508+00:00,High,2026-06-06 12:54:03 IST
DB_1125_21,4DM24CS001,Arjun Sharma,DSC,Data Science,DSC – NumPy & Pandas,9.1,10,91.0,13.4,2026-06-06 07:24:00.122508+00:00,High,2026-06-06 12:54:03 IST
DB_1125_18,4DM24CS001,Arjun Sharma,CN,Computer Networks,CN – OSI & TCP/IP Models,8.8,10,88.0,11.9,2026-06-06 07:24:00.122508+00:00,High,2026-06-06 12:54:03 IST
DB_1125_1,4DM24CS001,Arjun Sharma,DS,Data Structures,Data Structures Quiz 1,8.1,10,81.0,10.3,2026-06-06 07:24:00.122508+00:00,High,2026-06-06 12:54:03 IST
DB_1125_12,4DM24CS001,Arjun Sharma,PY,Python Programming,Python – Functions & Collections,8.8,10,88.0,18.0,2026-06-06 07:24:00.122508+00:00,High,2026-06-06 12:54:03 IST
DB_1125_46,4DM24CS001,Arjun Sharma,WD,Web Development,Web Development Basics Quiz,3.8,5,76.0,17.4,2026-06-06 07:24:00.122508+00:00,High,2026-06-06 12:54:03 IST
DB_1125_8,4DM24CS001,Arjun Sharma,DS,Data Structures,DS – Stacks & Queues,7.5,10,75.0,15.4,2026-06-06 07:24:00.122508+00:00,High,2026-06-06 12:54:03 IST
DB_1125_48,4DM24CS001,Arjun Sharma,DSC,Data Science,Data Science Fundamentals Quiz,3.4,5,68.0,16.2,2026-06-06 07:24:00.122508+00:00,Medium,2026-06-06 12:54:03 IST
DB_1125_28,4DM24CS001,Arjun Sharma,DS,Data Structures,DS – Heaps & Priority Queues,6.6,10,66.0,18.6,2026-06-06 07:24:00.122508+00:00,Medium,2026-06-06 12:54:03 IST
DB_1125_42,4DM24CS001,Arjun Sharma,DSC,Data Science,DSC – Big Data & Dashboards,8.3,10,83.0,11.7,2026-06-06 07:24:00.122508+00:00,High,2026-06-06 12:54:03 IST
DB_1125_7,4DM24CS001,Arjun Sharma,DS,Data Structures,DS – Arrays & Linked Lists,8.2,10,82.0,15.6,2026-06-06 07:24:00.122508+00:00,High,2026-06-06 12:54:03 IST
DB_1125_15,4DM24CS001,Arjun Sharma,WD,Web Development,WD – HTML & CSS,9.0,10,90.0,10.5,2026-06-06 07:24:00.122508+00:00,High,2026-06-06 12:54:03 IST
DB_1125_36,4DM24CS001,Arjun Sharma,WD,Web Development,WD – React & Modern Frontend,9.7,10,97.0,13.4,2026-06-06 07:24:00.122508+00:00,High,2026-06-06 12:54:03 IST
DB_1125_14,4DM24CS001,Arjun Sharma,PY,Python Programming,Python – Advanced Topics,8.3,10,83.0,18.3,2026-06-06 07:24:00.122508+00:00,High,2026-06-06 12:54:03 IST
DB_1125_34,4DM24CS001,Arjun Sharma,WD,Web Development,WD – Backend & APIs,8.2,10,82.0,14.8,2026-06-06 07:24:00.122508+00:00,High,2026-06-06 12:54:03 IST
DB_1125_17,4DM24CS001,Arjun Sharma,WD,Web Development,WD – Bootstrap & Responsive Design,8.5,10,85.0,11.0,2026-06-06 07:24:00.122508+00:00,High,2026-06-06 12:54:03 IST
DB_1125_31,4DM24CS001,Arjun Sharma,PY,Python Programming,Python – Concurrency & Async,8.8,10,88.0,18.9,2026-06-06 07:24:00.122508+00:00,High,2026-06-06 12:54:03 IST
DB_1125_22,4DM24CS001,Arjun Sharma,DSC,Data Science,DSC – Statistics & Visualization,8.0,10,80.0,13.1,2026-06-06 07:24:00.122508+00:00,High,2026-06-06 12:54:03 IST
DB_1125_16,4DM24CS001,Arjun Sharma,WD,Web Development,WD – JavaScript,8.0,10,80.0,16.6,2026-06-06 07:24:00.122508+00:00,High,2026-06-06 12:54:03 IST
DB_1125_25,4DM24CS001,Arjun Sharma,AI,Artificial Intelligence & Machine Learning,AI – Regression & Classification,10.0,10,100.0,11.9,2026-06-06 07:24:00.122508+00:00,High,2026-06-06 12:54:03 IST
DB_1125_27,4DM24CS001,Arjun Sharma,AI,Artificial Intelligence & Machine Learning,AI – Model Evaluation & Neural Networks,7.6,10,76.0,17.5,2026-06-06 07:24:00.122508+00:00,High,2026-06-06 12:54:03 IST
DB_1126_32,4DM24CS002,Karthik Reddy,PY,Python Programming,Python – Testing & Best Practices,6.8,10,68.0,18.9,2026-06-06 07:24:00.122508+00:00,Medium,2026-06-06 12:54:04 IST
DB_1126_23,4DM24CS002,Karthik Reddy,DSC,Data Science,DSC – EDA & Feature Engineering,6.8,10,68.0,19.1,2026-06-06 07:24:00.122508+00:00,Medium,2026-06-06 12:54:04 IST
DB_1126_25,4DM24CS002,Karthik Reddy,AI,Artificial Intelligence & Machine Learning,AI – Regression & Classification,6.2,10,62.0,12.8,2026-06-06 07:24:00.122508+00:00,Medium,2026-06-06 12:54:04 IST
DB_1126_21,4DM24CS002,Karthik Reddy,DSC,Data Science,DSC – NumPy & Pandas,4.8,10,48.0,10.2,2026-06-06 07:24:00.122508+00:00,Low,2026-06-06 12:54:04 IST
DB_1126_40,4DM24CS002,Karthik Reddy,DSC,Data Science,DSC – Feature Engineering & Pipelines,6.7,10,67.0,20.1,2026-06-06 07:24:00.122508+00:00,Medium,2026-06-06 12:54:04 IST
DB_1126_39,4DM24CS002,Karthik Reddy,CN,Computer Networks,CN – Network Security & VPN,6.3,10,63.0,13.9,2026-06-06 07:24:00.122508+00:00,Medium,2026-06-06 12:54:04 IST
DB_1126_11,4DM24CS002,Karthik Reddy,PY,Python Programming,Python – Basics & Control Flow,6.1,10,61.0,18.6,2026-06-06 07:24:00.122508+00:00,Medium,2026-06-06 12:54:04 IST
DB_1126_33,4DM24CS002,Karthik Reddy,PY,Python Programming,Python – Type Hints & Data Classes,6.3,10,63.0,12.5,2026-06-06 07:24:00.122508+00:00,Medium,2026-06-06 12:54:04 IST
DB_1126_35,4DM24CS002,Karthik Reddy,WD,Web Development,WD – Authentication & Security,8.7,10,87.0,17.5,2026-06-06 07:06:35.339623+00:00,High,2026-06-06 12:36:35 IST
DB_1126_5,4DM24CS002,Karthik Reddy,DSC,Data Science,Data Science Quiz,5.5,10,55.0,18.4,2026-06-06 07:24:00.122508+00:00,Medium,2026-06-06 12:54:04 IST
DB_1126_44,4DM24CS002,Karthik Reddy,AI,Artificial Intelligence & Machine Learning,AI – Advanced Training Techniques,7.3,10,73.0,14.3,2026-06-06 07:24:00.122508+00:00,Medium,2026-06-06 12:54:04 IST
DB_1126_28,4DM24CS002,Karthik Reddy,DS,Data Structures,DS – Heaps & Priority Queues,7.0,10,70.0,14.5,2026-06-06 07:24:00.122508+00:00,Medium,2026-06-06 12:54:04 IST
DB_1126_24,4DM24CS002,Karthik Reddy,AI,Artificial Intelligence & Machine Learning,AI – ML Fundamentals,7.5,10,75.0,13.1,2026-06-06 07:24:00.122508+00:00,High,2026-06-06 12:54:04 IST
DB_1126_45,4DM24CS002,Karthik Reddy,AI,Artificial Intelligence & Machine Learning,AI – Model Deployment & XAI,7.4,10,74.0,17.7,2026-06-06 07:24:00.122508+00:00,Medium,2026-06-06 12:54:04 IST
DB_1126_16,4DM24CS002,Karthik Reddy,WD,Web Development,WD – JavaScript,8.3,10,83.0,10.9,2026-06-06 07:24:00.122508+00:00,High,2026-06-06 12:54:03 IST
DB_1126_29,4DM24CS002,Karthik Reddy,DS,Data Structures,DS – Dynamic Programming,7.5,10,75.0,20.8,2026-06-06 07:24:00.122508+00:00,High,2026-06-06 12:54:04 IST
DB_1126_43,4DM24CS002,Karthik Reddy,AI,Artificial Intelligence & Machine Learning,AI – Deep Learning Architectures,6.7,10,67.0,18.4,2026-06-06 07:24:00.122508+00:00,Medium,2026-06-06 12:54:04 IST
DB_1126_46,4DM24CS002,Karthik Reddy,WD,Web Development,Web Development Basics Quiz,2.2,5,44.0,19.0,2026-06-06 07:24:00.122508+00:00,Low,2026-06-06 12:54:04 IST
DB_1126_17,4DM24CS002,Karthik Reddy,WD,Web Development,WD – Bootstrap & Responsive Design,7.6,10,76.0,17.0,2026-06-06 07:24:00.122508+00:00,High,2026-06-06 12:54:04 IST
DB_1126_15,4DM24CS002,Karthik Reddy,WD,Web Development,WD – HTML & CSS,6.9,10,69.0,11.6,2026-06-06 07:24:00.122508+00:00,Medium,2026-06-06 12:54:04 IST
DB_1126_3,4DM24CS002,Karthik Reddy,WD,Web Development,Web Dev Basics Quiz,6.4,10,64.0,16.1,2026-06-06 07:24:00.122508+00:00,Medium,2026-06-06 12:54:04 IST
DB_1126_4,4DM24CS002,Karthik Reddy,CN,Computer Networks,Networking Concepts Quiz,7.5,10,75.0,13.7,2026-06-06 07:06:35.561606+00:00,High,2026-06-06 12:36:35 IST
DB_1126_41,4DM24CS002,Karthik Reddy,DSC,Data Science,DSC – SQL & Data Querying,6.6,10,66.0,15.4,2026-06-06 07:06:35.561606+00:00,Medium,2026-06-06 12:36:35 IST
DB_1126_6,4DM24CS002,Karthik Reddy,AI,Artificial Intelligence & Machine Learning,ML Basics Quiz,5.8,10,58.0,13.5,2026-06-06 07:24:00.122508+00:00,Medium,2026-06-06 12:54:04 IST
DB_1126_34,4DM24CS002,Karthik Reddy,WD,Web Development,WD – Backend & APIs,6.5,10,65.0,15.7,2026-06-06 07:24:00.122508+00:00,Medium,2026-06-06 12:54:04 IST
DB_1126_22,4DM24CS002,Karthik Reddy,DSC,Data Science,DSC – Statistics & Visualization,5.8,10,58.0,16.6,2026-06-06 07:24:00.122508+00:00,Medium,2026-06-06 12:54:04 IST
DB_1126_42,4DM24CS002,Karthik Reddy,DSC,Data Science,DSC – Big Data & Dashboards,6.7,10,67.0,14.2,2026-06-06 07:24:00.122508+00:00,Medium,2026-06-06 12:54:04 IST
DB_1126_10,4DM24CS002,Karthik Reddy,DS,Data Structures,DS – Sorting & Hashing,6.7,10,67.0,17.4,2026-06-06 07:24:00.122508+00:00,Medium,2026-06-06 12:54:03 IST
DB_1126_13,4DM24CS002,Karthik Reddy,PY,Python Programming,Python – OOP Concepts,6.6,10,66.0,17.9,2026-06-06 07:24:00.122508+00:00,Medium,2026-06-06 12:54:04 IST
DB_1126_27,4DM24CS002,Karthik Reddy,AI,Artificial Intelligence & Machine Learning,AI – Model Evaluation & Neural Networks,7.9,10,79.0,23.2,2026-06-06 07:24:00.122508+00:00,High,2026-06-06 12:54:04 IST
DB_1126_18,4DM24CS002,Karthik Reddy,CN,Computer Networks,CN – OSI & TCP/IP Models,7.4,10,74.0,11.9,2026-06-06 07:24:00.122508+00:00,Medium,2026-06-06 12:54:04 IST
DB_1126_31,4DM24CS002,Karthik Reddy,PY,Python Programming,Python – Concurrency & Async,6.5,10,65.0,15.2,2026-06-06 07:24:00.122508+00:00,Medium,2026-06-06 12:54:04 IST
DB_1126_36,4DM24CS002,Karthik Reddy,WD,Web Development,WD – React & Modern Frontend,7.4,10,74.0,18.3,2026-06-06 07:24:00.122508+00:00,Medium,2026-06-06 12:54:03 IST
DB_1126_26,4DM24CS002,Karthik Reddy,AI,Artificial Intelligence & Machine Learning,AI – Decision Trees & Clustering,7.1,10,71.0,10.8,2026-06-06 07:24:00.122508+00:00,Medium,2026-06-06 12:54:03 IST
DB_1126_2,4DM24CS002,Karthik Reddy,PY,Python Programming,Python Fundamentals Quiz,4.9,10,49.0,10.4,2026-06-06 07:24:00.122508+00:00,Low,2026-06-06 12:54:04 IST
DB_1126_12,4DM24CS002,Karthik Reddy,PY,Python Programming,Python – Functions & Collections,5.3,10,53.0,14.1,2026-06-06 07:24:00.122508+00:00,Medium,2026-06-06 12:54:04 IST
DB_1126_37,4DM24CS002,Karthik Reddy,CN,Computer Networks,CN – TCP/IP Deep Dive,7.4,10,74.0,12.7,2026-06-06 07:24:00.122508+00:00,Medium,2026-06-06 12:54:04 IST
DB_1126_9,4DM24CS002,Karthik Reddy,DS,Data Structures,DS – Trees & Graphs,6.2,10,62.0,12.8,2026-06-06 07:24:00.122508+00:00,Medium,2026-06-06 12:54:04 IST
DB_1126_1,4DM24CS002,Karthik Reddy,DS,Data Structures,Data Structures Quiz 1,7.0,10,70.0,13.4,2026-06-06 07:24:00.122508+00:00,Medium,2026-06-06 12:54:04 IST
DB_1126_48,4DM24CS002,Karthik Reddy,DSC,Data Science,Data Science Fundamentals Quiz,3.0,5,60.0,11.7,2026-06-06 07:24:00.122508+00:00,Medium,2026-06-06 12:54:04 IST
DB_1126_47,4DM24CS002,Karthik Reddy,CN,Computer Networks,Computer Networks Quiz,3.1,5,62.0,17.2,2026-06-06 07:06:35.833528+00:00,Medium,2026-06-06 12:36:35 IST
DB_1127_19,4DM24CS003,Rohit Nair,CN,Computer Networks,CN – IP Addressing & Subnetting,8.4,10,84.0,13.8,2026-06-06 07:24:00.122508+00:00,High,2026-06-06 12:54:04 IST
DB_1127_21,4DM24CS003,Rohit Nair,DSC,Data Science,DSC – NumPy & Pandas,7.3,10,73.0,13.4,2026-06-06 07:24:00.122508+00:00,Medium,2026-06-06 12:54:05 IST
DB_1127_30,4DM24CS003,Rohit Nair,DS,Data Structures,DS – Graph Algorithms,7.2,10,72.0,19.5,2026-06-06 07:24:00.122508+00:00,Medium,2026-06-06 12:54:04 IST
DB_1127_25,4DM24CS003,Rohit Nair,AI,Artificial Intelligence & Machine Learning,AI – Regression & Classification,8.3,10,83.0,13.2,2026-06-06 07:24:00.122508+00:00,High,2026-06-06 12:54:05 IST
DB_1127_10,4DM24CS003,Rohit Nair,DS,Data Structures,DS – Sorting & Hashing,7.1,10,71.0,15.6,2026-06-06 07:24:00.122508+00:00,Medium,2026-06-06 12:54:04 IST
DB_1127_24,4DM24CS003,Rohit Nair,AI,Artificial Intelligence & Machine Learning,AI – ML Fundamentals,8.5,10,85.0,13.3,2026-06-06 07:24:00.122508+00:00,High,2026-06-06 12:54:04 IST
DB_1127_17,4DM24CS003,Rohit Nair,WD,Web Development,WD – Bootstrap & Responsive Design,8.6,10,86.0,11.7,2026-06-06 07:24:00.122508+00:00,High,2026-06-06 12:54:05 IST
DB_1127_12,4DM24CS003,Rohit Nair,PY,Python Programming,Python – Functions & Collections,7.3,10,73.0,15.7,2026-06-06 07:24:00.122508+00:00,Medium,2026-06-06 12:54:05 IST
DB_1127_14,4DM24CS003,Rohit Nair,PY,Python Programming,Python – Advanced Topics,9.1,10,91.0,23.7,2026-06-06 07:24:00.122508+00:00,High,2026-06-06 12:54:04 IST
DB_1127_18,4DM24CS003,Rohit Nair,CN,Computer Networks,CN – OSI & TCP/IP Models,7.5,10,75.0,16.4,2026-06-06 07:24:00.122508+00:00,High,2026-06-06 12:54:05 IST
DB_1127_6,4DM24CS003,Rohit Nair,AI,Artificial Intelligence & Machine Learning,ML Basics Quiz,7.2,10,72.0,17.3,2026-06-06 07:24:00.122508+00:00,Medium,2026-06-06 12:54:04 IST
DB_1127_43,4DM24CS003,Rohit Nair,AI,Artificial Intelligence & Machine Learning,AI – Deep Learning Architectures,9.2,10,92.0,16.5,2026-06-06 07:24:00.122508+00:00,High,2026-06-06 12:54:04 IST
DB_1127_36,4DM24CS003,Rohit Nair,WD,Web Development,WD – React & Modern Frontend,10.0,10,100.0,16.8,2026-06-06 07:24:00.122508+00:00,High,2026-06-06 12:54:04 IST
DB_1127_42,4DM24CS003,Rohit Nair,DSC,Data Science,DSC – Big Data & Dashboards,6.9,10,69.0,14.4,2026-06-06 07:24:00.122508+00:00,Medium,2026-06-06 12:54:04 IST
DB_1127_22,4DM24CS003,Rohit Nair,DSC,Data Science,DSC – Statistics & Visualization,8.3,10,83.0,17.5,2026-06-06 07:24:00.122508+00:00,High,2026-06-06 12:54:04 IST
DB_1127_7,4DM24CS003,Rohit Nair,DS,Data Structures,DS – Arrays & Linked Lists,7.3,10,73.0,14.6,2026-06-06 07:24:00.122508+00:00,Medium,2026-06-06 12:54:05 IST
DB_1127_38,4DM24CS003,Rohit Nair,CN,Computer Networks,CN – IPv6 & NAT,8.6,10,86.0,13.2,2026-06-06 07:24:00.122508+00:00,High,2026-06-06 12:54:04 IST
DB_1127_20,4DM24CS003,Rohit Nair,CN,Computer Networks,CN – Routing & Protocols,8.1,10,81.0,17.6,2026-06-06 07:24:00.122508+00:00,High,2026-06-06 12:54:05 IST
DB_1127_41,4DM24CS003,Rohit Nair,DSC,Data Science,DSC – SQL & Data Querying,8.6,10,86.0,17.0,2026-06-06 07:24:00.122508+00:00,High,2026-06-06 12:54:04 IST
DB_1127_39,4DM24CS003,Rohit Nair,CN,Computer Networks,CN – Network Security & VPN,7.1,10,71.0,13.2,2026-06-06 07:24:00.122508+00:00,Medium,2026-06-06 12:54:04 IST
DB_1127_26,4DM24CS003,Rohit Nair,AI,Artificial Intelligence & Machine Learning,AI – Decision Trees & Clustering,7.7,10,77.0,10.6,2026-06-06 07:24:00.122508+00:00,High,2026-06-06 12:54:04 IST
DB_1127_8,4DM24CS003,Rohit Nair,DS,Data Structures,DS – Stacks & Queues,8.9,10,89.0,11.0,2026-06-06 07:24:00.122508+00:00,High,2026-06-06 12:54:05 IST
DB_1127_13,4DM24CS003,Rohit Nair,PY,Python Programming,Python – OOP Concepts,7.0,10,70.0,19.0,2026-06-06 07:24:00.122508+00:00,Medium,2026-06-06 12:54:04 IST
DB_1127_1,4DM24CS003,Rohit Nair,DS,Data Structures,Data Structures Quiz 1,7.3,10,73.0,12.1,2026-06-06 07:24:00.122508+00:00,Medium,2026-06-06 12:54:04 IST
DB_1127_16,4DM24CS003,Rohit Nair,WD,Web Development,WD – JavaScript,7.8,10,78.0,16.4,2026-06-06 07:24:00.122508+00:00,High,2026-06-06 12:54:04 IST
DB_1127_23,4DM24CS003,Rohit Nair,DSC,Data Science,DSC – EDA & Feature Engineering,7.4,10,74.0,14.0,2026-06-06 07:24:00.122508+00:00,Medium,2026-06-06 12:54:04 IST
DB_1127_45,4DM24CS003,Rohit Nair,AI,Artificial Intelligence & Machine Learning,AI – Model Deployment & XAI,10.0,10,100.0,18.8,2026-06-06 07:24:00.122508+00:00,High,2026-06-06 12:54:04 IST
DB_1127_31,4DM24CS003,Rohit Nair,PY,Python Programming,Python – Concurrency & Async,8.6,10,86.0,12.1,2026-06-06 07:24:00.122508+00:00,High,2026-06-06 12:54:04 IST
DB_1127_9,4DM24CS003,Rohit Nair,DS,Data Structures,DS – Trees & Graphs,7.0,10,70.0,18.2,2026-06-06 07:24:00.122508+00:00,Medium,2026-06-06 12:54:04 IST
DB_1127_4,4DM24CS003,Rohit Nair,CN,Computer Networks,Networking Concepts Quiz,9.0,10,90.0,11.7,2026-06-06 07:24:00.122508+00:00,High,2026-06-06 12:54:04 IST
DB_1127_5,4DM24CS003,Rohit Nair,DSC,Data Science,Data Science Quiz,7.4,10,74.0,10.5,2026-06-06 07:24:00.122508+00:00,Medium,2026-06-06 12:54:04 IST
DB_1127_47,4DM24CS003,Rohit Nair,CN,Computer Networks,Computer Networks Quiz,3.7,5,74.0,16.2,2026-06-06 07:24:00.122508+00:00,Medium,2026-06-06 12:54:04 IST
DB_1127_37,4DM24CS003,Rohit Nair,CN,Computer Networks,CN – TCP/IP Deep Dive,8.3,10,83.0,15.0,2026-06-06 07:24:00.122508+00:00,High,2026-06-06 12:54:04 IST
DB_1127_27,4DM24CS003,Rohit Nair,AI,Artificial Intelligence & Machine Learning,AI – Model Evaluation & Neural Networks,9.5,10,95.0,22.1,2026-06-06 07:24:00.122508+00:00,High,2026-06-06 12:54:04 IST
DB_1127_34,4DM24CS003,Rohit Nair,WD,Web Development,WD – Backend & APIs,8.1,10,81.0,18.1,2026-06-06 07:24:00.122508+00:00,High,2026-06-06 12:54:05 IST
DB_1127_32,4DM24CS003,Rohit Nair,PY,Python Programming,Python – Testing & Best Practices,7.9,10,79.0,15.6,2026-06-06 07:24:00.122508+00:00,High,2026-06-06 12:54:04 IST
DB_1127_48,4DM24CS003,Rohit Nair,DSC,Data Science,Data Science Fundamentals Quiz,4.1,5,82.0,18.1,2026-06-06 07:24:00.122508+00:00,High,2026-06-06 12:54:04 IST
DB_1127_28,4DM24CS003,Rohit Nair,DS,Data Structures,DS – Heaps & Priority Queues,10.0,10,100.0,18.1,2026-06-06 07:24:00.122508+00:00,High,2026-06-06 12:54:05 IST
DB_1127_29,4DM24CS003,Rohit Nair,DS,Data Structures,DS – Dynamic Programming,8.7,10,87.0,22.0,2026-06-06 07:24:00.122508+00:00,High,2026-06-06 12:54:05 IST
DB_1127_11,4DM24CS003,Rohit Nair,PY,Python Programming,Python – Basics & Control Flow,8.1,10,81.0,12.2,2026-06-06 07:24:00.122508+00:00,High,2026-06-06 12:54:04 IST
DB_1127_15,4DM24CS003,Rohit Nair,WD,Web Development,WD – HTML & CSS,9.9,10,99.0,16.5,2026-06-06 07:24:00.122508+00:00,High,2026-06-06 12:54:04 IST
DB_1127_44,4DM24CS003,Rohit Nair,AI,Artificial Intelligence & Machine Learning,AI – Advanced Training Techniques,8.1,10,81.0,14.9,2026-06-06 07:24:00.122508+00:00,High,2026-06-06 12:54:04 IST
DB_1127_46,4DM24CS003,Rohit Nair,WD,Web Development,Web Development Basics Quiz,3.9,5,78.0,13.5,2026-06-06 07:24:00.122508+00:00,High,2026-06-06 12:54:04 IST
DB_1127_3,4DM24CS003,Rohit Nair,WD,Web Development,Web Dev Basics Quiz,8.4,10,84.0,17.3,2026-06-06 07:24:00.122508+00:00,High,2026-06-06 12:54:04 IST
DB_1127_35,4DM24CS003,Rohit Nair,WD,Web Development,WD – Authentication & Security,9.0,10,90.0,14.8,2026-06-06 07:24:00.122508+00:00,High,2026-06-06 12:54:05 IST
DB_1127_2,4DM24CS003,Rohit Nair,PY,Python Programming,Python Fundamentals Quiz,7.7,10,77.0,9.0,2026-06-06 07:24:00.122508+00:00,High,2026-06-06 12:54:05 IST
DB_1127_40,4DM24CS003,Rohit Nair,DSC,Data Science,DSC – Feature Engineering & Pipelines,8.5,10,85.0,22.7,2026-06-06 07:24:00.122508+00:00,High,2026-06-06 12:54:04 IST
DB_1127_33,4DM24CS003,Rohit Nair,PY,Python Programming,Python – Type Hints & Data Classes,7.2,10,72.0,13.8,2026-06-06 07:24:00.122508+00:00,Medium,2026-06-06 12:54:05 IST
DB_1128_4,4DM24CS004,Vikram Patel,CN,Computer Networks,Networking Concepts Quiz,6.2,10,62.0,13.2,2026-06-06 07:07:45.380207+00:00,Medium,2026-06-06 12:37:45 IST
DB_1128_20,4DM24CS004,Vikram Patel,CN,Computer Networks,CN – Routing & Protocols,5.7,10,57.0,12.7,2026-06-06 07:24:00.122508+00:00,Medium,2026-06-06 12:54:05 IST
DB_1128_43,4DM24CS004,Vikram Patel,AI,Artificial Intelligence & Machine Learning,AI – Deep Learning Architectures,7.5,10,75.0,23.2,2026-06-06 07:07:45.400490+00:00,High,2026-06-06 12:37:45 IST
DB_1128_34,4DM24CS004,Vikram Patel,WD,Web Development,WD – Backend & APIs,5.8,10,58.0,14.4,2026-06-06 07:24:00.122508+00:00,Medium,2026-06-06 12:54:05 IST
DB_1128_16,4DM24CS004,Vikram Patel,WD,Web Development,WD – JavaScript,3.6,10,36.0,18.9,2026-06-06 07:24:00.122508+00:00,Low,2026-06-06 12:54:05 IST
DB_1128_18,4DM24CS004,Vikram Patel,CN,Computer Networks,CN – OSI & TCP/IP Models,7.1,10,71.0,13.2,2026-06-06 07:24:00.122508+00:00,Medium,2026-06-06 12:54:05 IST
DB_1128_6,4DM24CS004,Vikram Patel,AI,Artificial Intelligence & Machine Learning,ML Basics Quiz,5.0,10,50.0,14.6,2026-06-06 07:24:00.122508+00:00,Medium,2026-06-06 12:54:05 IST
DB_1128_5,4DM24CS004,Vikram Patel,DSC,Data Science,Data Science Quiz,5.1,10,51.0,11.7,2026-06-06 07:24:00.122508+00:00,Medium,2026-06-06 12:54:05 IST
DB_1128_44,4DM24CS004,Vikram Patel,AI,Artificial Intelligence & Machine Learning,AI – Advanced Training Techniques,6.4,10,64.0,12.6,2026-06-06 07:07:45.449897+00:00,Medium,2026-06-06 12:37:45 IST
DB_1128_31,4DM24CS004,Vikram Patel,PY,Python Programming,Python – Concurrency & Async,5.0,10,50.0,14.9,2026-06-06 07:24:00.122508+00:00,Medium,2026-06-06 12:54:05 IST
DB_1128_33,4DM24CS004,Vikram Patel,PY,Python Programming,Python – Type Hints & Data Classes,6.4,10,64.0,18.1,2026-06-06 07:24:00.122508+00:00,Medium,2026-06-06 12:54:05 IST
DB_1128_13,4DM24CS004,Vikram Patel,PY,Python Programming,Python – OOP Concepts,6.2,10,62.0,10.6,2026-06-06 07:24:00.122508+00:00,Medium,2026-06-06 12:54:05 IST
DB_1128_19,4DM24CS004,Vikram Patel,CN,Computer Networks,CN – IP Addressing & Subnetting,6.5,10,65.0,18.2,2026-06-06 07:24:00.122508+00:00,Medium,2026-06-06 12:54:05 IST
DB_1128_12,4DM24CS004,Vikram Patel,PY,Python Programming,Python – Functions & Collections,6.7,10,67.0,16.0,2026-06-06 07:24:00.122508+00:00,Medium,2026-06-06 12:54:05 IST
DB_1128_39,4DM24CS004,Vikram Patel,CN,Computer Networks,CN – Network Security & VPN,6.0,10,60.0,11.0,2026-06-06 07:07:45.493333+00:00,Medium,2026-06-06 12:37:45 IST
DB_1128_32,4DM24CS004,Vikram Patel,PY,Python Programming,Python – Testing & Best Practices,8.2,10,82.0,17.4,2026-06-06 07:24:00.122508+00:00,High,2026-06-06 12:54:05 IST
DB_1128_26,4DM24CS004,Vikram Patel,AI,Artificial Intelligence & Machine Learning,AI – Decision Trees & Clustering,5.5,10,55.0,16.7,2026-06-06 07:24:00.122508+00:00,Medium,2026-06-06 12:54:05 IST
DB_1128_10,4DM24CS004,Vikram Patel,DS,Data Structures,DS – Sorting & Hashing,7.0,10,70.0,17.7,2026-06-06 07:24:00.122508+00:00,Medium,2026-06-06 12:54:05 IST
DB_1128_11,4DM24CS004,Vikram Patel,PY,Python Programming,Python – Basics & Control Flow,7.3,10,73.0,10.4,2026-06-06 07:24:00.122508+00:00,Medium,2026-06-06 12:54:05 IST
DB_1128_45,4DM24CS004,Vikram Patel,AI,Artificial Intelligence & Machine Learning,AI – Model Deployment & XAI,5.3,10,53.0,12.0,2026-06-06 07:24:00.122508+00:00,Medium,2026-06-06 12:54:05 IST
DB_1128_22,4DM24CS004,Vikram Patel,DSC,Data Science,DSC – Statistics & Visualization,6.4,10,64.0,13.4,2026-06-06 07:24:00.122508+00:00,Medium,2026-06-06 12:54:05 IST
DB_1128_8,4DM24CS004,Vikram Patel,DS,Data Structures,DS – Stacks & Queues,7.8,10,78.0,15.0,2026-06-06 07:24:00.122508+00:00,High,2026-06-06 12:54:05 IST
DB_1128_48,4DM24CS004,Vikram Patel,DSC,Data Science,Data Science Fundamentals Quiz,4.5,5,90.0,10.6,2026-06-06 07:24:00.122508+00:00,High,2026-06-06 12:54:05 IST
DB_1128_35,4DM24CS004,Vikram Patel,WD,Web Development,WD – Authentication & Security,6.3,10,63.0,12.1,2026-06-06 07:24:00.122508+00:00,Medium,2026-06-06 12:54:05 IST
DB_1128_7,4DM24CS004,Vikram Patel,DS,Data Structures,DS – Arrays & Linked Lists,7.2,10,72.0,18.7,2026-06-06 07:24:00.122508+00:00,Medium,2026-06-06 12:54:05 IST
DB_1128_30,4DM24CS004,Vikram Patel,DS,Data Structures,DS – Graph Algorithms,6.6,10,66.0,12.5,2026-06-06 07:24:00.122508+00:00,Medium,2026-06-06 12:54:05 IST
DB_1128_15,4DM24CS004,Vikram Patel,WD,Web Development,WD – HTML & CSS,7.0,10,70.0,14.3,2026-06-06 07:24:00.122508+00:00,Medium,2026-06-06 12:54:05 IST
DB_1128_37,4DM24CS004,Vikram Patel,CN,Computer Networks,CN – TCP/IP Deep Dive,7.0,10,70.0,18.9,2026-06-06 07:07:45.621538+00:00,Medium,2026-06-06 12:37:45 IST
DB_1128_27,4DM24CS004,Vikram Patel,AI,Artificial Intelligence & Machine Learning,AI – Model Evaluation & Neural Networks,6.1,10,61.0,19.5,2026-06-06 07:24:00.122508+00:00,Medium,2026-06-06 12:54:05 IST
DB_1128_17,4DM24CS004,Vikram Patel,WD,Web Development,WD – Bootstrap & Responsive Design,7.2,10,72.0,15.4,2026-06-06 07:07:45.639395+00:00,Medium,2026-06-06 12:37:45 IST
DB_1128_1,4DM24CS004,Vikram Patel,DS,Data Structures,Data Structures Quiz 1,6.0,10,60.0,17.2,2026-06-06 07:24:00.122508+00:00,Medium,2026-06-06 12:54:05 IST
DB_1128_38,4DM24CS004,Vikram Patel,CN,Computer Networks,CN – IPv6 & NAT,6.5,10,65.0,12.4,2026-06-06 07:24:00.122508+00:00,Medium,2026-06-06 12:54:05 IST
DB_1128_46,4DM24CS004,Vikram Patel,WD,Web Development,Web Development Basics Quiz,3.8,5,76.0,12.2,2026-06-06 07:24:00.122508+00:00,High,2026-06-06 12:54:05 IST
DB_1128_42,4DM24CS004,Vikram Patel,DSC,Data Science,DSC – Big Data & Dashboards,5.6,10,56.0,10.9,2026-06-06 07:24:00.122508+00:00,Medium,2026-06-06 12:54:05 IST
DB_1128_41,4DM24CS004,Vikram Patel,DSC,Data Science,DSC – SQL & Data Querying,5.5,10,55.0,10.2,2026-06-06 07:07:45.676748+00:00,Medium,2026-06-06 12:37:45 IST
DB_1128_3,4DM24CS004,Vikram Patel,WD,Web Development,Web Dev Basics Quiz,6.7,10,67.0,10.6,2026-06-06 07:24:00.122508+00:00,Medium,2026-06-06 12:54:05 IST
DB_1128_24,4DM24CS004,Vikram Patel,AI,Artificial Intelligence & Machine Learning,AI – ML Fundamentals,6.4,10,64.0,16.3,2026-06-06 07:24:00.122508+00:00,Medium,2026-06-06 12:54:05 IST
DB_1128_25,4DM24CS004,Vikram Patel,AI,Artificial Intelligence & Machine Learning,AI – Regression & Classification,8.3,10,83.0,13.3,2026-06-06 07:24:00.122508+00:00,High,2026-06-06 12:54:05 IST
DB_1128_47,4DM24CS004,Vikram Patel,CN,Computer Networks,Computer Networks Quiz,3.3,5,66.0,16.7,2026-06-06 07:24:00.122508+00:00,Medium,2026-06-06 12:54:05 IST
DB_1128_2,4DM24CS004,Vikram Patel,PY,Python Programming,Python Fundamentals Quiz,5.1,10,51.0,13.4,2026-06-06 07:24:00.122508+00:00,Medium,2026-06-06 12:54:05 IST
DB_1128_23,4DM24CS004,Vikram Patel,DSC,Data Science,DSC – EDA & Feature Engineering,6.6,10,66.0,23.2,2026-06-06 07:24:00.122508+00:00,Medium,2026-06-06 12:54:05 IST
DB_1129_40,4DM24CS005,Suresh Kumar,DSC,Data Science,DSC – Feature Engineering & Pipelines,8.4,10,84.0,20.8,2026-06-06 07:24:00.124086+00:00,High,2026-06-06 12:54:06 IST
DB_1129_10,4DM24CS005,Suresh Kumar,DS,Data Structures,DS – Sorting & Hashing,7.9,10,79.0,19.1,2026-06-06 07:24:00.122508+00:00,High,2026-06-06 12:54:05 IST
DB_1129_18,4DM24CS005,Suresh Kumar,CN,Computer Networks,CN – OSI & TCP/IP Models,7.3,10,73.0,15.1,2026-06-06 07:24:00.124086+00:00,Medium,2026-06-06 12:54:06 IST
DB_1129_24,4DM24CS005,Suresh Kumar,AI,Artificial Intelligence & Machine Learning,AI – ML Fundamentals,8.0,10,80.0,15.3,2026-06-06 07:24:00.124086+00:00,High,2026-06-06 12:54:06 IST
DB_1129_48,4DM24CS005,Suresh Kumar,DSC,Data Science,Data Science Fundamentals Quiz,3.7,5,74.0,10.4,2026-06-06 07:24:00.124086+00:00,Medium,2026-06-06 12:54:06 IST
DB_1129_20,4DM24CS005,Suresh Kumar,CN,Computer Networks,CN – Routing & Protocols,7.2,10,72.0,17.1,2026-06-06 07:24:00.124086+00:00,Medium,2026-06-06 12:54:06 IST
DB_1129_32,4DM24CS005,Suresh Kumar,PY,Python Programming,Python – Testing & Best Practices,9.4,10,94.0,13.6,2026-06-06 07:24:00.122508+00:00,High,2026-06-06 12:54:06 IST
DB_1129_6,4DM24CS005,Suresh Kumar,AI,Artificial Intelligence & Machine Learning,ML Basics Quiz,8.0,10,80.0,13.9,2026-06-06 07:24:00.124086+00:00,High,2026-06-06 12:54:06 IST
DB_1129_33,4DM24CS005,Suresh Kumar,PY,Python Programming,Python – Type Hints & Data Classes,9.3,10,93.0,16.8,2026-06-06 07:24:00.124086+00:00,High,2026-06-06 12:54:06 IST
DB_1129_42,4DM24CS005,Suresh Kumar,DSC,Data Science,DSC – Big Data & Dashboards,7.7,10,77.0,16.0,2026-06-06 07:24:00.124086+00:00,High,2026-06-06 12:54:06 IST
DB_1129_9,4DM24CS005,Suresh Kumar,DS,Data Structures,DS – Trees & Graphs,7.9,10,79.0,12.0,2026-06-06 07:24:00.124086+00:00,High,2026-06-06 12:54:06 IST
DB_1129_25,4DM24CS005,Suresh Kumar,AI,Artificial Intelligence & Machine Learning,AI – Regression & Classification,8.2,10,82.0,14.1,2026-06-06 07:24:00.124086+00:00,High,2026-06-06 12:54:06 IST
DB_1129_13,4DM24CS005,Suresh Kumar,PY,Python Programming,Python – OOP Concepts,8.4,10,84.0,11.8,2026-06-06 07:24:00.124086+00:00,High,2026-06-06 12:54:06 IST
DB_1129_8,4DM24CS005,Suresh Kumar,DS,Data Structures,DS – Stacks & Queues,8.2,10,82.0,10.5,2026-06-06 07:24:00.122508+00:00,High,2026-06-06 12:54:06 IST
DB_1129_22,4DM24CS005,Suresh Kumar,DSC,Data Science,DSC – Statistics & Visualization,9.3,10,93.0,14.6,2026-06-06 07:24:00.124086+00:00,High,2026-06-06 12:54:06 IST
DB_1129_7,4DM24CS005,Suresh Kumar,DS,Data Structures,DS – Arrays & Linked Lists,8.7,10,87.0,10.5,2026-06-06 07:24:00.122508+00:00,High,2026-06-06 12:54:06 IST
DB_1129_47,4DM24CS005,Suresh Kumar,CN,Computer Networks,Computer Networks Quiz,4.4,5,88.0,16.0,2026-06-06 07:24:00.124086+00:00,High,2026-06-06 12:54:06 IST
DB_1129_11,4DM24CS005,Suresh Kumar,PY,Python Programming,Python – Basics & Control Flow,7.9,10,79.0,13.8,2026-06-06 07:24:00.122508+00:00,High,2026-06-06 12:54:05 IST
DB_1129_39,4DM24CS005,Suresh Kumar,CN,Computer Networks,CN – Network Security & VPN,8.2,10,82.0,16.8,2026-06-06 07:24:00.124086+00:00,High,2026-06-06 12:54:06 IST
DB_1129_27,4DM24CS005,Suresh Kumar,AI,Artificial Intelligence & Machine Learning,AI – Model Evaluation & Neural Networks,8.2,10,82.0,21.9,2026-06-06 07:24:00.124086+00:00,High,2026-06-06 12:54:06 IST
DB_1129_23,4DM24CS005,Suresh Kumar,DSC,Data Science,DSC – EDA & Feature Engineering,8.3,10,83.0,22.7,2026-06-06 07:24:00.124086+00:00,High,2026-06-06 12:54:06 IST
DB_1129_44,4DM24CS005,Suresh Kumar,AI,Artificial Intelligence & Machine Learning,AI – Advanced Training Techniques,8.6,10,86.0,18.6,2026-06-06 07:24:00.124086+00:00,High,2026-06-06 12:54:06 IST
DB_1129_41,4DM24CS005,Suresh Kumar,DSC,Data Science,DSC – SQL & Data Querying,7.0,10,70.0,10.6,2026-06-06 07:24:00.122508+00:00,Medium,2026-06-06 12:54:05 IST
DB_1129_1,4DM24CS005,Suresh Kumar,DS,Data Structures,Data Structures Quiz 1,7.3,10,73.0,18.0,2026-06-06 07:24:00.122508+00:00,Medium,2026-06-06 12:54:05 IST
DB_1129_43,4DM24CS005,Suresh Kumar,AI,Artificial Intelligence & Machine Learning,AI – Deep Learning Architectures,10.0,10,100.0,23.7,2026-06-06 07:24:00.124086+00:00,High,2026-06-06 12:54:06 IST
DB_1129_31,4DM24CS005,Suresh Kumar,PY,Python Programming,Python – Concurrency & Async,7.7,10,77.0,11.7,2026-06-06 07:24:00.124086+00:00,High,2026-06-06 12:54:06 IST
DB_1129_19,4DM24CS005,Suresh Kumar,CN,Computer Networks,CN – IP Addressing & Subnetting,8.4,10,84.0,13.8,2026-06-06 07:24:00.124086+00:00,High,2026-06-06 12:54:06 IST
DB_1129_46,4DM24CS005,Suresh Kumar,WD,Web Development,Web Development Basics Quiz,4.6,5,92.0,16.8,2026-06-06 07:24:00.124086+00:00,High,2026-06-06 12:54:06 IST
DB_1129_34,4DM24CS005,Suresh Kumar,WD,Web Development,WD – Backend & APIs,8.9,10,89.0,15.3,2026-06-06 07:24:00.124086+00:00,High,2026-06-06 12:54:06 IST
DB_1129_21,4DM24CS005,Suresh Kumar,DSC,Data Science,DSC – NumPy & Pandas,7.7,10,77.0,10.0,2026-06-06 07:24:00.122508+00:00,High,2026-06-06 12:54:06 IST
DB_1129_4,4DM24CS005,Suresh Kumar,CN,Computer Networks,Networking Concepts Quiz,7.6,10,76.0,16.5,2026-06-06 07:24:00.124086+00:00,High,2026-06-06 12:54:06 IST
DB_1129_16,4DM24CS005,Suresh Kumar,WD,Web Development,WD – JavaScript,7.4,10,74.0,14.2,2026-06-06 07:24:00.124086+00:00,Medium,2026-06-06 12:54:06 IST
DB_1129_15,4DM24CS005,Suresh Kumar,WD,Web Development,WD – HTML & CSS,9.3,10,93.0,10.3,2026-06-06 07:24:00.122508+00:00,High,2026-06-06 12:54:06 IST
DB_1129_12,4DM24CS005,Suresh Kumar,PY,Python Programming,Python – Functions & Collections,8.6,10,86.0,11.6,2026-06-06 07:24:00.122508+00:00,High,2026-06-06 12:54:05 IST
DB_1129_35,4DM24CS005,Suresh Kumar,WD,Web Development,WD – Authentication & Security,8.3,10,83.0,10.7,2026-06-06 07:24:00.124086+00:00,High,2026-06-06 12:54:06 IST
DB_1129_5,4DM24CS005,Suresh Kumar,DSC,Data Science,Data Science Quiz,9.0,10,90.0,19.0,2026-06-06 07:24:00.122508+00:00,High,2026-06-06 12:54:05 IST
DB_1129_28,4DM24CS005,Suresh Kumar,DS,Data Structures,DS – Heaps & Priority Queues,9.5,10,95.0,16.0,2026-06-06 07:24:00.122508+00:00,High,2026-06-06 12:54:06 IST
DB_1129_29,4DM24CS005,Suresh Kumar,DS,Data Structures,DS – Dynamic Programming,7.5,10,75.0,22.8,2026-06-06 07:24:00.122508+00:00,High,2026-06-06 12:54:05 IST
DB_1129_17,4DM24CS005,Suresh Kumar,WD,Web Development,WD – Bootstrap & Responsive Design,8.1,10,81.0,12.8,2026-06-06 07:24:00.124086+00:00,High,2026-06-06 12:54:06 IST
DB_1129_26,4DM24CS005,Suresh Kumar,AI,Artificial Intelligence & Machine Learning,AI – Decision Trees & Clustering,6.9,10,69.0,16.9,2026-06-06 07:24:00.124086+00:00,Medium,2026-06-06 12:54:06 IST
DB_1129_30,4DM24CS005,Suresh Kumar,DS,Data Structures,DS – Graph Algorithms,8.0,10,80.0,16.3,2026-06-06 07:24:00.124086+00:00,High,2026-06-06 12:54:06 IST
DB_1129_37,4DM24CS005,Suresh Kumar,CN,Computer Networks,CN – TCP/IP Deep Dive,9.3,10,93.0,14.7,2026-06-06 07:24:00.124086+00:00,High,2026-06-06 12:54:06 IST
DB_1129_36,4DM24CS005,Suresh Kumar,WD,Web Development,WD – React & Modern Frontend,9.0,10,90.0,15.3,2026-06-06 07:24:00.124086+00:00,High,2026-06-06 12:54:06 IST
DB_1129_14,4DM24CS005,Suresh Kumar,PY,Python Programming,Python – Advanced Topics,7.7,10,77.0,23.7,2026-06-06 07:24:00.124086+00:00,High,2026-06-06 12:54:06 IST
DB_1129_3,4DM24CS005,Suresh Kumar,WD,Web Development,Web Dev Basics Quiz,8.9,10,89.0,11.6,2026-06-06 07:24:00.122508+00:00,High,2026-06-06 12:54:06 IST
DB_1129_38,4DM24CS005,Suresh Kumar,CN,Computer Networks,CN – IPv6 & NAT,8.1,10,81.0,14.0,2026-06-06 07:24:00.122508+00:00,High,2026-06-06 12:54:05 IST
DB_1129_2,4DM24CS005,Suresh Kumar,PY,Python Programming,Python Fundamentals Quiz,8.0,10,80.0,7.6,2026-06-06 07:24:00.122508+00:00,High,2026-06-06 12:54:06 IST
DB_1129_45,4DM24CS005,Suresh Kumar,AI,Artificial Intelligence & Machine Learning,AI – Model Deployment & XAI,6.9,10,69.0,18.6,2026-06-06 07:24:00.122508+00:00,Medium,2026-06-06 12:54:06 IST
DB_1130_20,4DM24CS006,Nikhil Joshi,CN,Computer Networks,CN – Routing & Protocols,4.9,10,49.0,13.7,2026-06-06 07:24:00.124086+00:00,Low,2026-06-06 12:54:06 IST
DB_1130_17,4DM24CS006,Nikhil Joshi,WD,Web Development,WD – Bootstrap & Responsive Design,3.7,10,37.0,14.5,2026-06-06 07:24:00.124086+00:00,Low,2026-06-06 12:54:07 IST
DB_1130_8,4DM24CS006,Nikhil Joshi,DS,Data Structures,DS – Stacks & Queues,2.9,10,29.0,14.3,2026-06-06 07:24:00.124086+00:00,At-Risk,2026-06-06 12:54:06 IST
DB_1130_33,4DM24CS006,Nikhil Joshi,PY,Python Programming,Python – Type Hints & Data Classes,2.3,10,23.0,11.8,2026-06-06 07:24:00.124086+00:00,At-Risk,2026-06-06 12:54:06 IST
DB_1130_3,4DM24CS006,Nikhil Joshi,WD,Web Development,Web Dev Basics Quiz,6.9,10,69.0,16.1,2026-06-06 07:24:00.124086+00:00,Medium,2026-06-06 12:54:07 IST
DB_1130_14,4DM24CS006,Nikhil Joshi,PY,Python Programming,Python – Advanced Topics,4.5,10,45.0,22.3,2026-06-06 07:24:00.124086+00:00,Low,2026-06-06 12:54:07 IST
DB_1130_39,4DM24CS006,Nikhil Joshi,CN,Computer Networks,CN – Network Security & VPN,4.7,10,47.0,11.5,2026-06-06 07:08:54.127391+00:00,Low,2026-06-06 12:38:54 IST
DB_1130_35,4DM24CS006,Nikhil Joshi,WD,Web Development,WD – Authentication & Security,4.1,10,41.0,13.5,2026-06-06 07:08:54.130740+00:00,Low,2026-06-06 12:38:54 IST
DB_1130_31,4DM24CS006,Nikhil Joshi,PY,Python Programming,Python – Concurrency & Async,2.4,10,24.0,18.8,2026-06-06 07:24:00.124086+00:00,At-Risk,2026-06-06 12:54:07 IST
DB_1130_10,4DM24CS006,Nikhil Joshi,DS,Data Structures,DS – Sorting & Hashing,4.4,10,44.0,14.3,2026-06-06 07:24:00.124086+00:00,Low,2026-06-06 12:54:06 IST
DB_1130_11,4DM24CS006,Nikhil Joshi,PY,Python Programming,Python – Basics & Control Flow,6.1,10,61.0,12.0,2026-06-06 07:24:00.124086+00:00,Medium,2026-06-06 12:54:06 IST
DB_1130_21,4DM24CS006,Nikhil Joshi,DSC,Data Science,DSC – NumPy & Pandas,3.1,10,31.0,17.6,2026-06-06 07:24:00.124086+00:00,At-Risk,2026-06-06 12:54:06 IST
DB_1130_42,4DM24CS006,Nikhil Joshi,DSC,Data Science,DSC – Big Data & Dashboards,4.9,10,49.0,17.9,2026-06-06 07:24:00.124086+00:00,Low,2026-06-06 12:54:07 IST
DB_1130_34,4DM24CS006,Nikhil Joshi,WD,Web Development,WD – Backend & APIs,6.3,10,63.0,15.8,2026-06-06 07:24:00.124086+00:00,Medium,2026-06-06 12:54:07 IST
DB_1130_2,4DM24CS006,Nikhil Joshi,PY,Python Programming,Python Fundamentals Quiz,4.9,10,49.0,11.6,2026-06-06 07:08:54.214611+00:00,Low,2026-06-06 12:38:54 IST
DB_1130_19,4DM24CS006,Nikhil Joshi,CN,Computer Networks,CN – IP Addressing & Subnetting,5.2,10,52.0,17.3,2026-06-06 07:24:00.124086+00:00,Medium,2026-06-06 12:54:06 IST
DB_1130_44,4DM24CS006,Nikhil Joshi,AI,Artificial Intelligence & Machine Learning,AI – Advanced Training Techniques,3.7,10,37.0,15.3,2026-06-06 07:24:00.124086+00:00,Low,2026-06-06 12:54:07 IST
DB_1130_38,4DM24CS006,Nikhil Joshi,CN,Computer Networks,CN – IPv6 & NAT,4.6,10,46.0,18.9,2026-06-06 07:08:54.230739+00:00,Low,2026-06-06 12:38:54 IST
DB_1130_15,4DM24CS006,Nikhil Joshi,WD,Web Development,WD – HTML & CSS,4.0,10,40.0,10.2,2026-06-06 07:24:00.124086+00:00,Low,2026-06-06 12:54:07 IST
DB_1130_27,4DM24CS006,Nikhil Joshi,AI,Artificial Intelligence & Machine Learning,AI – Model Evaluation & Neural Networks,3.8,10,38.0,19.6,2026-06-06 07:24:00.124086+00:00,Low,2026-06-06 12:54:07 IST
DB_1130_4,4DM24CS006,Nikhil Joshi,CN,Computer Networks,Networking Concepts Quiz,4.0,10,40.0,14.9,2026-06-06 07:24:00.124086+00:00,Low,2026-06-06 12:54:07 IST
DB_1130_43,4DM24CS006,Nikhil Joshi,AI,Artificial Intelligence & Machine Learning,AI – Deep Learning Architectures,5.0,10,50.0,21.3,2026-06-06 07:08:54.276427+00:00,Medium,2026-06-06 12:38:54 IST
DB_1130_22,4DM24CS006,Nikhil Joshi,DSC,Data Science,DSC – Statistics & Visualization,2.5,10,25.0,17.8,2026-06-06 07:24:00.124086+00:00,At-Risk,2026-06-06 12:54:07 IST
DB_1130_24,4DM24CS006,Nikhil Joshi,AI,Artificial Intelligence & Machine Learning,AI – ML Fundamentals,0.5,10,5.0,17.8,2026-06-06 07:24:00.124086+00:00,At-Risk,2026-06-06 12:54:07 IST
DB_1130_30,4DM24CS006,Nikhil Joshi,DS,Data Structures,DS – Graph Algorithms,4.2,10,42.0,14.9,2026-06-06 07:24:00.124086+00:00,Low,2026-06-06 12:54:06 IST
DB_1130_1,4DM24CS006,Nikhil Joshi,DS,Data Structures,Data Structures Quiz 1,4.8,10,48.0,10.0,2026-06-06 07:08:54.316756+00:00,Low,2026-06-06 12:38:54 IST
DB_1130_29,4DM24CS006,Nikhil Joshi,DS,Data Structures,DS – Dynamic Programming,4.8,10,48.0,16.6,2026-06-06 07:08:54.325726+00:00,Low,2026-06-06 12:38:54 IST
DB_1130_16,4DM24CS006,Nikhil Joshi,WD,Web Development,WD – JavaScript,5.7,10,57.0,15.0,2026-06-06 07:08:54.330016+00:00,Medium,2026-06-06 12:38:54 IST
DB_1130_32,4DM24CS006,Nikhil Joshi,PY,Python Programming,Python – Testing & Best Practices,1.8,10,18.0,16.0,2026-06-06 07:08:54.340848+00:00,At-Risk,2026-06-06 12:38:54 IST
DB_1130_23,4DM24CS006,Nikhil Joshi,DSC,Data Science,DSC – EDA & Feature Engineering,5.8,10,58.0,12.7,2026-06-06 07:08:54.340848+00:00,Medium,2026-06-06 12:38:54 IST
DB_1130_45,4DM24CS006,Nikhil Joshi,AI,Artificial Intelligence & Machine Learning,AI – Model Deployment & XAI,6.0,10,60.0,18.4,2026-06-06 07:24:00.124086+00:00,Medium,2026-06-06 12:54:06 IST
DB_1130_37,4DM24CS006,Nikhil Joshi,CN,Computer Networks,CN – TCP/IP Deep Dive,6.1,10,61.0,19.8,2026-06-06 07:24:00.124086+00:00,Medium,2026-06-06 12:54:06 IST
DB_1130_13,4DM24CS006,Nikhil Joshi,PY,Python Programming,Python – OOP Concepts,6.6,10,66.0,14.6,2026-06-06 07:24:00.124086+00:00,Medium,2026-06-06 12:54:07 IST
DB_1131_7,4DM24CS007,Aditya Menon,DS,Data Structures,DS – Arrays & Linked Lists,8.7,10,87.0,11.2,2026-06-06 07:24:00.124086+00:00,High,2026-06-06 12:54:07 IST
DB_1131_13,4DM24CS007,Aditya Menon,PY,Python Programming,Python – OOP Concepts,9.5,10,95.0,15.0,2026-06-06 07:24:00.124086+00:00,High,2026-06-06 12:54:07 IST
DB_1131_19,4DM24CS007,Aditya Menon,CN,Computer Networks,CN – IP Addressing & Subnetting,9.9,10,99.0,15.5,2026-06-06 07:24:00.124086+00:00,High,2026-06-06 12:54:07 IST
DB_1131_39,4DM24CS007,Aditya Menon,CN,Computer Networks,CN – Network Security & VPN,7.1,10,71.0,15.3,2026-06-06 07:24:00.124086+00:00,Medium,2026-06-06 12:54:07 IST
DB_1131_21,4DM24CS007,Aditya Menon,DSC,Data Science,DSC – NumPy & Pandas,9.9,10,99.0,17.1,2026-06-06 07:24:00.124086+00:00,High,2026-06-06 12:54:07 IST
DB_1131_6,4DM24CS007,Aditya Menon,AI,Artificial Intelligence & Machine Learning,ML Basics Quiz,10.0,10,100.0,13.9,2026-06-06 07:24:00.124086+00:00,High,2026-06-06 12:54:07 IST
DB_1131_8,4DM24CS007,Aditya Menon,DS,Data Structures,DS – Stacks & Queues,7.8,10,78.0,13.3,2026-06-06 07:24:00.124086+00:00,High,2026-06-06 12:54:07 IST
DB_1131_18,4DM24CS007,Aditya Menon,CN,Computer Networks,CN – OSI & TCP/IP Models,9.6,10,96.0,11.0,2026-06-06 07:24:00.124086+00:00,High,2026-06-06 12:54:08 IST
DB_1131_42,4DM24CS007,Aditya Menon,DSC,Data Science,DSC – Big Data & Dashboards,8.8,10,88.0,13.2,2026-06-06 07:24:00.124086+00:00,High,2026-06-06 12:54:07 IST
DB_1131_9,4DM24CS007,Aditya Menon,DS,Data Structures,DS – Trees & Graphs,8.7,10,87.0,11.8,2026-06-06 07:24:00.124086+00:00,High,2026-06-06 12:54:07 IST
DB_1131_44,4DM24CS007,Aditya Menon,AI,Artificial Intelligence & Machine Learning,AI – Advanced Training Techniques,9.6,10,96.0,17.5,2026-06-06 07:24:00.124086+00:00,High,2026-06-06 12:54:07 IST
DB_1131_14,4DM24CS007,Aditya Menon,PY,Python Programming,Python – Advanced Topics,8.5,10,85.0,16.2,2026-06-06 07:24:00.124086+00:00,High,2026-06-06 12:54:07 IST
DB_1131_33,4DM24CS007,Aditya Menon,PY,Python Programming,Python – Type Hints & Data Classes,7.5,10,75.0,13.3,2026-06-06 07:24:00.124086+00:00,High,2026-06-06 12:54:07 IST
DB_1131_5,4DM24CS007,Aditya Menon,DSC,Data Science,Data Science Quiz,8.1,10,81.0,14.5,2026-06-06 07:24:00.124086+00:00,High,2026-06-06 12:54:08 IST
DB_1131_38,4DM24CS007,Aditya Menon,CN,Computer Networks,CN – IPv6 & NAT,9.1,10,91.0,11.4,2026-06-06 07:24:00.124086+00:00,High,2026-06-06 12:54:07 IST
DB_1131_4,4DM24CS007,Aditya Menon,CN,Computer Networks,Networking Concepts Quiz,6.9,10,69.0,12.4,2026-06-06 07:24:00.124086+00:00,Medium,2026-06-06 12:54:07 IST
DB_1131_26,4DM24CS007,Aditya Menon,AI,Artificial Intelligence & Machine Learning,AI – Decision Trees & Clustering,8.3,10,83.0,10.5,2026-06-06 07:24:00.124086+00:00,High,2026-06-06 12:54:08 IST
DB_1131_23,4DM24CS007,Aditya Menon,DSC,Data Science,DSC – EDA & Feature Engineering,8.5,10,85.0,22.3,2026-06-06 07:24:00.124086+00:00,High,2026-06-06 12:54:07 IST
DB_1131_29,4DM24CS007,Aditya Menon,DS,Data Structures,DS – Dynamic Programming,8.8,10,88.0,16.6,2026-06-06 07:24:00.124086+00:00,High,2026-06-06 12:54:07 IST
DB_1131_15,4DM24CS007,Aditya Menon,WD,Web Development,WD – HTML & CSS,9.4,10,94.0,18.1,2026-06-06 07:24:00.124086+00:00,High,2026-06-06 12:54:08 IST
DB_1131_41,4DM24CS007,Aditya Menon,DSC,Data Science,DSC – SQL & Data Querying,8.9,10,89.0,18.1,2026-06-06 07:24:00.124086+00:00,High,2026-06-06 12:54:07 IST
DB_1131_37,4DM24CS007,Aditya Menon,CN,Computer Networks,CN – TCP/IP Deep Dive,6.9,10,69.0,23.4,2026-06-06 07:24:00.124086+00:00,Medium,2026-06-06 12:54:07 IST
DB_1131_36,4DM24CS007,Aditya Menon,WD,Web Development,WD – React & Modern Frontend,7.1,10,71.0,11.7,2026-06-06 07:24:00.124086+00:00,Medium,2026-06-06 12:54:07 IST
DB_1131_10,4DM24CS007,Aditya Menon,DS,Data Structures,DS – Sorting & Hashing,9.4,10,94.0,13.6,2026-06-06 07:24:00.124086+00:00,High,2026-06-06 12:54:08 IST
DB_1131_12,4DM24CS007,Aditya Menon,PY,Python Programming,Python – Functions & Collections,8.1,10,81.0,12.5,2026-06-06 07:24:00.124086+00:00,High,2026-06-06 12:54:08 IST
DB_1131_28,4DM24CS007,Aditya Menon,DS,Data Structures,DS – Heaps & Priority Queues,9.7,10,97.0,10.4,2026-06-06 07:24:00.124086+00:00,High,2026-06-06 12:54:07 IST
DB_1131_45,4DM24CS007,Aditya Menon,AI,Artificial Intelligence & Machine Learning,AI – Model Deployment & XAI,8.6,10,86.0,10.3,2026-06-06 07:24:00.124086+00:00,High,2026-06-06 12:54:08 IST
DB_1131_1,4DM24CS007,Aditya Menon,DS,Data Structures,Data Structures Quiz 1,8.7,10,87.0,18.1,2026-06-06 07:24:00.124086+00:00,High,2026-06-06 12:54:07 IST
DB_1131_25,4DM24CS007,Aditya Menon,AI,Artificial Intelligence & Machine Learning,AI – Regression & Classification,6.1,10,61.0,12.3,2026-06-06 07:24:00.124086+00:00,Medium,2026-06-06 12:54:08 IST
DB_1131_32,4DM24CS007,Aditya Menon,PY,Python Programming,Python – Testing & Best Practices,8.6,10,86.0,13.3,2026-06-06 07:24:00.124086+00:00,High,2026-06-06 12:54:08 IST
DB_1131_47,4DM24CS007,Aditya Menon,CN,Computer Networks,Computer Networks Quiz,3.6,5,72.0,11.4,2026-06-06 07:24:00.124086+00:00,Medium,2026-06-06 12:54:07 IST
DB_1131_20,4DM24CS007,Aditya Menon,CN,Computer Networks,CN – Routing & Protocols,7.6,10,76.0,16.3,2026-06-06 07:24:00.124086+00:00,High,2026-06-06 12:54:07 IST
DB_1131_24,4DM24CS007,Aditya Menon,AI,Artificial Intelligence & Machine Learning,AI – ML Fundamentals,8.4,10,84.0,14.1,2026-06-06 07:24:00.124086+00:00,High,2026-06-06 12:54:07 IST
DB_1131_46,4DM24CS007,Aditya Menon,WD,Web Development,Web Development Basics Quiz,4.5,5,90.0,10.6,2026-06-06 07:24:00.124086+00:00,High,2026-06-06 12:54:07 IST
DB_1131_3,4DM24CS007,Aditya Menon,WD,Web Development,Web Dev Basics Quiz,7.4,10,74.0,14.2,2026-06-06 07:24:00.124086+00:00,Medium,2026-06-06 12:54:07 IST
DB_1131_22,4DM24CS007,Aditya Menon,DSC,Data Science,DSC – Statistics & Visualization,7.9,10,79.0,17.1,2026-06-06 07:24:00.124086+00:00,High,2026-06-06 12:54:07 IST
DB_1131_31,4DM24CS007,Aditya Menon,PY,Python Programming,Python – Concurrency & Async,6.2,10,62.0,11.3,2026-06-06 07:24:00.124086+00:00,Medium,2026-06-06 12:54:07 IST
DB_1131_40,4DM24CS007,Aditya Menon,DSC,Data Science,DSC – Feature Engineering & Pipelines,8.2,10,82.0,21.0,2026-06-06 07:24:00.124086+00:00,High,2026-06-06 12:54:07 IST
DB_1131_16,4DM24CS007,Aditya Menon,WD,Web Development,WD – JavaScript,7.4,10,74.0,13.0,2026-06-06 07:24:00.124086+00:00,Medium,2026-06-06 12:54:07 IST
DB_1131_48,4DM24CS007,Aditya Menon,DSC,Data Science,Data Science Fundamentals Quiz,3.9,5,78.0,18.1,2026-06-06 07:24:00.124086+00:00,High,2026-06-06 12:54:07 IST
DB_1131_11,4DM24CS007,Aditya Menon,PY,Python Programming,Python – Basics & Control Flow,7.5,10,75.0,18.8,2026-06-06 07:24:00.124086+00:00,High,2026-06-06 12:54:07 IST
DB_1131_35,4DM24CS007,Aditya Menon,WD,Web Development,WD – Authentication & Security,8.8,10,88.0,16.0,2026-06-06 07:24:00.124086+00:00,High,2026-06-06 12:54:07 IST
DB_1131_30,4DM24CS007,Aditya Menon,DS,Data Structures,DS – Graph Algorithms,7.7,10,77.0,14.8,2026-06-06 07:24:00.124086+00:00,High,2026-06-06 12:54:08 IST
DB_1131_2,4DM24CS007,Aditya Menon,PY,Python Programming,Python Fundamentals Quiz,8.5,10,85.0,7.6,2026-06-06 07:24:00.124086+00:00,High,2026-06-06 12:54:07 IST
DB_1131_34,4DM24CS007,Aditya Menon,WD,Web Development,WD – Backend & APIs,9.0,10,90.0,19.0,2026-06-06 07:24:00.124086+00:00,High,2026-06-06 12:54:07 IST
DB_1131_17,4DM24CS007,Aditya Menon,WD,Web Development,WD – Bootstrap & Responsive Design,8.5,10,85.0,17.2,2026-06-06 07:24:00.124086+00:00,High,2026-06-06 12:54:07 IST
DB_1131_27,4DM24CS007,Aditya Menon,AI,Artificial Intelligence & Machine Learning,AI – Model Evaluation & Neural Networks,8.7,10,87.0,20.9,2026-06-06 07:24:00.124086+00:00,High,2026-06-06 12:54:08 IST
DB_1131_43,4DM24CS007,Aditya Menon,AI,Artificial Intelligence & Machine Learning,AI – Deep Learning Architectures,7.8,10,78.0,15.7,2026-06-06 07:24:00.124086+00:00,High,2026-06-06 12:54:08 IST
DB_1132_6,4DM24CS008,Rahul Desai,AI,Artificial Intelligence & Machine Learning,ML Basics Quiz,6.2,10,62.0,18.0,2026-06-06 07:24:00.124086+00:00,Medium,2026-06-06 12:54:08 IST
DB_1132_22,4DM24CS008,Rahul Desai,DSC,Data Science,DSC – Statistics & Visualization,5.2,10,52.0,15.2,2026-06-06 07:24:00.124086+00:00,Medium,2026-06-06 12:54:08 IST
DB_1132_7,4DM24CS008,Rahul Desai,DS,Data Structures,DS – Arrays & Linked Lists,5.9,10,59.0,14.7,2026-06-06 07:24:00.124086+00:00,Medium,2026-06-06 12:54:08 IST
DB_1132_2,4DM24CS008,Rahul Desai,PY,Python Programming,Python Fundamentals Quiz,8.4,10,84.0,8.8,2026-06-06 07:24:00.124086+00:00,High,2026-06-06 12:54:08 IST
DB_1132_19,4DM24CS008,Rahul Desai,CN,Computer Networks,CN – IP Addressing & Subnetting,5.0,10,50.0,20.1,2026-06-06 07:24:00.124086+00:00,Medium,2026-06-06 12:54:08 IST
DB_1132_10,4DM24CS008,Rahul Desai,DS,Data Structures,DS – Sorting & Hashing,6.1,10,61.0,22.1,2026-06-06 07:10:09.043923+00:00,Medium,2026-06-06 12:40:09 IST
DB_1132_45,4DM24CS008,Rahul Desai,AI,Artificial Intelligence & Machine Learning,AI – Model Deployment & XAI,6.2,10,62.0,16.8,2026-06-06 07:10:09.082257+00:00,Medium,2026-06-06 12:40:09 IST
DB_1132_44,4DM24CS008,Rahul Desai,AI,Artificial Intelligence & Machine Learning,AI – Advanced Training Techniques,6.0,10,60.0,10.2,2026-06-06 07:24:00.124086+00:00,Medium,2026-06-06 12:54:08 IST
DB_1132_27,4DM24CS008,Rahul Desai,AI,Artificial Intelligence & Machine Learning,AI – Model Evaluation & Neural Networks,5.3,10,53.0,18.3,2026-06-06 07:24:00.124086+00:00,Medium,2026-06-06 12:54:08 IST
DB_1132_30,4DM24CS008,Rahul Desai,DS,Data Structures,DS – Graph Algorithms,4.7,10,47.0,18.5,2026-06-06 07:24:00.124086+00:00,Low,2026-06-06 12:54:08 IST
DB_1132_40,4DM24CS008,Rahul Desai,DSC,Data Science,DSC – Feature Engineering & Pipelines,6.3,10,63.0,20.7,2026-06-06 07:24:00.124086+00:00,Medium,2026-06-06 12:54:08 IST
DB_1132_8,4DM24CS008,Rahul Desai,DS,Data Structures,DS – Stacks & Queues,6.3,10,63.0,11.2,2026-06-06 07:24:00.124086+00:00,Medium,2026-06-06 12:54:08 IST
DB_1132_20,4DM24CS008,Rahul Desai,CN,Computer Networks,CN – Routing & Protocols,5.6,10,56.0,11.1,2026-06-06 07:24:00.124086+00:00,Medium,2026-06-06 12:54:08 IST
DB_1132_32,4DM24CS008,Rahul Desai,PY,Python Programming,Python – Testing & Best Practices,9.0,10,90.0,18.9,2026-06-06 07:10:09.262819+00:00,High,2026-06-06 12:40:09 IST
DB_1132_16,4DM24CS008,Rahul Desai,WD,Web Development,WD – JavaScript,6.0,10,60.0,14.0,2026-06-06 07:24:00.124086+00:00,Medium,2026-06-06 12:54:08 IST
DB_1132_18,4DM24CS008,Rahul Desai,CN,Computer Networks,CN – OSI & TCP/IP Models,6.6,10,66.0,11.0,2026-06-06 07:24:00.124086+00:00,Medium,2026-06-06 12:54:08 IST
DB_1132_36,4DM24CS008,Rahul Desai,WD,Web Development,WD – React & Modern Frontend,5.7,10,57.0,17.8,2026-06-06 07:24:00.124086+00:00,Medium,2026-06-06 12:54:08 IST
DB_1132_41,4DM24CS008,Rahul Desai,DSC,Data Science,DSC – SQL & Data Querying,7.6,10,76.0,10.6,2026-06-06 07:24:00.124086+00:00,High,2026-06-06 12:54:08 IST
DB_1132_3,4DM24CS008,Rahul Desai,WD,Web Development,Web Dev Basics Quiz,6.8,10,68.0,15.8,2026-06-06 07:24:00.124086+00:00,Medium,2026-06-06 12:54:08 IST
DB_1132_37,4DM24CS008,Rahul Desai,CN,Computer Networks,CN – TCP/IP Deep Dive,4.6,10,46.0,20.6,2026-06-06 07:10:09.371558+00:00,Low,2026-06-06 12:40:09 IST
DB_1132_28,4DM24CS008,Rahul Desai,DS,Data Structures,DS – Heaps & Priority Queues,8.2,10,82.0,18.7,2026-06-06 07:10:09.400583+00:00,High,2026-06-06 12:40:09 IST
DB_1132_48,4DM24CS008,Rahul Desai,DSC,Data Science,Data Science Fundamentals Quiz,4.1,5,82.0,10.2,2026-06-06 07:24:00.124086+00:00,High,2026-06-06 12:54:08 IST
DB_1132_24,4DM24CS008,Rahul Desai,AI,Artificial Intelligence & Machine Learning,AI – ML Fundamentals,8.1,10,81.0,10.0,2026-06-06 07:24:00.124086+00:00,High,2026-06-06 12:54:08 IST
DB_1132_25,4DM24CS008,Rahul Desai,AI,Artificial Intelligence & Machine Learning,AI – Regression & Classification,6.8,10,68.0,18.1,2026-06-06 07:24:00.124086+00:00,Medium,2026-06-06 12:54:08 IST
DB_1132_17,4DM24CS008,Rahul Desai,WD,Web Development,WD – Bootstrap & Responsive Design,6.6,10,66.0,10.4,2026-06-06 07:24:00.124086+00:00,Medium,2026-06-06 12:54:08 IST
DB_1132_43,4DM24CS008,Rahul Desai,AI,Artificial Intelligence & Machine Learning,AI – Deep Learning Architectures,4.4,10,44.0,17.8,2026-06-06 07:10:09.507600+00:00,Low,2026-06-06 12:40:09 IST
DB_1132_1,4DM24CS008,Rahul Desai,DS,Data Structures,Data Structures Quiz 1,8.2,10,82.0,12.1,2026-06-06 07:24:00.124086+00:00,High,2026-06-06 12:54:08 IST
DB_1132_23,4DM24CS008,Rahul Desai,DSC,Data Science,DSC – EDA & Feature Engineering,7.5,10,75.0,19.2,2026-06-06 07:24:00.124086+00:00,High,2026-06-06 12:54:08 IST
DB_1132_38,4DM24CS008,Rahul Desai,CN,Computer Networks,CN – IPv6 & NAT,5.7,10,57.0,13.2,2026-06-06 07:24:00.124086+00:00,Medium,2026-06-06 12:54:08 IST
DB_1132_11,4DM24CS008,Rahul Desai,PY,Python Programming,Python – Basics & Control Flow,4.9,10,49.0,18.6,2026-06-06 07:24:00.124086+00:00,Low,2026-06-06 12:54:08 IST
DB_1132_4,4DM24CS008,Rahul Desai,CN,Computer Networks,Networking Concepts Quiz,6.7,10,67.0,16.1,2026-06-06 07:24:00.124086+00:00,Medium,2026-06-06 12:54:08 IST
DB_1132_29,4DM24CS008,Rahul Desai,DS,Data Structures,DS – Dynamic Programming,5.0,10,50.0,16.2,2026-06-06 07:10:09.646679+00:00,Medium,2026-06-06 12:40:09 IST
DB_1132_12,4DM24CS008,Rahul Desai,PY,Python Programming,Python – Functions & Collections,8.6,10,86.0,14.3,2026-06-06 07:24:00.124086+00:00,High,2026-06-06 12:54:08 IST
DB_1132_9,4DM24CS008,Rahul Desai,DS,Data Structures,DS – Trees & Graphs,5.5,10,55.0,13.5,2026-06-06 07:24:00.124086+00:00,Medium,2026-06-06 12:54:08 IST
DB_1132_21,4DM24CS008,Rahul Desai,DSC,Data Science,DSC – NumPy & Pandas,5.2,10,52.0,13.4,2026-06-06 07:24:00.124086+00:00,Medium,2026-06-06 12:54:08 IST
DB_1132_26,4DM24CS008,Rahul Desai,AI,Artificial Intelligence & Machine Learning,AI – Decision Trees & Clustering,7.3,10,73.0,11.1,2026-06-06 07:24:00.124086+00:00,Medium,2026-06-06 12:54:08 IST
DB_1132_31,4DM24CS008,Rahul Desai,PY,Python Programming,Python – Concurrency & Async,7.3,10,73.0,16.4,2026-06-06 07:24:00.124086+00:00,Medium,2026-06-06 12:54:08 IST
DB_1132_35,4DM24CS008,Rahul Desai,WD,Web Development,WD – Authentication & Security,5.3,10,53.0,15.1,2026-06-06 07:24:00.124086+00:00,Medium,2026-06-06 12:54:08 IST
DB_1132_47,4DM24CS008,Rahul Desai,CN,Computer Networks,Computer Networks Quiz,4.1,5,82.0,18.3,2026-06-06 07:24:00.124086+00:00,High,2026-06-06 12:54:08 IST
DB_1132_42,4DM24CS008,Rahul Desai,DSC,Data Science,DSC – Big Data & Dashboards,7.0,10,70.0,10.6,2026-06-06 07:24:00.124086+00:00,Medium,2026-06-06 12:54:08 IST
DB_1132_34,4DM24CS008,Rahul Desai,WD,Web Development,WD – Backend & APIs,7.1,10,71.0,11.6,2026-06-06 07:24:00.124086+00:00,Medium,2026-06-06 12:54:08 IST
DB_1133_27,4DM24CS009,Sandeep Iyer,AI,Artificial Intelligence & Machine Learning,AI – Model Evaluation & Neural Networks,8.1,10,81.0,20.6,2026-06-06 07:24:00.124086+00:00,High,2026-06-06 12:54:09 IST
DB_1133_10,4DM24CS009,Sandeep Iyer,DS,Data Structures,DS – Sorting & Hashing,8.8,10,88.0,23.1,2026-06-06 07:24:00.124086+00:00,High,2026-06-06 12:54:08 IST
DB_1133_33,4DM24CS009,Sandeep Iyer,PY,Python Programming,Python – Type Hints & Data Classes,8.3,10,83.0,11.9,2026-06-06 07:24:00.124086+00:00,High,2026-06-06 12:54:09 IST
DB_1133_22,4DM24CS009,Sandeep Iyer,DSC,Data Science,DSC – Statistics & Visualization,7.9,10,79.0,14.5,2026-06-06 07:24:00.124086+00:00,High,2026-06-06 12:54:09 IST
DB_1133_9,4DM24CS009,Sandeep Iyer,DS,Data Structures,DS – Trees & Graphs,7.9,10,79.0,10.5,2026-06-06 07:24:00.124086+00:00,High,2026-06-06 12:54:09 IST
DB_1133_17,4DM24CS009,Sandeep Iyer,WD,Web Development,WD – Bootstrap & Responsive Design,8.3,10,83.0,10.4,2026-06-06 07:24:00.124086+00:00,High,2026-06-06 12:54:09 IST
DB_1133_36,4DM24CS009,Sandeep Iyer,WD,Web Development,WD – React & Modern Frontend,8.0,10,80.0,10.0,2026-06-06 07:24:00.124086+00:00,High,2026-06-06 12:54:08 IST
DB_1133_28,4DM24CS009,Sandeep Iyer,DS,Data Structures,DS – Heaps & Priority Queues,8.9,10,89.0,15.3,2026-06-06 07:24:00.124086+00:00,High,2026-06-06 12:54:09 IST
DB_1133_40,4DM24CS009,Sandeep Iyer,DSC,Data Science,DSC – Feature Engineering & Pipelines,8.3,10,83.0,20.1,2026-06-06 07:24:00.124086+00:00,High,2026-06-06 12:54:09 IST
DB_1133_47,4DM24CS009,Sandeep Iyer,CN,Computer Networks,Computer Networks Quiz,4.8,5,96.0,10.5,2026-06-06 07:24:00.124086+00:00,High,2026-06-06 12:54:09 IST
DB_1133_41,4DM24CS009,Sandeep Iyer,DSC,Data Science,DSC – SQL & Data Querying,8.5,10,85.0,11.3,2026-06-06 07:24:00.124086+00:00,High,2026-06-06 12:54:09 IST
DB_1133_42,4DM24CS009,Sandeep Iyer,DSC,Data Science,DSC – Big Data & Dashboards,6.8,10,68.0,10.5,2026-06-06 07:24:00.124086+00:00,Medium,2026-06-06 12:54:09 IST
DB_1133_44,4DM24CS009,Sandeep Iyer,AI,Artificial Intelligence & Machine Learning,AI – Advanced Training Techniques,8.3,10,83.0,11.2,2026-06-06 07:24:00.124086+00:00,High,2026-06-06 12:54:09 IST
DB_1133_3,4DM24CS009,Sandeep Iyer,WD,Web Development,Web Dev Basics Quiz,7.5,10,75.0,16.7,2026-06-06 07:24:00.124086+00:00,High,2026-06-06 12:54:08 IST
DB_1133_1,4DM24CS009,Sandeep Iyer,DS,Data Structures,Data Structures Quiz 1,8.0,10,80.0,12.0,2026-06-06 07:24:00.124086+00:00,High,2026-06-06 12:54:09 IST
DB_1133_34,4DM24CS009,Sandeep Iyer,WD,Web Development,WD – Backend & APIs,7.9,10,79.0,17.7,2026-06-06 07:24:00.124086+00:00,High,2026-06-06 12:54:09 IST
DB_1133_24,4DM24CS009,Sandeep Iyer,AI,Artificial Intelligence & Machine Learning,AI – ML Fundamentals,8.7,10,87.0,15.2,2026-06-06 07:24:00.124086+00:00,High,2026-06-06 12:54:09 IST
DB_1133_30,4DM24CS009,Sandeep Iyer,DS,Data Structures,DS – Graph Algorithms,8.4,10,84.0,16.7,2026-06-06 07:24:00.124086+00:00,High,2026-06-06 12:54:08 IST
DB_1133_12,4DM24CS009,Sandeep Iyer,PY,Python Programming,Python – Functions & Collections,7.8,10,78.0,15.0,2026-06-06 07:24:00.124086+00:00,High,2026-06-06 12:54:09 IST
DB_1133_37,4DM24CS009,Sandeep Iyer,CN,Computer Networks,CN – TCP/IP Deep Dive,8.6,10,86.0,20.2,2026-06-06 07:24:00.124086+00:00,High,2026-06-06 12:54:09 IST
DB_1133_18,4DM24CS009,Sandeep Iyer,CN,Computer Networks,CN – OSI & TCP/IP Models,7.3,10,73.0,12.1,2026-06-06 07:24:00.124086+00:00,Medium,2026-06-06 12:54:09 IST
DB_1133_16,4DM24CS009,Sandeep Iyer,WD,Web Development,WD – JavaScript,8.4,10,84.0,11.5,2026-06-06 07:24:00.124086+00:00,High,2026-06-06 12:54:09 IST
DB_1133_26,4DM24CS009,Sandeep Iyer,AI,Artificial Intelligence & Machine Learning,AI – Decision Trees & Clustering,8.1,10,81.0,16.3,2026-06-06 07:24:00.124086+00:00,High,2026-06-06 12:54:09 IST
DB_1133_21,4DM24CS009,Sandeep Iyer,DSC,Data Science,DSC – NumPy & Pandas,7.8,10,78.0,15.8,2026-06-06 07:24:00.124086+00:00,High,2026-06-06 12:54:09 IST
DB_1133_6,4DM24CS009,Sandeep Iyer,AI,Artificial Intelligence & Machine Learning,ML Basics Quiz,7.2,10,72.0,13.1,2026-06-06 07:24:00.124086+00:00,Medium,2026-06-06 12:54:08 IST
DB_1133_7,4DM24CS009,Sandeep Iyer,DS,Data Structures,DS – Arrays & Linked Lists,9.4,10,94.0,13.1,2026-06-06 07:24:00.124086+00:00,High,2026-06-06 12:54:09 IST
DB_1133_8,4DM24CS009,Sandeep Iyer,DS,Data Structures,DS – Stacks & Queues,9.0,10,90.0,10.8,2026-06-06 07:24:00.124086+00:00,High,2026-06-06 12:54:09 IST
DB_1133_46,4DM24CS009,Sandeep Iyer,WD,Web Development,Web Development Basics Quiz,3.8,5,76.0,13.3,2026-06-06 07:24:00.124086+00:00,High,2026-06-06 12:54:09 IST
DB_1133_39,4DM24CS009,Sandeep Iyer,CN,Computer Networks,CN – Network Security & VPN,8.1,10,81.0,14.2,2026-06-06 07:24:00.124086+00:00,High,2026-06-06 12:54:09 IST
DB_1133_4,4DM24CS009,Sandeep Iyer,CN,Computer Networks,Networking Concepts Quiz,8.9,10,89.0,10.9,2026-06-06 07:24:00.124086+00:00,High,2026-06-06 12:54:09 IST
DB_1133_31,4DM24CS009,Sandeep Iyer,PY,Python Programming,Python – Concurrency & Async,9.4,10,94.0,14.2,2026-06-06 07:24:00.124086+00:00,High,2026-06-06 12:54:09 IST
DB_1133_15,4DM24CS009,Sandeep Iyer,WD,Web Development,WD – HTML & CSS,8.6,10,86.0,13.6,2026-06-06 07:24:00.124086+00:00,High,2026-06-06 12:54:09 IST
DB_1133_32,4DM24CS009,Sandeep Iyer,PY,Python Programming,Python – Testing & Best Practices,6.9,10,69.0,12.0,2026-06-06 07:24:00.124086+00:00,Medium,2026-06-06 12:54:09 IST
DB_1133_14,4DM24CS009,Sandeep Iyer,PY,Python Programming,Python – Advanced Topics,8.7,10,87.0,13.2,2026-06-06 07:24:00.124086+00:00,High,2026-06-06 12:54:08 IST
DB_1133_19,4DM24CS009,Sandeep Iyer,CN,Computer Networks,CN – IP Addressing & Subnetting,8.8,10,88.0,16.6,2026-06-06 07:24:00.124086+00:00,High,2026-06-06 12:54:08 IST
DB_1133_25,4DM24CS009,Sandeep Iyer,AI,Artificial Intelligence & Machine Learning,AI – Regression & Classification,8.2,10,82.0,16.4,2026-06-06 07:24:00.124086+00:00,High,2026-06-06 12:54:09 IST
DB_1133_29,4DM24CS009,Sandeep Iyer,DS,Data Structures,DS – Dynamic Programming,7.3,10,73.0,13.5,2026-06-06 07:24:00.124086+00:00,Medium,2026-06-06 12:54:08 IST
DB_1133_2,4DM24CS009,Sandeep Iyer,PY,Python Programming,Python Fundamentals Quiz,8.0,10,80.0,7.9,2026-06-06 07:24:00.124086+00:00,High,2026-06-06 12:54:09 IST
DB_1133_38,4DM24CS009,Sandeep Iyer,CN,Computer Networks,CN – IPv6 & NAT,8.1,10,81.0,17.2,2026-06-06 07:24:00.124086+00:00,High,2026-06-06 12:54:09 IST
DB_1133_23,4DM24CS009,Sandeep Iyer,DSC,Data Science,DSC – EDA & Feature Engineering,8.3,10,83.0,16.7,2026-06-06 07:24:00.124086+00:00,High,2026-06-06 12:54:08 IST
DB_1133_43,4DM24CS009,Sandeep Iyer,AI,Artificial Intelligence & Machine Learning,AI – Deep Learning Architectures,9.2,10,92.0,15.5,2026-06-06 07:24:00.124086+00:00,High,2026-06-06 12:54:08 IST
DB_1133_35,4DM24CS009,Sandeep Iyer,WD,Web Development,WD – Authentication & Security,8.2,10,82.0,18.0,2026-06-06 07:24:00.124086+00:00,High,2026-06-06 12:54:09 IST
DB_1133_5,4DM24CS009,Sandeep Iyer,DSC,Data Science,Data Science Quiz,8.6,10,86.0,18.1,2026-06-06 07:24:00.124086+00:00,High,2026-06-06 12:54:08 IST
DB_1133_48,4DM24CS009,Sandeep Iyer,DSC,Data Science,Data Science Fundamentals Quiz,4.7,5,94.0,12.0,2026-06-06 07:24:00.124086+00:00,High,2026-06-06 12:54:09 IST
DB_1133_20,4DM24CS009,Sandeep Iyer,CN,Computer Networks,CN – Routing & Protocols,7.8,10,78.0,18.1,2026-06-06 07:24:00.124086+00:00,High,2026-06-06 12:54:09 IST
DB_1133_13,4DM24CS009,Sandeep Iyer,PY,Python Programming,Python – OOP Concepts,8.0,10,80.0,11.9,2026-06-06 07:24:00.124086+00:00,High,2026-06-06 12:54:09 IST
DB_1133_11,4DM24CS009,Sandeep Iyer,PY,Python Programming,Python – Basics & Control Flow,8.4,10,84.0,18.8,2026-06-06 07:24:00.124086+00:00,High,2026-06-06 12:54:09 IST
DB_1133_45,4DM24CS009,Sandeep Iyer,AI,Artificial Intelligence & Machine Learning,AI – Model Deployment & XAI,8.9,10,89.0,16.5,2026-06-06 07:24:00.124086+00:00,High,2026-06-06 12:54:09 IST
DB_1134_11,4DM24CS010,Pranav Hegde,PY,Python Programming,Python – Basics & Control Flow,8.3,10,83.0,14.9,2026-06-06 07:11:29.164096+00:00,High,2026-06-06 12:41:29 IST
DB_1134_39,4DM24CS010,Pranav Hegde,CN,Computer Networks,CN – Network Security & VPN,5.8,10,58.0,10.6,2026-06-06 07:24:00.124086+00:00,Medium,2026-06-06 12:54:09 IST
DB_1134_35,4DM24CS010,Pranav Hegde,WD,Web Development,WD – Authentication & Security,6.7,10,67.0,13.0,2026-06-06 07:24:00.124086+00:00,Medium,2026-06-06 12:54:09 IST
DB_1134_8,4DM24CS010,Pranav Hegde,DS,Data Structures,DS – Stacks & Queues,7.0,10,70.0,15.5,2026-06-06 07:24:00.124086+00:00,Medium,2026-06-06 12:54:09 IST
DB_1134_22,4DM24CS010,Pranav Hegde,DSC,Data Science,DSC – Statistics & Visualization,7.5,10,75.0,13.8,2026-06-06 07:24:00.124086+00:00,High,2026-06-06 12:54:10 IST
DB_1134_41,4DM24CS010,Pranav Hegde,DSC,Data Science,DSC – SQL & Data Querying,6.5,10,65.0,18.0,2026-06-06 07:11:29.225586+00:00,Medium,2026-06-06 12:41:29 IST
DB_1134_2,4DM24CS010,Pranav Hegde,PY,Python Programming,Python Fundamentals Quiz,8.2,10,82.0,12.3,2026-06-06 07:11:29.238758+00:00,High,2026-06-06 12:41:29 IST
DB_1134_42,4DM24CS010,Pranav Hegde,DSC,Data Science,DSC – Big Data & Dashboards,4.9,10,49.0,13.2,2026-06-06 07:24:00.124086+00:00,Low,2026-06-06 12:54:09 IST
DB_1134_16,4DM24CS010,Pranav Hegde,WD,Web Development,WD – JavaScript,7.2,10,72.0,10.0,2026-06-06 07:24:00.124086+00:00,Medium,2026-06-06 12:54:09 IST
DB_1134_24,4DM24CS010,Pranav Hegde,AI,Artificial Intelligence & Machine Learning,AI – ML Fundamentals,5.2,10,52.0,14.3,2026-06-06 07:24:00.124086+00:00,Medium,2026-06-06 12:54:09 IST
DB_1134_23,4DM24CS010,Pranav Hegde,DSC,Data Science,DSC – EDA & Feature Engineering,5.9,10,59.0,14.6,2026-06-06 07:11:29.292087+00:00,Medium,2026-06-06 12:41:29 IST
DB_1134_7,4DM24CS010,Pranav Hegde,DS,Data Structures,DS – Arrays & Linked Lists,6.3,10,63.0,16.8,2026-06-06 07:24:00.124086+00:00,Medium,2026-06-06 12:54:10 IST
DB_1134_10,4DM24CS010,Pranav Hegde,DS,Data Structures,DS – Sorting & Hashing,4.0,10,40.0,12.9,2026-06-06 07:24:00.124086+00:00,Low,2026-06-06 12:54:09 IST
DB_1134_30,4DM24CS010,Pranav Hegde,DS,Data Structures,DS – Graph Algorithms,7.2,10,72.0,21.3,2026-06-06 07:24:00.124086+00:00,Medium,2026-06-06 12:54:09 IST
DB_1134_40,4DM24CS010,Pranav Hegde,DSC,Data Science,DSC – Feature Engineering & Pipelines,7.2,10,72.0,12.5,2026-06-06 07:24:00.124086+00:00,Medium,2026-06-06 12:54:09 IST
DB_1134_46,4DM24CS010,Pranav Hegde,WD,Web Development,Web Development Basics Quiz,3.1,5,62.0,11.1,2026-06-06 07:24:00.124086+00:00,Medium,2026-06-06 12:54:09 IST
DB_1134_6,4DM24CS010,Pranav Hegde,AI,Artificial Intelligence & Machine Learning,ML Basics Quiz,6.4,10,64.0,18.3,2026-06-06 07:24:00.124086+00:00,Medium,2026-06-06 12:54:10 IST
DB_1134_45,4DM24CS010,Pranav Hegde,AI,Artificial Intelligence & Machine Learning,AI – Model Deployment & XAI,6.1,10,61.0,14.2,2026-06-06 07:24:00.124086+00:00,Medium,2026-06-06 12:54:10 IST
DB_1134_34,4DM24CS010,Pranav Hegde,WD,Web Development,WD – Backend & APIs,5.6,10,56.0,16.4,2026-06-06 07:24:00.124086+00:00,Medium,2026-06-06 12:54:09 IST
DB_1134_19,4DM24CS010,Pranav Hegde,CN,Computer Networks,CN – IP Addressing & Subnetting,5.8,10,58.0,22.5,2026-06-06 07:24:00.124086+00:00,Medium,2026-06-06 12:54:10 IST
DB_1134_18,4DM24CS010,Pranav Hegde,CN,Computer Networks,CN – OSI & TCP/IP Models,7.1,10,71.0,13.1,2026-06-06 07:24:00.124086+00:00,Medium,2026-06-06 12:54:09 IST
DB_1134_5,4DM24CS010,Pranav Hegde,DSC,Data Science,Data Science Quiz,5.6,10,56.0,13.6,2026-06-06 07:24:00.124086+00:00,Medium,2026-06-06 12:54:09 IST
DB_1134_9,4DM24CS010,Pranav Hegde,DS,Data Structures,DS – Trees & Graphs,5.9,10,59.0,12.7,2026-06-06 07:24:00.124086+00:00,Medium,2026-06-06 12:54:09 IST
DB_1134_44,4DM24CS010,Pranav Hegde,AI,Artificial Intelligence & Machine Learning,AI – Advanced Training Techniques,7.6,10,76.0,17.7,2026-06-06 07:24:00.124086+00:00,High,2026-06-06 12:54:09 IST
DB_1134_27,4DM24CS010,Pranav Hegde,AI,Artificial Intelligence & Machine Learning,AI – Model Evaluation & Neural Networks,5.5,10,55.0,12.5,2026-06-06 07:24:00.124086+00:00,Medium,2026-06-06 12:54:09 IST
DB_1134_25,4DM24CS010,Pranav Hegde,AI,Artificial Intelligence & Machine Learning,AI – Regression & Classification,8.3,10,83.0,13.3,2026-06-06 07:11:29.496643+00:00,High,2026-06-06 12:41:29 IST
DB_1134_3,4DM24CS010,Pranav Hegde,WD,Web Development,Web Dev Basics Quiz,5.7,10,57.0,15.8,2026-06-06 07:11:29.508626+00:00,Medium,2026-06-06 12:41:29 IST
DB_1134_28,4DM24CS010,Pranav Hegde,DS,Data Structures,DS – Heaps & Priority Queues,7.0,10,70.0,16.2,2026-06-06 07:24:00.124086+00:00,Medium,2026-06-06 12:54:09 IST
DB_1134_29,4DM24CS010,Pranav Hegde,DS,Data Structures,DS – Dynamic Programming,3.6,10,36.0,14.7,2026-06-06 07:24:00.124086+00:00,Low,2026-06-06 12:54:09 IST
DB_1134_12,4DM24CS010,Pranav Hegde,PY,Python Programming,Python – Functions & Collections,6.5,10,65.0,11.2,2026-06-06 07:24:00.124086+00:00,Medium,2026-06-06 12:54:09 IST
DB_1134_31,4DM24CS010,Pranav Hegde,PY,Python Programming,Python – Concurrency & Async,6.3,10,63.0,13.6,2026-06-06 07:11:29.562527+00:00,Medium,2026-06-06 12:41:29 IST
DB_1134_1,4DM24CS010,Pranav Hegde,DS,Data Structures,Data Structures Quiz 1,5.9,10,59.0,15.7,2026-06-06 07:24:00.124086+00:00,Medium,2026-06-06 12:54:10 IST
DB_1134_38,4DM24CS010,Pranav Hegde,CN,Computer Networks,CN – IPv6 & NAT,7.7,10,77.0,17.1,2026-06-06 07:24:00.124086+00:00,High,2026-06-06 12:54:09 IST
DB_1134_20,4DM24CS010,Pranav Hegde,CN,Computer Networks,CN – Routing & Protocols,6.6,10,66.0,17.6,2026-06-06 07:24:00.124086+00:00,Medium,2026-06-06 12:54:10 IST
DB_1134_26,4DM24CS010,Pranav Hegde,AI,Artificial Intelligence & Machine Learning,AI – Decision Trees & Clustering,7.4,10,74.0,13.8,2026-06-06 07:24:00.124086+00:00,Medium,2026-06-06 12:54:09 IST
DB_1134_47,4DM24CS010,Pranav Hegde,CN,Computer Networks,Computer Networks Quiz,3.0,5,60.0,11.2,2026-06-06 07:24:00.124086+00:00,Medium,2026-06-06 12:54:09 IST
DB_1134_15,4DM24CS010,Pranav Hegde,WD,Web Development,WD – HTML & CSS,4.5,10,45.0,13.0,2026-06-06 07:24:00.124086+00:00,Low,2026-06-06 12:54:09 IST
DB_1134_48,4DM24CS010,Pranav Hegde,DSC,Data Science,Data Science Fundamentals Quiz,3.6,5,72.0,18.7,2026-06-06 07:24:00.124086+00:00,Medium,2026-06-06 12:54:10 IST
DB_1134_36,4DM24CS010,Pranav Hegde,WD,Web Development,WD – React & Modern Frontend,7.2,10,72.0,12.9,2026-06-06 07:24:00.124086+00:00,Medium,2026-06-06 12:54:09 IST
DB_1134_33,4DM24CS010,Pranav Hegde,PY,Python Programming,Python – Type Hints & Data Classes,7.1,10,71.0,11.3,2026-06-06 07:24:00.124086+00:00,Medium,2026-06-06 12:54:09 IST
DB_1134_13,4DM24CS010,Pranav Hegde,PY,Python Programming,Python – OOP Concepts,5.9,10,59.0,12.1,2026-06-06 07:24:00.124086+00:00,Medium,2026-06-06 12:54:09 IST
DB_1135_17,4DM24CS011,Varun Kulkarni,WD,Web Development,WD – Bootstrap & Responsive Design,7.9,10,79.0,11.4,2026-06-06 07:24:00.124086+00:00,High,2026-06-06 12:54:10 IST
DB_1135_29,4DM24CS011,Varun Kulkarni,DS,Data Structures,DS – Dynamic Programming,8.7,10,87.0,17.7,2026-06-06 07:24:00.124086+00:00,High,2026-06-06 12:54:10 IST
DB_1135_7,4DM24CS011,Varun Kulkarni,DS,Data Structures,DS – Arrays & Linked Lists,8.3,10,83.0,15.5,2026-06-06 07:24:00.124086+00:00,High,2026-06-06 12:54:10 IST
DB_1135_26,4DM24CS011,Varun Kulkarni,AI,Artificial Intelligence & Machine Learning,AI – Decision Trees & Clustering,9.9,10,99.0,10.4,2026-06-06 07:24:00.124086+00:00,High,2026-06-06 12:54:10 IST
DB_1135_2,4DM24CS011,Varun Kulkarni,PY,Python Programming,Python Fundamentals Quiz,9.5,10,95.0,12.9,2026-06-06 07:24:00.124086+00:00,High,2026-06-06 12:54:10 IST
DB_1135_36,4DM24CS011,Varun Kulkarni,WD,Web Development,WD – React & Modern Frontend,6.9,10,69.0,12.9,2026-06-06 07:24:00.124086+00:00,Medium,2026-06-06 12:54:10 IST
DB_1135_23,4DM24CS011,Varun Kulkarni,DSC,Data Science,DSC – EDA & Feature Engineering,9.2,10,92.0,20.2,2026-06-06 07:24:00.124086+00:00,High,2026-06-06 12:54:10 IST
DB_1135_37,4DM24CS011,Varun Kulkarni,CN,Computer Networks,CN – TCP/IP Deep Dive,8.5,10,85.0,14.0,2026-06-06 07:24:00.124086+00:00,High,2026-06-06 12:54:10 IST
DB_1135_35,4DM24CS011,Varun Kulkarni,WD,Web Development,WD – Authentication & Security,8.7,10,87.0,14.7,2026-06-06 07:24:00.124086+00:00,High,2026-06-06 12:54:10 IST
DB_1135_20,4DM24CS011,Varun Kulkarni,CN,Computer Networks,CN – Routing & Protocols,8.9,10,89.0,15.9,2026-06-06 07:24:00.124086+00:00,High,2026-06-06 12:54:10 IST
DB_1135_48,4DM24CS011,Varun Kulkarni,DSC,Data Science,Data Science Fundamentals Quiz,4.8,5,96.0,17.1,2026-06-06 07:24:00.124086+00:00,High,2026-06-06 12:54:10 IST
DB_1135_19,4DM24CS011,Varun Kulkarni,CN,Computer Networks,CN – IP Addressing & Subnetting,7.5,10,75.0,15.4,2026-06-06 07:24:00.124086+00:00,High,2026-06-06 12:54:10 IST
DB_1135_46,4DM24CS011,Varun Kulkarni,WD,Web Development,Web Development Basics Quiz,3.4,5,68.0,16.8,2026-06-06 07:24:00.124086+00:00,Medium,2026-06-06 12:54:10 IST
DB_1135_13,4DM24CS011,Varun Kulkarni,PY,Python Programming,Python – OOP Concepts,8.3,10,83.0,12.4,2026-06-06 07:24:00.124086+00:00,High,2026-06-06 12:54:10 IST
DB_1135_42,4DM24CS011,Varun Kulkarni,DSC,Data Science,DSC – Big Data & Dashboards,7.1,10,71.0,10.7,2026-06-06 07:24:00.124086+00:00,Medium,2026-06-06 12:54:10 IST
DB_1135_16,4DM24CS011,Varun Kulkarni,WD,Web Development,WD – JavaScript,8.3,10,83.0,18.9,2026-06-06 07:24:00.124086+00:00,High,2026-06-06 12:54:10 IST
DB_1135_24,4DM24CS011,Varun Kulkarni,AI,Artificial Intelligence & Machine Learning,AI – ML Fundamentals,7.9,10,79.0,17.9,2026-06-06 07:24:00.124086+00:00,High,2026-06-06 12:54:10 IST
DB_1135_32,4DM24CS011,Varun Kulkarni,PY,Python Programming,Python – Testing & Best Practices,7.5,10,75.0,14.3,2026-06-06 07:24:00.124086+00:00,High,2026-06-06 12:54:10 IST
DB_1135_39,4DM24CS011,Varun Kulkarni,CN,Computer Networks,CN – Network Security & VPN,8.8,10,88.0,18.3,2026-06-06 07:24:00.124086+00:00,High,2026-06-06 12:54:10 IST
DB_1135_38,4DM24CS011,Varun Kulkarni,CN,Computer Networks,CN – IPv6 & NAT,8.5,10,85.0,15.2,2026-06-06 07:24:00.124086+00:00,High,2026-06-06 12:54:10 IST
DB_1135_30,4DM24CS011,Varun Kulkarni,DS,Data Structures,DS – Graph Algorithms,8.6,10,86.0,23.6,2026-06-06 07:24:00.124086+00:00,High,2026-06-06 12:54:10 IST
DB_1135_31,4DM24CS011,Varun Kulkarni,PY,Python Programming,Python – Concurrency & Async,7.0,10,70.0,17.1,2026-06-06 07:24:00.124086+00:00,Medium,2026-06-06 12:54:10 IST
DB_1135_22,4DM24CS011,Varun Kulkarni,DSC,Data Science,DSC – Statistics & Visualization,8.8,10,88.0,14.0,2026-06-06 07:24:00.124086+00:00,High,2026-06-06 12:54:10 IST
DB_1135_15,4DM24CS011,Varun Kulkarni,WD,Web Development,WD – HTML & CSS,7.9,10,79.0,10.4,2026-06-06 07:24:00.124086+00:00,High,2026-06-06 12:54:10 IST
DB_1135_9,4DM24CS011,Varun Kulkarni,DS,Data Structures,DS – Trees & Graphs,8.7,10,87.0,10.7,2026-06-06 07:24:00.124086+00:00,High,2026-06-06 12:54:10 IST
DB_1135_33,4DM24CS011,Varun Kulkarni,PY,Python Programming,Python – Type Hints & Data Classes,7.3,10,73.0,13.4,2026-06-06 07:24:00.124086+00:00,Medium,2026-06-06 12:54:10 IST
DB_1135_1,4DM24CS011,Varun Kulkarni,DS,Data Structures,Data Structures Quiz 1,8.7,10,87.0,17.8,2026-06-06 07:24:00.124086+00:00,High,2026-06-06 12:54:10 IST
DB_1135_4,4DM24CS011,Varun Kulkarni,CN,Computer Networks,Networking Concepts Quiz,7.2,10,72.0,17.6,2026-06-06 07:24:00.124086+00:00,Medium,2026-06-06 12:54:10 IST
DB_1135_47,4DM24CS011,Varun Kulkarni,CN,Computer Networks,Computer Networks Quiz,4.5,5,90.0,11.9,2026-06-06 07:24:00.124086+00:00,High,2026-06-06 12:54:10 IST
DB_1135_8,4DM24CS011,Varun Kulkarni,DS,Data Structures,DS – Stacks & Queues,8.2,10,82.0,15.3,2026-06-06 07:24:00.124086+00:00,High,2026-06-06 12:54:10 IST
DB_1135_41,4DM24CS011,Varun Kulkarni,DSC,Data Science,DSC – SQL & Data Querying,8.2,10,82.0,11.1,2026-06-06 07:24:00.124086+00:00,High,2026-06-06 12:54:10 IST
DB_1135_27,4DM24CS011,Varun Kulkarni,AI,Artificial Intelligence & Machine Learning,AI – Model Evaluation & Neural Networks,9.8,10,98.0,19.7,2026-06-06 07:24:00.124086+00:00,High,2026-06-06 12:54:10 IST
DB_1135_25,4DM24CS011,Varun Kulkarni,AI,Artificial Intelligence & Machine Learning,AI – Regression & Classification,8.4,10,84.0,17.6,2026-06-06 07:24:00.124086+00:00,High,2026-06-06 12:54:10 IST
DB_1135_34,4DM24CS011,Varun Kulkarni,WD,Web Development,WD – Backend & APIs,7.1,10,71.0,10.6,2026-06-06 07:24:00.124086+00:00,Medium,2026-06-06 12:54:10 IST
DB_1135_18,4DM24CS011,Varun Kulkarni,CN,Computer Networks,CN – OSI & TCP/IP Models,9.1,10,91.0,15.6,2026-06-06 07:24:00.124086+00:00,High,2026-06-06 12:54:10 IST
DB_1135_44,4DM24CS011,Varun Kulkarni,AI,Artificial Intelligence & Machine Learning,AI – Advanced Training Techniques,9.1,10,91.0,13.2,2026-06-06 07:24:00.124086+00:00,High,2026-06-06 12:54:10 IST
DB_1135_40,4DM24CS011,Varun Kulkarni,DSC,Data Science,DSC – Feature Engineering & Pipelines,7.2,10,72.0,22.8,2026-06-06 07:24:00.124086+00:00,Medium,2026-06-06 12:54:10 IST
DB_1135_14,4DM24CS011,Varun Kulkarni,PY,Python Programming,Python – Advanced Topics,8.6,10,86.0,16.4,2026-06-06 07:24:00.124086+00:00,High,2026-06-06 12:54:10 IST
DB_1135_5,4DM24CS011,Varun Kulkarni,DSC,Data Science,Data Science Quiz,8.4,10,84.0,17.8,2026-06-06 07:24:00.124086+00:00,High,2026-06-06 12:54:10 IST
DB_1135_21,4DM24CS011,Varun Kulkarni,DSC,Data Science,DSC – NumPy & Pandas,8.2,10,82.0,12.5,2026-06-06 07:24:00.124086+00:00,High,2026-06-06 12:54:10 IST
DB_1135_6,4DM24CS011,Varun Kulkarni,AI,Artificial Intelligence & Machine Learning,ML Basics Quiz,7.9,10,79.0,18.7,2026-06-06 07:24:00.124086+00:00,High,2026-06-06 12:54:10 IST
DB_1135_28,4DM24CS011,Varun Kulkarni,DS,Data Structures,DS – Heaps & Priority Queues,7.2,10,72.0,14.0,2026-06-06 07:24:00.124086+00:00,Medium,2026-06-06 12:54:10 IST
DB_1135_10,4DM24CS011,Varun Kulkarni,DS,Data Structures,DS – Sorting & Hashing,8.5,10,85.0,21.9,2026-06-06 07:24:00.124086+00:00,High,2026-06-06 12:54:10 IST
DB_1135_3,4DM24CS011,Varun Kulkarni,WD,Web Development,Web Dev Basics Quiz,8.8,10,88.0,18.0,2026-06-06 07:24:00.124086+00:00,High,2026-06-06 12:54:10 IST
DB_1135_11,4DM24CS011,Varun Kulkarni,PY,Python Programming,Python – Basics & Control Flow,9.2,10,92.0,12.8,2026-06-06 07:24:00.124086+00:00,High,2026-06-06 12:54:10 IST
DB_1135_43,4DM24CS011,Varun Kulkarni,AI,Artificial Intelligence & Machine Learning,AI – Deep Learning Architectures,7.5,10,75.0,16.6,2026-06-06 07:24:00.124086+00:00,High,2026-06-06 12:54:10 IST
DB_1135_45,4DM24CS011,Varun Kulkarni,AI,Artificial Intelligence & Machine Learning,AI – Model Deployment & XAI,7.8,10,78.0,10.3,2026-06-06 07:24:00.124086+00:00,High,2026-06-06 12:54:10 IST
DB_1135_12,4DM24CS011,Varun Kulkarni,PY,Python Programming,Python – Functions & Collections,7.5,10,75.0,15.3,2026-06-06 07:24:00.124086+00:00,High,2026-06-06 12:54:10 IST
DB_1136_5,4DM24CS012,Siddharth Rao,DSC,Data Science,Data Science Quiz,9.1,10,91.0,12.8,2026-06-06 07:24:00.124086+00:00,High,2026-06-06 12:54:11 IST
DB_1136_17,4DM24CS012,Siddharth Rao,WD,Web Development,WD – Bootstrap & Responsive Design,8.7,10,87.0,15.3,2026-06-06 07:24:00.124086+00:00,High,2026-06-06 12:54:10 IST
DB_1136_34,4DM24CS012,Siddharth Rao,WD,Web Development,WD – Backend & APIs,8.0,10,80.0,18.7,2026-06-06 07:24:00.124086+00:00,High,2026-06-06 12:54:11 IST
DB_1136_24,4DM24CS012,Siddharth Rao,AI,Artificial Intelligence & Machine Learning,AI – ML Fundamentals,7.0,10,70.0,14.1,2026-06-06 07:24:00.124086+00:00,Medium,2026-06-06 12:54:11 IST
DB_1136_39,4DM24CS012,Siddharth Rao,CN,Computer Networks,CN – Network Security & VPN,7.9,10,79.0,11.2,2026-06-06 07:24:00.124086+00:00,High,2026-06-06 12:54:11 IST
DB_1136_12,4DM24CS012,Siddharth Rao,PY,Python Programming,Python – Functions & Collections,8.1,10,81.0,19.0,2026-06-06 07:24:00.124086+00:00,High,2026-06-06 12:54:11 IST
DB_1136_44,4DM24CS012,Siddharth Rao,AI,Artificial Intelligence & Machine Learning,AI – Advanced Training Techniques,7.8,10,78.0,14.0,2026-06-06 07:24:00.124086+00:00,High,2026-06-06 12:54:11 IST
DB_1136_19,4DM24CS012,Siddharth Rao,CN,Computer Networks,CN – IP Addressing & Subnetting,8.8,10,88.0,22.6,2026-06-06 07:24:00.124086+00:00,High,2026-06-06 12:54:11 IST
DB_1136_26,4DM24CS012,Siddharth Rao,AI,Artificial Intelligence & Machine Learning,AI – Decision Trees & Clustering,8.6,10,86.0,16.7,2026-06-06 07:24:00.124086+00:00,High,2026-06-06 12:54:11 IST
DB_1136_25,4DM24CS012,Siddharth Rao,AI,Artificial Intelligence & Machine Learning,AI – Regression & Classification,7.9,10,79.0,13.0,2026-06-06 07:24:00.124086+00:00,High,2026-06-06 12:54:11 IST
DB_1136_41,4DM24CS012,Siddharth Rao,DSC,Data Science,DSC – SQL & Data Querying,9.3,10,93.0,18.5,2026-06-06 07:24:00.124086+00:00,High,2026-06-06 12:54:11 IST
DB_1136_8,4DM24CS012,Siddharth Rao,DS,Data Structures,DS – Stacks & Queues,9.0,10,90.0,12.5,2026-06-06 07:24:00.124086+00:00,High,2026-06-06 12:54:11 IST
DB_1136_45,4DM24CS012,Siddharth Rao,AI,Artificial Intelligence & Machine Learning,AI – Model Deployment & XAI,7.9,10,79.0,14.5,2026-06-06 07:24:00.124086+00:00,High,2026-06-06 12:54:11 IST
DB_1136_22,4DM24CS012,Siddharth Rao,DSC,Data Science,DSC – Statistics & Visualization,7.9,10,79.0,10.5,2026-06-06 07:24:00.124086+00:00,High,2026-06-06 12:54:11 IST
DB_1136_20,4DM24CS012,Siddharth Rao,CN,Computer Networks,CN – Routing & Protocols,8.5,10,85.0,18.4,2026-06-06 07:24:00.124086+00:00,High,2026-06-06 12:54:11 IST
DB_1136_31,4DM24CS012,Siddharth Rao,PY,Python Programming,Python – Concurrency & Async,8.8,10,88.0,10.8,2026-06-06 07:24:00.124086+00:00,High,2026-06-06 12:54:11 IST
DB_1136_27,4DM24CS012,Siddharth Rao,AI,Artificial Intelligence & Machine Learning,AI – Model Evaluation & Neural Networks,7.1,10,71.0,19.6,2026-06-06 07:24:00.124086+00:00,Medium,2026-06-06 12:54:11 IST
DB_1136_7,4DM24CS012,Siddharth Rao,DS,Data Structures,DS – Arrays & Linked Lists,8.8,10,88.0,17.9,2026-06-06 07:24:00.124086+00:00,High,2026-06-06 12:54:11 IST
DB_1136_1,4DM24CS012,Siddharth Rao,DS,Data Structures,Data Structures Quiz 1,7.6,10,76.0,14.9,2026-06-06 07:24:00.124086+00:00,High,2026-06-06 12:54:11 IST
DB_1136_42,4DM24CS012,Siddharth Rao,DSC,Data Science,DSC – Big Data & Dashboards,8.2,10,82.0,12.1,2026-06-06 07:24:00.124086+00:00,High,2026-06-06 12:54:11 IST
DB_1136_32,4DM24CS012,Siddharth Rao,PY,Python Programming,Python – Testing & Best Practices,7.8,10,78.0,11.9,2026-06-06 07:24:00.124086+00:00,High,2026-06-06 12:54:11 IST
DB_1136_48,4DM24CS012,Siddharth Rao,DSC,Data Science,Data Science Fundamentals Quiz,4.5,5,90.0,13.2,2026-06-06 07:24:00.124086+00:00,High,2026-06-06 12:54:11 IST
DB_1136_37,4DM24CS012,Siddharth Rao,CN,Computer Networks,CN – TCP/IP Deep Dive,9.2,10,92.0,15.7,2026-06-06 07:24:00.124086+00:00,High,2026-06-06 12:54:11 IST
DB_1136_13,4DM24CS012,Siddharth Rao,PY,Python Programming,Python – OOP Concepts,8.8,10,88.0,10.3,2026-06-06 07:24:00.124086+00:00,High,2026-06-06 12:54:11 IST
DB_1136_29,4DM24CS012,Siddharth Rao,DS,Data Structures,DS – Dynamic Programming,7.8,10,78.0,13.4,2026-06-06 07:24:00.124086+00:00,High,2026-06-06 12:54:11 IST
DB_1136_38,4DM24CS012,Siddharth Rao,CN,Computer Networks,CN – IPv6 & NAT,8.7,10,87.0,15.0,2026-06-06 07:24:00.124086+00:00,High,2026-06-06 12:54:11 IST
DB_1136_4,4DM24CS012,Siddharth Rao,CN,Computer Networks,Networking Concepts Quiz,8.2,10,82.0,14.7,2026-06-06 07:24:00.124086+00:00,High,2026-06-06 12:54:11 IST
DB_1136_9,4DM24CS012,Siddharth Rao,DS,Data Structures,DS – Trees & Graphs,9.4,10,94.0,15.1,2026-06-06 07:24:00.124086+00:00,High,2026-06-06 12:54:11 IST
DB_1136_43,4DM24CS012,Siddharth Rao,AI,Artificial Intelligence & Machine Learning,AI – Deep Learning Architectures,8.1,10,81.0,20.1,2026-06-06 07:24:00.124086+00:00,High,2026-06-06 12:54:11 IST
DB_1136_3,4DM24CS012,Siddharth Rao,WD,Web Development,Web Dev Basics Quiz,7.0,10,70.0,17.9,2026-06-06 07:24:00.124086+00:00,Medium,2026-06-06 12:54:10 IST
DB_1136_2,4DM24CS012,Siddharth Rao,PY,Python Programming,Python Fundamentals Quiz,7.4,10,74.0,9.7,2026-06-06 07:24:00.124086+00:00,Medium,2026-06-06 12:54:11 IST
DB_1136_21,4DM24CS012,Siddharth Rao,DSC,Data Science,DSC – NumPy & Pandas,7.8,10,78.0,11.7,2026-06-06 07:24:00.124086+00:00,High,2026-06-06 12:54:11 IST
DB_1136_47,4DM24CS012,Siddharth Rao,CN,Computer Networks,Computer Networks Quiz,4.5,5,90.0,17.2,2026-06-06 07:24:00.124086+00:00,High,2026-06-06 12:54:10 IST
DB_1136_18,4DM24CS012,Siddharth Rao,CN,Computer Networks,CN – OSI & TCP/IP Models,8.4,10,84.0,14.1,2026-06-06 07:24:00.124086+00:00,High,2026-06-06 12:54:11 IST
DB_1136_23,4DM24CS012,Siddharth Rao,DSC,Data Science,DSC – EDA & Feature Engineering,9.4,10,94.0,17.4,2026-06-06 07:24:00.124086+00:00,High,2026-06-06 12:54:11 IST
DB_1136_11,4DM24CS012,Siddharth Rao,PY,Python Programming,Python – Basics & Control Flow,8.1,10,81.0,14.5,2026-06-06 07:24:00.124086+00:00,High,2026-06-06 12:54:11 IST
DB_1136_10,4DM24CS012,Siddharth Rao,DS,Data Structures,DS – Sorting & Hashing,8.8,10,88.0,14.6,2026-06-06 07:24:00.124086+00:00,High,2026-06-06 12:54:10 IST
DB_1136_46,4DM24CS012,Siddharth Rao,WD,Web Development,Web Development Basics Quiz,3.8,5,76.0,12.1,2026-06-06 07:24:00.124086+00:00,High,2026-06-06 12:54:10 IST
DB_1136_6,4DM24CS012,Siddharth Rao,AI,Artificial Intelligence & Machine Learning,ML Basics Quiz,7.5,10,75.0,11.8,2026-06-06 07:24:00.124086+00:00,High,2026-06-06 12:54:11 IST
DB_1136_28,4DM24CS012,Siddharth Rao,DS,Data Structures,DS – Heaps & Priority Queues,9.3,10,93.0,15.5,2026-06-06 07:24:00.124086+00:00,High,2026-06-06 12:54:11 IST
DB_1136_30,4DM24CS012,Siddharth Rao,DS,Data Structures,DS – Graph Algorithms,8.9,10,89.0,13.3,2026-06-06 07:24:00.124086+00:00,High,2026-06-06 12:54:11 IST
DB_1136_16,4DM24CS012,Siddharth Rao,WD,Web Development,WD – JavaScript,9.3,10,93.0,18.1,2026-06-06 07:24:00.124086+00:00,High,2026-06-06 12:54:11 IST
DB_1136_35,4DM24CS012,Siddharth Rao,WD,Web Development,WD – Authentication & Security,9.1,10,91.0,13.4,2026-06-06 07:24:00.124086+00:00,High,2026-06-06 12:54:11 IST
DB_1136_15,4DM24CS012,Siddharth Rao,WD,Web Development,WD – HTML & CSS,9.9,10,99.0,18.4,2026-06-06 07:24:00.124086+00:00,High,2026-06-06 12:54:11 IST
DB_1136_14,4DM24CS012,Siddharth Rao,PY,Python Programming,Python – Advanced Topics,8.2,10,82.0,23.2,2026-06-06 07:24:00.124086+00:00,High,2026-06-06 12:54:11 IST
DB_1136_36,4DM24CS012,Siddharth Rao,WD,Web Development,WD – React & Modern Frontend,7.6,10,76.0,10.1,2026-06-06 07:24:00.124086+00:00,High,2026-06-06 12:54:11 IST
DB_1136_33,4DM24CS012,Siddharth Rao,PY,Python Programming,Python – Type Hints & Data Classes,8.8,10,88.0,15.2,2026-06-06 07:24:00.124086+00:00,High,2026-06-06 12:54:11 IST
DB_1136_40,4DM24CS012,Siddharth Rao,DSC,Data Science,DSC – Feature Engineering & Pipelines,8.5,10,85.0,13.7,2026-06-06 07:24:00.124086+00:00,High,2026-06-06 12:54:11 IST
DB_1137_36,4DM24CS013,Akash Pillai,WD,Web Development,WD – React & Modern Frontend,2.4,10,24.0,18.5,2026-06-06 07:13:25.351013+00:00,At-Risk,2026-06-06 12:43:25 IST
DB_1137_34,4DM24CS013,Akash Pillai,WD,Web Development,WD – Backend & APIs,3.3,10,33.0,17.4,2026-06-06 07:24:00.124086+00:00,At-Risk,2026-06-06 12:54:11 IST
DB_1137_20,4DM24CS013,Akash Pillai,CN,Computer Networks,CN – Routing & Protocols,1.9,10,19.0,10.9,2026-06-06 07:24:00.124086+00:00,At-Risk,2026-06-06 12:54:12 IST
DB_1137_2,4DM24CS013,Akash Pillai,PY,Python Programming,Python Fundamentals Quiz,3.2,10,32.0,13.9,2026-06-06 07:13:25.440661+00:00,At-Risk,2026-06-06 12:43:25 IST
DB_1137_11,4DM24CS013,Akash Pillai,PY,Python Programming,Python – Basics & Control Flow,0.9,10,9.0,11.3,2026-06-06 07:13:25.471697+00:00,At-Risk,2026-06-06 12:43:25 IST
DB_1137_9,4DM24CS013,Akash Pillai,DS,Data Structures,DS – Trees & Graphs,1.4,10,14.0,16.5,2026-06-06 07:24:00.124086+00:00,At-Risk,2026-06-06 12:54:11 IST
DB_1137_1,4DM24CS013,Akash Pillai,DS,Data Structures,Data Structures Quiz 1,1.0,10,10.0,11.9,2026-06-06 07:24:00.124086+00:00,At-Risk,2026-06-06 12:54:11 IST
DB_1137_38,4DM24CS013,Akash Pillai,CN,Computer Networks,CN – IPv6 & NAT,2.0,10,20.0,15.6,2026-06-06 07:13:25.561147+00:00,At-Risk,2026-06-06 12:43:25 IST
DB_1137_29,4DM24CS013,Akash Pillai,DS,Data Structures,DS – Dynamic Programming,3.5,10,35.0,20.0,2026-06-06 07:24:00.124086+00:00,Low,2026-06-06 12:54:11 IST
DB_1137_23,4DM24CS013,Akash Pillai,DSC,Data Science,DSC – EDA & Feature Engineering,1.7,10,17.0,15.0,2026-06-06 07:24:00.124086+00:00,At-Risk,2026-06-06 12:54:12 IST
DB_1137_42,4DM24CS013,Akash Pillai,DSC,Data Science,DSC – Big Data & Dashboards,4.4,10,44.0,18.3,2026-06-06 07:13:25.663038+00:00,Low,2026-06-06 12:43:25 IST
DB_1137_30,4DM24CS013,Akash Pillai,DS,Data Structures,DS – Graph Algorithms,3.4,10,34.0,16.5,2026-06-06 07:24:00.124086+00:00,At-Risk,2026-06-06 12:54:11 IST
DB_1137_28,4DM24CS013,Akash Pillai,DS,Data Structures,DS – Heaps & Priority Queues,3.0,10,30.0,12.8,2026-06-06 07:24:00.124086+00:00,At-Risk,2026-06-06 12:54:11 IST
DB_1137_45,4DM24CS013,Akash Pillai,AI,Artificial Intelligence & Machine Learning,AI – Model Deployment & XAI,4.4,10,44.0,16.8,2026-06-06 07:24:00.124086+00:00,Low,2026-06-06 12:54:11 IST
DB_1137_5,4DM24CS013,Akash Pillai,DSC,Data Science,Data Science Quiz,2.9,10,29.0,14.4,2026-06-06 07:24:00.124086+00:00,At-Risk,2026-06-06 12:54:11 IST
DB_1137_40,4DM24CS013,Akash Pillai,DSC,Data Science,DSC – Feature Engineering & Pipelines,2.6,10,26.0,23.2,2026-06-06 07:13:25.822133+00:00,At-Risk,2026-06-06 12:43:25 IST
DB_1137_44,4DM24CS013,Akash Pillai,AI,Artificial Intelligence & Machine Learning,AI – Advanced Training Techniques,3.1,10,31.0,18.4,2026-06-06 07:24:00.124086+00:00,At-Risk,2026-06-06 12:54:11 IST
DB_1137_26,4DM24CS013,Akash Pillai,AI,Artificial Intelligence & Machine Learning,AI – Decision Trees & Clustering,0.9,10,9.0,15.9,2026-06-06 07:24:00.124086+00:00,At-Risk,2026-06-06 12:54:11 IST
DB_1137_31,4DM24CS013,Akash Pillai,PY,Python Programming,Python – Concurrency & Async,0.4,10,4.0,16.5,2026-06-06 07:24:00.124086+00:00,At-Risk,2026-06-06 12:54:12 IST
DB_1137_14,4DM24CS013,Akash Pillai,PY,Python Programming,Python – Advanced Topics,2.2,10,22.0,20.9,2026-06-06 07:13:25.954394+00:00,At-Risk,2026-06-06 12:43:25 IST
DB_1137_16,4DM24CS013,Akash Pillai,WD,Web Development,WD – JavaScript,3.5,10,35.0,13.4,2026-06-06 07:13:26.002971+00:00,Low,2026-06-06 12:43:26 IST
DB_1137_39,4DM24CS013,Akash Pillai,CN,Computer Networks,CN – Network Security & VPN,2.4,10,24.0,18.2,2026-06-06 07:13:26.030951+00:00,At-Risk,2026-06-06 12:43:26 IST
DB_1137_41,4DM24CS013,Akash Pillai,DSC,Data Science,DSC – SQL & Data Querying,1.9,10,19.0,11.3,2026-06-06 07:13:26.055031+00:00,At-Risk,2026-06-06 12:43:26 IST
DB_1137_13,4DM24CS013,Akash Pillai,PY,Python Programming,Python – OOP Concepts,2.7,10,27.0,16.6,2026-06-06 07:24:00.124086+00:00,At-Risk,2026-06-06 12:54:11 IST
DB_1138_31,4DM24CS014,Harsha Gowda,PY,Python Programming,Python – Concurrency & Async,6.1,10,61.0,15.2,2026-06-06 07:24:00.124086+00:00,Medium,2026-06-06 12:54:12 IST
DB_1138_15,4DM24CS014,Harsha Gowda,WD,Web Development,WD – HTML & CSS,5.6,10,56.0,13.4,2026-06-06 07:24:00.124086+00:00,Medium,2026-06-06 12:54:12 IST
DB_1138_27,4DM24CS014,Harsha Gowda,AI,Artificial Intelligence & Machine Learning,AI – Model Evaluation & Neural Networks,6.0,10,60.0,18.1,2026-06-06 07:13:46.749622+00:00,Medium,2026-06-06 12:43:46 IST
DB_1138_17,4DM24CS014,Harsha Gowda,WD,Web Development,WD – Bootstrap & Responsive Design,5.5,10,55.0,12.3,2026-06-06 07:24:00.124086+00:00,Medium,2026-06-06 12:54:12 IST
DB_1138_34,4DM24CS014,Harsha Gowda,WD,Web Development,WD – Backend & APIs,5.9,10,59.0,12.7,2026-06-06 07:24:00.124086+00:00,Medium,2026-06-06 12:54:12 IST
DB_1138_38,4DM24CS014,Harsha Gowda,CN,Computer Networks,CN – IPv6 & NAT,6.3,10,63.0,16.4,2026-06-06 07:24:00.124086+00:00,Medium,2026-06-06 12:54:12 IST
DB_1138_32,4DM24CS014,Harsha Gowda,PY,Python Programming,Python – Testing & Best Practices,6.4,10,64.0,16.5,2026-06-06 07:24:00.124086+00:00,Medium,2026-06-06 12:54:12 IST
DB_1138_6,4DM24CS014,Harsha Gowda,AI,Artificial Intelligence & Machine Learning,ML Basics Quiz,7.5,10,75.0,12.4,2026-06-06 07:13:46.896469+00:00,High,2026-06-06 12:43:46 IST
DB_1138_1,4DM24CS014,Harsha Gowda,DS,Data Structures,Data Structures Quiz 1,7.6,10,76.0,13.6,2026-06-06 07:24:00.124086+00:00,High,2026-06-06 12:54:12 IST
DB_1138_42,4DM24CS014,Harsha Gowda,DSC,Data Science,DSC – Big Data & Dashboards,6.8,10,68.0,18.8,2026-06-06 07:24:00.124086+00:00,Medium,2026-06-06 12:54:12 IST
DB_1138_29,4DM24CS014,Harsha Gowda,DS,Data Structures,DS – Dynamic Programming,8.1,10,81.0,22.7,2026-06-06 07:24:00.124086+00:00,High,2026-06-06 12:54:12 IST
DB_1138_3,4DM24CS014,Harsha Gowda,WD,Web Development,Web Dev Basics Quiz,8.2,10,82.0,12.3,2026-06-06 07:24:00.124086+00:00,High,2026-06-06 12:54:12 IST
DB_1138_26,4DM24CS014,Harsha Gowda,AI,Artificial Intelligence & Machine Learning,AI – Decision Trees & Clustering,9.7,10,97.0,15.9,2026-06-06 07:24:00.124086+00:00,High,2026-06-06 12:54:12 IST
DB_1138_9,4DM24CS014,Harsha Gowda,DS,Data Structures,DS – Trees & Graphs,6.8,10,68.0,18.6,2026-06-06 07:24:00.124086+00:00,Medium,2026-06-06 12:54:12 IST
DB_1138_11,4DM24CS014,Harsha Gowda,PY,Python Programming,Python – Basics & Control Flow,5.5,10,55.0,10.1,2026-06-06 07:24:00.124086+00:00,Medium,2026-06-06 12:54:12 IST
DB_1138_20,4DM24CS014,Harsha Gowda,CN,Computer Networks,CN – Routing & Protocols,7.8,10,78.0,17.2,2026-06-06 07:24:00.124086+00:00,High,2026-06-06 12:54:12 IST
DB_1138_8,4DM24CS014,Harsha Gowda,DS,Data Structures,DS – Stacks & Queues,7.4,10,74.0,15.8,2026-06-06 07:24:00.124086+00:00,Medium,2026-06-06 12:54:12 IST
DB_1138_28,4DM24CS014,Harsha Gowda,DS,Data Structures,DS – Heaps & Priority Queues,6.9,10,69.0,12.9,2026-06-06 07:24:00.124086+00:00,Medium,2026-06-06 12:54:12 IST
DB_1138_7,4DM24CS014,Harsha Gowda,DS,Data Structures,DS – Arrays & Linked Lists,7.5,10,75.0,15.3,2026-06-06 07:24:00.124086+00:00,High,2026-06-06 12:54:12 IST
DB_1138_40,4DM24CS014,Harsha Gowda,DSC,Data Science,DSC – Feature Engineering & Pipelines,5.7,10,57.0,22.4,2026-06-06 07:13:47.233552+00:00,Medium,2026-06-06 12:43:47 IST
DB_1138_39,4DM24CS014,Harsha Gowda,CN,Computer Networks,CN – Network Security & VPN,5.3,10,53.0,10.8,2026-06-06 07:24:00.124086+00:00,Medium,2026-06-06 12:54:12 IST
DB_1138_4,4DM24CS014,Harsha Gowda,CN,Computer Networks,Networking Concepts Quiz,6.1,10,61.0,10.4,2026-06-06 07:24:00.124086+00:00,Medium,2026-06-06 12:54:12 IST
DB_1138_37,4DM24CS014,Harsha Gowda,CN,Computer Networks,CN – TCP/IP Deep Dive,6.4,10,64.0,16.4,2026-06-06 07:24:00.124086+00:00,Medium,2026-06-06 12:54:12 IST
DB_1138_13,4DM24CS014,Harsha Gowda,PY,Python Programming,Python – OOP Concepts,7.1,10,71.0,15.7,2026-06-06 07:24:00.124086+00:00,Medium,2026-06-06 12:54:12 IST
DB_1138_45,4DM24CS014,Harsha Gowda,AI,Artificial Intelligence & Machine Learning,AI – Model Deployment & XAI,5.6,10,56.0,15.2,2026-06-06 07:24:00.124086+00:00,Medium,2026-06-06 12:54:12 IST
DB_1138_5,4DM24CS014,Harsha Gowda,DSC,Data Science,Data Science Quiz,7.0,10,70.0,14.2,2026-06-06 07:24:00.124086+00:00,Medium,2026-06-06 12:54:12 IST
DB_1138_10,4DM24CS014,Harsha Gowda,DS,Data Structures,DS – Sorting & Hashing,4.9,10,49.0,16.7,2026-06-06 07:24:00.124086+00:00,Low,2026-06-06 12:54:12 IST
DB_1138_43,4DM24CS014,Harsha Gowda,AI,Artificial Intelligence & Machine Learning,AI – Deep Learning Architectures,7.4,10,74.0,23.0,2026-06-06 07:24:00.124086+00:00,Medium,2026-06-06 12:54:12 IST
DB_1138_12,4DM24CS014,Harsha Gowda,PY,Python Programming,Python – Functions & Collections,5.8,10,58.0,15.2,2026-06-06 07:24:00.124086+00:00,Medium,2026-06-06 12:54:12 IST
DB_1138_22,4DM24CS014,Harsha Gowda,DSC,Data Science,DSC – Statistics & Visualization,7.1,10,71.0,17.1,2026-06-06 07:24:00.124086+00:00,Medium,2026-06-06 12:54:12 IST
DB_1138_24,4DM24CS014,Harsha Gowda,AI,Artificial Intelligence & Machine Learning,AI – ML Fundamentals,7.3,10,73.0,16.3,2026-06-06 07:13:47.548082+00:00,Medium,2026-06-06 12:43:47 IST
DB_1138_46,4DM24CS014,Harsha Gowda,WD,Web Development,Web Development Basics Quiz,2.9,5,58.0,11.3,2026-06-06 07:24:00.124086+00:00,Medium,2026-06-06 12:54:12 IST
DB_1138_18,4DM24CS014,Harsha Gowda,CN,Computer Networks,CN – OSI & TCP/IP Models,7.6,10,76.0,15.0,2026-06-06 07:24:00.124086+00:00,High,2026-06-06 12:54:12 IST
DB_1138_36,4DM24CS014,Harsha Gowda,WD,Web Development,WD – React & Modern Frontend,5.3,10,53.0,12.9,2026-06-06 07:24:00.124086+00:00,Medium,2026-06-06 12:54:12 IST
DB_1138_48,4DM24CS014,Harsha Gowda,DSC,Data Science,Data Science Fundamentals Quiz,3.4,5,68.0,14.5,2026-06-06 07:24:00.124086+00:00,Medium,2026-06-06 12:54:12 IST
DB_1138_41,4DM24CS014,Harsha Gowda,DSC,Data Science,DSC – SQL & Data Querying,4.8,10,48.0,17.6,2026-06-06 07:24:00.124086+00:00,Low,2026-06-06 12:54:12 IST
DB_1138_33,4DM24CS014,Harsha Gowda,PY,Python Programming,Python – Type Hints & Data Classes,7.2,10,72.0,14.1,2026-06-06 07:24:00.124086+00:00,Medium,2026-06-06 12:54:12 IST
DB_1138_35,4DM24CS014,Harsha Gowda,WD,Web Development,WD – Authentication & Security,4.4,10,44.0,15.5,2026-06-06 07:24:00.124086+00:00,Low,2026-06-06 12:54:12 IST
DB_1138_30,4DM24CS014,Harsha Gowda,DS,Data Structures,DS – Graph Algorithms,9.0,10,90.0,22.4,2026-06-06 07:24:00.124086+00:00,High,2026-06-06 12:54:12 IST
DB_1138_14,4DM24CS014,Harsha Gowda,PY,Python Programming,Python – Advanced Topics,7.5,10,75.0,13.6,2026-06-06 07:13:47.834610+00:00,High,2026-06-06 12:43:47 IST
DB_1138_25,4DM24CS014,Harsha Gowda,AI,Artificial Intelligence & Machine Learning,AI – Regression & Classification,5.7,10,57.0,16.8,2026-06-06 07:24:00.124086+00:00,Medium,2026-06-06 12:54:12 IST
DB_1139_12,4DM24CS015,Tejas Bhat,PY,Python Programming,Python – Functions & Collections,7.4,10,74.0,15.5,2026-06-06 07:24:00.124086+00:00,Medium,2026-06-06 12:54:13 IST
DB_1139_23,4DM24CS015,Tejas Bhat,DSC,Data Science,DSC – EDA & Feature Engineering,8.9,10,89.0,15.4,2026-06-06 07:24:00.124086+00:00,High,2026-06-06 12:54:12 IST
DB_1139_33,4DM24CS015,Tejas Bhat,PY,Python Programming,Python – Type Hints & Data Classes,6.9,10,69.0,17.5,2026-06-06 07:24:00.124086+00:00,Medium,2026-06-06 12:54:13 IST
DB_1139_41,4DM24CS015,Tejas Bhat,DSC,Data Science,DSC – SQL & Data Querying,7.7,10,77.0,15.7,2026-06-06 07:24:00.124086+00:00,High,2026-06-06 12:54:13 IST
DB_1139_45,4DM24CS015,Tejas Bhat,AI,Artificial Intelligence & Machine Learning,AI – Model Deployment & XAI,7.6,10,76.0,12.9,2026-06-06 07:24:00.124086+00:00,High,2026-06-06 12:54:13 IST
DB_1139_7,4DM24CS015,Tejas Bhat,DS,Data Structures,DS – Arrays & Linked Lists,8.7,10,87.0,11.8,2026-06-06 07:24:00.124086+00:00,High,2026-06-06 12:54:12 IST
DB_1139_22,4DM24CS015,Tejas Bhat,DSC,Data Science,DSC – Statistics & Visualization,8.0,10,80.0,11.0,2026-06-06 07:24:00.124086+00:00,High,2026-06-06 12:54:13 IST
DB_1139_31,4DM24CS015,Tejas Bhat,PY,Python Programming,Python – Concurrency & Async,7.7,10,77.0,18.0,2026-06-06 07:24:00.124086+00:00,High,2026-06-06 12:54:12 IST
DB_1139_27,4DM24CS015,Tejas Bhat,AI,Artificial Intelligence & Machine Learning,AI – Model Evaluation & Neural Networks,8.1,10,81.0,21.6,2026-06-06 07:24:00.124086+00:00,High,2026-06-06 12:54:13 IST
DB_1139_4,4DM24CS015,Tejas Bhat,CN,Computer Networks,Networking Concepts Quiz,9.3,10,93.0,11.4,2026-06-06 07:24:00.124086+00:00,High,2026-06-06 12:54:13 IST
DB_1139_39,4DM24CS015,Tejas Bhat,CN,Computer Networks,CN – Network Security & VPN,8.6,10,86.0,18.6,2026-06-06 07:24:00.124086+00:00,High,2026-06-06 12:54:13 IST
DB_1139_25,4DM24CS015,Tejas Bhat,AI,Artificial Intelligence & Machine Learning,AI – Regression & Classification,7.9,10,79.0,18.4,2026-06-06 07:24:00.124086+00:00,High,2026-06-06 12:54:13 IST
DB_1139_32,4DM24CS015,Tejas Bhat,PY,Python Programming,Python – Testing & Best Practices,7.1,10,71.0,18.5,2026-06-06 07:24:00.124086+00:00,Medium,2026-06-06 12:54:13 IST
DB_1139_30,4DM24CS015,Tejas Bhat,DS,Data Structures,DS – Graph Algorithms,7.6,10,76.0,18.3,2026-06-06 07:24:00.124086+00:00,High,2026-06-06 12:54:13 IST
DB_1139_10,4DM24CS015,Tejas Bhat,DS,Data Structures,DS – Sorting & Hashing,8.5,10,85.0,19.4,2026-06-06 07:24:00.124086+00:00,High,2026-06-06 12:54:13 IST
DB_1139_6,4DM24CS015,Tejas Bhat,AI,Artificial Intelligence & Machine Learning,ML Basics Quiz,8.1,10,81.0,15.3,2026-06-06 07:24:00.124086+00:00,High,2026-06-06 12:54:13 IST
DB_1139_48,4DM24CS015,Tejas Bhat,DSC,Data Science,Data Science Fundamentals Quiz,4.0,5,80.0,12.6,2026-06-06 07:24:00.124086+00:00,High,2026-06-06 12:54:12 IST
DB_1139_16,4DM24CS015,Tejas Bhat,WD,Web Development,WD – JavaScript,6.8,10,68.0,10.6,2026-06-06 07:24:00.124086+00:00,Medium,2026-06-06 12:54:12 IST
DB_1139_43,4DM24CS015,Tejas Bhat,AI,Artificial Intelligence & Machine Learning,AI – Deep Learning Architectures,8.3,10,83.0,15.3,2026-06-06 07:24:00.124086+00:00,High,2026-06-06 12:54:13 IST
DB_1139_14,4DM24CS015,Tejas Bhat,PY,Python Programming,Python – Advanced Topics,8.5,10,85.0,19.1,2026-06-06 07:24:00.124086+00:00,High,2026-06-06 12:54:13 IST
DB_1139_1,4DM24CS015,Tejas Bhat,DS,Data Structures,Data Structures Quiz 1,7.1,10,71.0,18.9,2026-06-06 07:24:00.124086+00:00,Medium,2026-06-06 12:54:12 IST
DB_1139_17,4DM24CS015,Tejas Bhat,WD,Web Development,WD – Bootstrap & Responsive Design,8.7,10,87.0,16.2,2026-06-06 07:24:00.124086+00:00,High,2026-06-06 12:54:12 IST
DB_1139_19,4DM24CS015,Tejas Bhat,CN,Computer Networks,CN – IP Addressing & Subnetting,9.5,10,95.0,21.3,2026-06-06 07:24:00.124086+00:00,High,2026-06-06 12:54:13 IST
DB_1139_2,4DM24CS015,Tejas Bhat,PY,Python Programming,Python Fundamentals Quiz,9.0,10,90.0,10.6,2026-06-06 07:24:00.124086+00:00,High,2026-06-06 12:54:13 IST
DB_1139_18,4DM24CS015,Tejas Bhat,CN,Computer Networks,CN – OSI & TCP/IP Models,8.3,10,83.0,10.9,2026-06-06 07:24:00.124086+00:00,High,2026-06-06 12:54:13 IST
DB_1139_47,4DM24CS015,Tejas Bhat,CN,Computer Networks,Computer Networks Quiz,3.7,5,74.0,17.7,2026-06-06 07:24:00.124086+00:00,Medium,2026-06-06 12:54:13 IST
DB_1139_42,4DM24CS015,Tejas Bhat,DSC,Data Science,DSC – Big Data & Dashboards,8.1,10,81.0,14.0,2026-06-06 07:24:00.124086+00:00,High,2026-06-06 12:54:13 IST
DB_1139_26,4DM24CS015,Tejas Bhat,AI,Artificial Intelligence & Machine Learning,AI – Decision Trees & Clustering,7.5,10,75.0,14.2,2026-06-06 07:24:00.124086+00:00,High,2026-06-06 12:54:13 IST
DB_1139_40,4DM24CS015,Tejas Bhat,DSC,Data Science,DSC – Feature Engineering & Pipelines,8.5,10,85.0,16.0,2026-06-06 07:24:00.124086+00:00,High,2026-06-06 12:54:12 IST
DB_1139_24,4DM24CS015,Tejas Bhat,AI,Artificial Intelligence & Machine Learning,AI – ML Fundamentals,7.6,10,76.0,13.4,2026-06-06 07:24:00.124086+00:00,High,2026-06-06 12:54:13 IST
DB_1139_29,4DM24CS015,Tejas Bhat,DS,Data Structures,DS – Dynamic Programming,7.8,10,78.0,17.1,2026-06-06 07:24:00.124086+00:00,High,2026-06-06 12:54:12 IST
DB_1139_46,4DM24CS015,Tejas Bhat,WD,Web Development,Web Development Basics Quiz,4.8,5,96.0,16.3,2026-06-06 07:24:00.124086+00:00,High,2026-06-06 12:54:12 IST
DB_1139_11,4DM24CS015,Tejas Bhat,PY,Python Programming,Python – Basics & Control Flow,7.3,10,73.0,15.9,2026-06-06 07:24:00.124086+00:00,Medium,2026-06-06 12:54:13 IST
DB_1139_34,4DM24CS015,Tejas Bhat,WD,Web Development,WD – Backend & APIs,7.9,10,79.0,17.4,2026-06-06 07:24:00.124086+00:00,High,2026-06-06 12:54:13 IST
DB_1139_5,4DM24CS015,Tejas Bhat,DSC,Data Science,Data Science Quiz,8.1,10,81.0,17.7,2026-06-06 07:24:00.124086+00:00,High,2026-06-06 12:54:12 IST
DB_1139_15,4DM24CS015,Tejas Bhat,WD,Web Development,WD – HTML & CSS,9.3,10,93.0,10.2,2026-06-06 07:24:00.124086+00:00,High,2026-06-06 12:54:13 IST
DB_1139_21,4DM24CS015,Tejas Bhat,DSC,Data Science,DSC – NumPy & Pandas,8.0,10,80.0,14.6,2026-06-06 07:24:00.124086+00:00,High,2026-06-06 12:54:13 IST
DB_1139_37,4DM24CS015,Tejas Bhat,CN,Computer Networks,CN – TCP/IP Deep Dive,7.0,10,70.0,18.6,2026-06-06 07:24:00.124086+00:00,Medium,2026-06-06 12:54:13 IST
DB_1139_9,4DM24CS015,Tejas Bhat,DS,Data Structures,DS – Trees & Graphs,8.7,10,87.0,11.9,2026-06-06 07:24:00.124086+00:00,High,2026-06-06 12:54:13 IST
DB_1139_13,4DM24CS015,Tejas Bhat,PY,Python Programming,Python – OOP Concepts,7.1,10,71.0,14.2,2026-06-06 07:24:00.124086+00:00,Medium,2026-06-06 12:54:13 IST
DB_1139_35,4DM24CS015,Tejas Bhat,WD,Web Development,WD – Authentication & Security,8.8,10,88.0,16.6,2026-06-06 07:24:00.124086+00:00,High,2026-06-06 12:54:13 IST
DB_1139_28,4DM24CS015,Tejas Bhat,DS,Data Structures,DS – Heaps & Priority Queues,9.2,10,92.0,16.7,2026-06-06 07:24:00.124086+00:00,High,2026-06-06 12:54:13 IST
DB_1139_3,4DM24CS015,Tejas Bhat,WD,Web Development,Web Dev Basics Quiz,8.3,10,83.0,14.7,2026-06-06 07:24:00.124086+00:00,High,2026-06-06 12:54:13 IST
DB_1139_8,4DM24CS015,Tejas Bhat,DS,Data Structures,DS – Stacks & Queues,6.9,10,69.0,12.7,2026-06-06 07:24:00.124086+00:00,Medium,2026-06-06 12:54:12 IST
DB_1139_38,4DM24CS015,Tejas Bhat,CN,Computer Networks,CN – IPv6 & NAT,8.2,10,82.0,14.5,2026-06-06 07:24:00.124086+00:00,High,2026-06-06 12:54:12 IST
DB_1139_36,4DM24CS015,Tejas Bhat,WD,Web Development,WD – React & Modern Frontend,7.9,10,79.0,12.8,2026-06-06 07:24:00.124086+00:00,High,2026-06-06 12:54:13 IST
DB_1139_44,4DM24CS015,Tejas Bhat,AI,Artificial Intelligence & Machine Learning,AI – Advanced Training Techniques,8.2,10,82.0,12.7,2026-06-06 07:24:00.124086+00:00,High,2026-06-06 12:54:13 IST
DB_1139_20,4DM24CS015,Tejas Bhat,CN,Computer Networks,CN – Routing & Protocols,8.1,10,81.0,15.4,2026-06-06 07:24:00.124086+00:00,High,2026-06-06 12:54:12 IST
DB_1140_43,4DM24CS016,Priya Krishnamurthy,AI,Artificial Intelligence & Machine Learning,AI – Deep Learning Architectures,8.7,10,87.0,20.0,2026-06-06 07:24:00.124086+00:00,High,2026-06-06 12:54:13 IST
DB_1140_8,4DM24CS016,Priya Krishnamurthy,DS,Data Structures,DS – Stacks & Queues,8.6,10,86.0,13.6,2026-06-06 07:24:00.124086+00:00,High,2026-06-06 12:54:13 IST
DB_1140_32,4DM24CS016,Priya Krishnamurthy,PY,Python Programming,Python – Testing & Best Practices,7.7,10,77.0,12.7,2026-06-06 07:24:00.124086+00:00,High,2026-06-06 12:54:13 IST
DB_1140_28,4DM24CS016,Priya Krishnamurthy,DS,Data Structures,DS – Heaps & Priority Queues,8.3,10,83.0,14.1,2026-06-06 07:24:00.124086+00:00,High,2026-06-06 12:54:14 IST
DB_1140_17,4DM24CS016,Priya Krishnamurthy,WD,Web Development,WD – Bootstrap & Responsive Design,8.0,10,80.0,13.8,2026-06-06 07:24:00.124086+00:00,High,2026-06-06 12:54:13 IST
DB_1140_4,4DM24CS016,Priya Krishnamurthy,CN,Computer Networks,Networking Concepts Quiz,7.1,10,71.0,11.6,2026-06-06 07:24:00.124086+00:00,Medium,2026-06-06 12:54:13 IST
DB_1140_45,4DM24CS016,Priya Krishnamurthy,AI,Artificial Intelligence & Machine Learning,AI – Model Deployment & XAI,7.3,10,73.0,10.4,2026-06-06 07:24:00.124086+00:00,Medium,2026-06-06 12:54:13 IST
DB_1140_14,4DM24CS016,Priya Krishnamurthy,PY,Python Programming,Python – Advanced Topics,7.7,10,77.0,21.0,2026-06-06 07:24:00.124086+00:00,High,2026-06-06 12:54:14 IST
DB_1140_24,4DM24CS016,Priya Krishnamurthy,AI,Artificial Intelligence & Machine Learning,AI – ML Fundamentals,7.7,10,77.0,17.0,2026-06-06 07:24:00.124086+00:00,High,2026-06-06 12:54:13 IST
DB_1140_12,4DM24CS016,Priya Krishnamurthy,PY,Python Programming,Python – Functions & Collections,9.1,10,91.0,17.3,2026-06-06 07:24:00.124086+00:00,High,2026-06-06 12:54:13 IST
DB_1140_40,4DM24CS016,Priya Krishnamurthy,DSC,Data Science,DSC – Feature Engineering & Pipelines,7.1,10,71.0,17.4,2026-06-06 07:24:00.124086+00:00,Medium,2026-06-06 12:54:13 IST
DB_1140_16,4DM24CS016,Priya Krishnamurthy,WD,Web Development,WD – JavaScript,8.2,10,82.0,13.0,2026-06-06 07:24:00.124086+00:00,High,2026-06-06 12:54:13 IST
DB_1140_33,4DM24CS016,Priya Krishnamurthy,PY,Python Programming,Python – Type Hints & Data Classes,8.4,10,84.0,17.1,2026-06-06 07:24:00.124086+00:00,High,2026-06-06 12:54:13 IST
DB_1140_25,4DM24CS016,Priya Krishnamurthy,AI,Artificial Intelligence & Machine Learning,AI – Regression & Classification,8.6,10,86.0,18.4,2026-06-06 07:24:00.124086+00:00,High,2026-06-06 12:54:13 IST
DB_1140_37,4DM24CS016,Priya Krishnamurthy,CN,Computer Networks,CN – TCP/IP Deep Dive,9.8,10,98.0,21.2,2026-06-06 07:24:00.124086+00:00,High,2026-06-06 12:54:13 IST
DB_1140_47,4DM24CS016,Priya Krishnamurthy,CN,Computer Networks,Computer Networks Quiz,4.8,5,96.0,13.5,2026-06-06 07:24:00.124086+00:00,High,2026-06-06 12:54:13 IST
DB_1140_31,4DM24CS016,Priya Krishnamurthy,PY,Python Programming,Python – Concurrency & Async,7.4,10,74.0,13.0,2026-06-06 07:24:00.124086+00:00,Medium,2026-06-06 12:54:13 IST
DB_1140_41,4DM24CS016,Priya Krishnamurthy,DSC,Data Science,DSC – SQL & Data Querying,8.9,10,89.0,19.0,2026-06-06 07:24:00.124086+00:00,High,2026-06-06 12:54:13 IST
DB_1140_18,4DM24CS016,Priya Krishnamurthy,CN,Computer Networks,CN – OSI & TCP/IP Models,8.8,10,88.0,16.1,2026-06-06 07:24:00.124086+00:00,High,2026-06-06 12:54:13 IST
DB_1140_15,4DM24CS016,Priya Krishnamurthy,WD,Web Development,WD – HTML & CSS,8.1,10,81.0,17.5,2026-06-06 07:24:00.124086+00:00,High,2026-06-06 12:54:13 IST
DB_1140_48,4DM24CS016,Priya Krishnamurthy,DSC,Data Science,Data Science Fundamentals Quiz,4.3,5,86.0,18.2,2026-06-06 07:24:00.124086+00:00,High,2026-06-06 12:54:14 IST
DB_1140_19,4DM24CS016,Priya Krishnamurthy,CN,Computer Networks,CN – IP Addressing & Subnetting,7.6,10,76.0,14.6,2026-06-06 07:24:00.124086+00:00,High,2026-06-06 12:54:13 IST
DB_1140_6,4DM24CS016,Priya Krishnamurthy,AI,Artificial Intelligence & Machine Learning,ML Basics Quiz,7.9,10,79.0,17.5,2026-06-06 07:24:00.124086+00:00,High,2026-06-06 12:54:14 IST
DB_1140_29,4DM24CS016,Priya Krishnamurthy,DS,Data Structures,DS – Dynamic Programming,8.1,10,81.0,22.5,2026-06-06 07:24:00.124086+00:00,High,2026-06-06 12:54:13 IST
DB_1140_22,4DM24CS016,Priya Krishnamurthy,DSC,Data Science,DSC – Statistics & Visualization,9.3,10,93.0,10.9,2026-06-06 07:24:00.124086+00:00,High,2026-06-06 12:54:14 IST
DB_1140_38,4DM24CS016,Priya Krishnamurthy,CN,Computer Networks,CN – IPv6 & NAT,6.2,10,62.0,17.6,2026-06-06 07:24:00.124086+00:00,Medium,2026-06-06 12:54:14 IST
DB_1140_13,4DM24CS016,Priya Krishnamurthy,PY,Python Programming,Python – OOP Concepts,8.3,10,83.0,18.3,2026-06-06 07:24:00.124086+00:00,High,2026-06-06 12:54:14 IST
DB_1140_2,4DM24CS016,Priya Krishnamurthy,PY,Python Programming,Python Fundamentals Quiz,7.0,10,70.0,12.5,2026-06-06 07:24:00.124086+00:00,Medium,2026-06-06 12:54:13 IST
DB_1140_42,4DM24CS016,Priya Krishnamurthy,DSC,Data Science,DSC – Big Data & Dashboards,8.4,10,84.0,10.7,2026-06-06 07:24:00.124086+00:00,High,2026-06-06 12:54:14 IST
DB_1140_36,4DM24CS016,Priya Krishnamurthy,WD,Web Development,WD – React & Modern Frontend,7.7,10,77.0,11.7,2026-06-06 07:24:00.124086+00:00,High,2026-06-06 12:54:13 IST
DB_1140_34,4DM24CS016,Priya Krishnamurthy,WD,Web Development,WD – Backend & APIs,8.3,10,83.0,11.8,2026-06-06 07:24:00.124086+00:00,High,2026-06-06 12:54:13 IST
DB_1140_35,4DM24CS016,Priya Krishnamurthy,WD,Web Development,WD – Authentication & Security,8.8,10,88.0,16.4,2026-06-06 07:24:00.124086+00:00,High,2026-06-06 12:54:14 IST
DB_1140_23,4DM24CS016,Priya Krishnamurthy,DSC,Data Science,DSC – EDA & Feature Engineering,8.6,10,86.0,16.7,2026-06-06 07:24:00.124086+00:00,High,2026-06-06 12:54:13 IST
DB_1140_10,4DM24CS016,Priya Krishnamurthy,DS,Data Structures,DS – Sorting & Hashing,8.5,10,85.0,12.8,2026-06-06 07:24:00.124086+00:00,High,2026-06-06 12:54:14 IST
DB_1140_11,4DM24CS016,Priya Krishnamurthy,PY,Python Programming,Python – Basics & Control Flow,7.7,10,77.0,11.5,2026-06-06 07:24:00.124086+00:00,High,2026-06-06 12:54:13 IST
DB_1140_20,4DM24CS016,Priya Krishnamurthy,CN,Computer Networks,CN – Routing & Protocols,7.7,10,77.0,10.4,2026-06-06 07:24:00.124086+00:00,High,2026-06-06 12:54:13 IST
DB_1140_39,4DM24CS016,Priya Krishnamurthy,CN,Computer Networks,CN – Network Security & VPN,8.2,10,82.0,12.6,2026-06-06 07:24:00.124086+00:00,High,2026-06-06 12:54:14 IST
DB_1140_30,4DM24CS016,Priya Krishnamurthy,DS,Data Structures,DS – Graph Algorithms,7.4,10,74.0,15.6,2026-06-06 07:24:00.124086+00:00,Medium,2026-06-06 12:54:13 IST
DB_1140_1,4DM24CS016,Priya Krishnamurthy,DS,Data Structures,Data Structures Quiz 1,6.9,10,69.0,10.1,2026-06-06 07:24:00.124086+00:00,Medium,2026-06-06 12:54:14 IST
DB_1140_9,4DM24CS016,Priya Krishnamurthy,DS,Data Structures,DS – Trees & Graphs,9.9,10,99.0,18.3,2026-06-06 07:24:00.124086+00:00,High,2026-06-06 12:54:13 IST
DB_1140_7,4DM24CS016,Priya Krishnamurthy,DS,Data Structures,DS – Arrays & Linked Lists,9.3,10,93.0,18.8,2026-06-06 07:24:00.124086+00:00,High,2026-06-06 12:54:13 IST
DB_1140_26,4DM24CS016,Priya Krishnamurthy,AI,Artificial Intelligence & Machine Learning,AI – Decision Trees & Clustering,7.7,10,77.0,14.2,2026-06-06 07:24:00.124086+00:00,High,2026-06-06 12:54:14 IST
DB_1140_44,4DM24CS016,Priya Krishnamurthy,AI,Artificial Intelligence & Machine Learning,AI – Advanced Training Techniques,8.7,10,87.0,18.6,2026-06-06 07:24:00.124086+00:00,High,2026-06-06 12:54:14 IST
DB_1140_21,4DM24CS016,Priya Krishnamurthy,DSC,Data Science,DSC – NumPy & Pandas,10.0,10,100.0,13.1,2026-06-06 07:24:00.124086+00:00,High,2026-06-06 12:54:13 IST
DB_1140_27,4DM24CS016,Priya Krishnamurthy,AI,Artificial Intelligence & Machine Learning,AI – Model Evaluation & Neural Networks,7.7,10,77.0,21.6,2026-06-06 07:24:00.124086+00:00,High,2026-06-06 12:54:14 IST
DB_1140_46,4DM24CS016,Priya Krishnamurthy,WD,Web Development,Web Development Basics Quiz,4.8,5,96.0,18.9,2026-06-06 07:24:00.124086+00:00,High,2026-06-06 12:54:14 IST
DB_1140_5,4DM24CS016,Priya Krishnamurthy,DSC,Data Science,Data Science Quiz,7.4,10,74.0,15.7,2026-06-06 07:24:00.124086+00:00,Medium,2026-06-06 12:54:13 IST
DB_1140_3,4DM24CS016,Priya Krishnamurthy,WD,Web Development,Web Dev Basics Quiz,7.0,10,70.0,17.8,2026-06-06 07:24:00.124086+00:00,Medium,2026-06-06 12:54:13 IST
DB_1141_32,4DM24CS017,Divya Subramaniam,PY,Python Programming,Python – Testing & Best Practices,8.0,10,80.0,18.5,2026-06-06 07:24:00.124086+00:00,High,2026-06-06 12:54:14 IST
DB_1141_21,4DM24CS017,Divya Subramaniam,DSC,Data Science,DSC – NumPy & Pandas,9.3,10,93.0,18.7,2026-06-06 07:24:00.124086+00:00,High,2026-06-06 12:54:14 IST
DB_1141_47,4DM24CS017,Divya Subramaniam,CN,Computer Networks,Computer Networks Quiz,4.0,5,80.0,12.9,2026-06-06 07:24:00.124086+00:00,High,2026-06-06 12:54:14 IST
DB_1141_40,4DM24CS017,Divya Subramaniam,DSC,Data Science,DSC – Feature Engineering & Pipelines,8.0,10,80.0,21.0,2026-06-06 07:24:00.124086+00:00,High,2026-06-06 12:54:14 IST
DB_1141_4,4DM24CS017,Divya Subramaniam,CN,Computer Networks,Networking Concepts Quiz,8.0,10,80.0,15.1,2026-06-06 07:24:00.124086+00:00,High,2026-06-06 12:54:14 IST
DB_1141_45,4DM24CS017,Divya Subramaniam,AI,Artificial Intelligence & Machine Learning,AI – Model Deployment & XAI,8.4,10,84.0,12.1,2026-06-06 07:24:00.124086+00:00,High,2026-06-06 12:54:14 IST
DB_1141_1,4DM24CS017,Divya Subramaniam,DS,Data Structures,Data Structures Quiz 1,7.7,10,77.0,11.5,2026-06-06 07:24:00.124086+00:00,High,2026-06-06 12:54:14 IST
DB_1141_20,4DM24CS017,Divya Subramaniam,CN,Computer Networks,CN – Routing & Protocols,7.7,10,77.0,13.9,2026-06-06 07:24:00.124086+00:00,High,2026-06-06 12:54:14 IST
DB_1141_15,4DM24CS017,Divya Subramaniam,WD,Web Development,WD – HTML & CSS,8.1,10,81.0,18.6,2026-06-06 07:24:00.124086+00:00,High,2026-06-06 12:54:14 IST
DB_1141_48,4DM24CS017,Divya Subramaniam,DSC,Data Science,Data Science Fundamentals Quiz,3.7,5,74.0,12.8,2026-06-06 07:24:00.124086+00:00,Medium,2026-06-06 12:54:14 IST
DB_1141_33,4DM24CS017,Divya Subramaniam,PY,Python Programming,Python – Type Hints & Data Classes,8.5,10,85.0,17.4,2026-06-06 07:24:00.124086+00:00,High,2026-06-06 12:54:14 IST
DB_1141_39,4DM24CS017,Divya Subramaniam,CN,Computer Networks,CN – Network Security & VPN,8.7,10,87.0,15.9,2026-06-06 07:24:00.124086+00:00,High,2026-06-06 12:54:14 IST
DB_1141_16,4DM24CS017,Divya Subramaniam,WD,Web Development,WD – JavaScript,9.3,10,93.0,14.4,2026-06-06 07:24:00.124086+00:00,High,2026-06-06 12:54:14 IST
DB_1141_37,4DM24CS017,Divya Subramaniam,CN,Computer Networks,CN – TCP/IP Deep Dive,9.1,10,91.0,16.9,2026-06-06 07:24:00.124086+00:00,High,2026-06-06 12:54:14 IST
DB_1141_10,4DM24CS017,Divya Subramaniam,DS,Data Structures,DS – Sorting & Hashing,8.5,10,85.0,21.4,2026-06-06 07:24:00.124086+00:00,High,2026-06-06 12:54:14 IST
DB_1141_28,4DM24CS017,Divya Subramaniam,DS,Data Structures,DS – Heaps & Priority Queues,8.9,10,89.0,14.5,2026-06-06 07:24:00.124086+00:00,High,2026-06-06 12:54:14 IST
DB_1141_9,4DM24CS017,Divya Subramaniam,DS,Data Structures,DS – Trees & Graphs,7.5,10,75.0,12.4,2026-06-06 07:24:00.124086+00:00,High,2026-06-06 12:54:14 IST
DB_1141_8,4DM24CS017,Divya Subramaniam,DS,Data Structures,DS – Stacks & Queues,8.7,10,87.0,13.3,2026-06-06 07:24:00.124086+00:00,High,2026-06-06 12:54:14 IST
DB_1141_42,4DM24CS017,Divya Subramaniam,DSC,Data Science,DSC – Big Data & Dashboards,7.3,10,73.0,13.2,2026-06-06 07:24:00.124086+00:00,Medium,2026-06-06 12:54:14 IST
DB_1141_30,4DM24CS017,Divya Subramaniam,DS,Data Structures,DS – Graph Algorithms,7.5,10,75.0,23.2,2026-06-06 07:24:00.124086+00:00,High,2026-06-06 12:54:14 IST
DB_1141_24,4DM24CS017,Divya Subramaniam,AI,Artificial Intelligence & Machine Learning,AI – ML Fundamentals,9.7,10,97.0,17.7,2026-06-06 07:24:00.124086+00:00,High,2026-06-06 12:54:14 IST
DB_1141_46,4DM24CS017,Divya Subramaniam,WD,Web Development,Web Development Basics Quiz,3.8,5,76.0,14.0,2026-06-06 07:24:00.124086+00:00,High,2026-06-06 12:54:14 IST
DB_1141_26,4DM24CS017,Divya Subramaniam,AI,Artificial Intelligence & Machine Learning,AI – Decision Trees & Clustering,8.3,10,83.0,11.0,2026-06-06 07:24:00.124086+00:00,High,2026-06-06 12:54:14 IST
DB_1141_38,4DM24CS017,Divya Subramaniam,CN,Computer Networks,CN – IPv6 & NAT,8.2,10,82.0,14.6,2026-06-06 07:24:00.124086+00:00,High,2026-06-06 12:54:14 IST
DB_1141_43,4DM24CS017,Divya Subramaniam,AI,Artificial Intelligence & Machine Learning,AI – Deep Learning Architectures,7.8,10,78.0,19.9,2026-06-06 07:24:00.124086+00:00,High,2026-06-06 12:54:14 IST
DB_1141_36,4DM24CS017,Divya Subramaniam,WD,Web Development,WD – React & Modern Frontend,7.8,10,78.0,17.6,2026-06-06 07:24:00.124086+00:00,High,2026-06-06 12:54:14 IST
DB_1141_6,4DM24CS017,Divya Subramaniam,AI,Artificial Intelligence & Machine Learning,ML Basics Quiz,8.8,10,88.0,17.4,2026-06-06 07:24:00.124086+00:00,High,2026-06-06 12:54:14 IST
DB_1141_7,4DM24CS017,Divya Subramaniam,DS,Data Structures,DS – Arrays & Linked Lists,8.8,10,88.0,12.0,2026-06-06 07:24:00.124086+00:00,High,2026-06-06 12:54:14 IST
DB_1141_25,4DM24CS017,Divya Subramaniam,AI,Artificial Intelligence & Machine Learning,AI – Regression & Classification,7.9,10,79.0,17.9,2026-06-06 07:24:00.124086+00:00,High,2026-06-06 12:54:14 IST
DB_1141_2,4DM24CS017,Divya Subramaniam,PY,Python Programming,Python Fundamentals Quiz,7.9,10,79.0,11.6,2026-06-06 07:24:00.124086+00:00,High,2026-06-06 12:54:14 IST
DB_1141_35,4DM24CS017,Divya Subramaniam,WD,Web Development,WD – Authentication & Security,7.1,10,71.0,15.9,2026-06-06 07:24:00.124086+00:00,Medium,2026-06-06 12:54:14 IST
DB_1141_41,4DM24CS017,Divya Subramaniam,DSC,Data Science,DSC – SQL & Data Querying,7.3,10,73.0,10.7,2026-06-06 07:24:00.124086+00:00,Medium,2026-06-06 12:54:14 IST
DB_1141_44,4DM24CS017,Divya Subramaniam,AI,Artificial Intelligence & Machine Learning,AI – Advanced Training Techniques,8.1,10,81.0,10.7,2026-06-06 07:24:00.124086+00:00,High,2026-06-06 12:54:14 IST
DB_1141_17,4DM24CS017,Divya Subramaniam,WD,Web Development,WD – Bootstrap & Responsive Design,7.8,10,78.0,12.2,2026-06-06 07:24:00.124086+00:00,High,2026-06-06 12:54:14 IST
DB_1141_18,4DM24CS017,Divya Subramaniam,CN,Computer Networks,CN – OSI & TCP/IP Models,8.4,10,84.0,12.8,2026-06-06 07:24:00.124086+00:00,High,2026-06-06 12:54:14 IST
DB_1141_31,4DM24CS017,Divya Subramaniam,PY,Python Programming,Python – Concurrency & Async,7.8,10,78.0,12.6,2026-06-06 07:24:00.124086+00:00,High,2026-06-06 12:54:14 IST
DB_1141_13,4DM24CS017,Divya Subramaniam,PY,Python Programming,Python – OOP Concepts,8.3,10,83.0,11.6,2026-06-06 07:24:00.124086+00:00,High,2026-06-06 12:54:14 IST
DB_1141_12,4DM24CS017,Divya Subramaniam,PY,Python Programming,Python – Functions & Collections,8.9,10,89.0,18.1,2026-06-06 07:24:00.124086+00:00,High,2026-06-06 12:54:14 IST
DB_1141_27,4DM24CS017,Divya Subramaniam,AI,Artificial Intelligence & Machine Learning,AI – Model Evaluation & Neural Networks,7.8,10,78.0,17.2,2026-06-06 07:24:00.124086+00:00,High,2026-06-06 12:54:14 IST
DB_1141_34,4DM24CS017,Divya Subramaniam,WD,Web Development,WD – Backend & APIs,7.7,10,77.0,13.6,2026-06-06 07:24:00.124086+00:00,High,2026-06-06 12:54:14 IST
DB_1141_5,4DM24CS017,Divya Subramaniam,DSC,Data Science,Data Science Quiz,8.2,10,82.0,11.5,2026-06-06 07:24:00.124086+00:00,High,2026-06-06 12:54:14 IST
DB_1141_11,4DM24CS017,Divya Subramaniam,PY,Python Programming,Python – Basics & Control Flow,6.8,10,68.0,10.1,2026-06-06 07:24:00.124086+00:00,Medium,2026-06-06 12:54:14 IST
DB_1141_22,4DM24CS017,Divya Subramaniam,DSC,Data Science,DSC – Statistics & Visualization,9.7,10,97.0,10.3,2026-06-06 07:24:00.124086+00:00,High,2026-06-06 12:54:14 IST
DB_1141_3,4DM24CS017,Divya Subramaniam,WD,Web Development,Web Dev Basics Quiz,7.8,10,78.0,14.5,2026-06-06 07:24:00.124086+00:00,High,2026-06-06 12:54:14 IST
DB_1141_19,4DM24CS017,Divya Subramaniam,CN,Computer Networks,CN – IP Addressing & Subnetting,8.7,10,87.0,18.3,2026-06-06 07:24:00.124086+00:00,High,2026-06-06 12:54:14 IST
DB_1141_14,4DM24CS017,Divya Subramaniam,PY,Python Programming,Python – Advanced Topics,8.3,10,83.0,17.7,2026-06-06 07:24:00.124086+00:00,High,2026-06-06 12:54:14 IST
DB_1141_23,4DM24CS017,Divya Subramaniam,DSC,Data Science,DSC – EDA & Feature Engineering,9.1,10,91.0,17.8,2026-06-06 07:24:00.124086+00:00,High,2026-06-06 12:54:14 IST
DB_1141_29,4DM24CS017,Divya Subramaniam,DS,Data Structures,DS – Dynamic Programming,9.4,10,94.0,23.2,2026-06-06 07:24:00.124086+00:00,High,2026-06-06 12:54:14 IST
DB_1142_25,4DM24CS018,Ananya Venkatesh,AI,Artificial Intelligence & Machine Learning,AI – Regression & Classification,8.7,10,87.0,18.8,2026-06-06 07:24:00.124086+00:00,High,2026-06-06 12:54:15 IST
DB_1142_29,4DM24CS018,Ananya Venkatesh,DS,Data Structures,DS – Dynamic Programming,7.7,10,77.0,20.5,2026-06-06 07:24:00.124086+00:00,High,2026-06-06 12:54:15 IST
DB_1142_28,4DM24CS018,Ananya Venkatesh,DS,Data Structures,DS – Heaps & Priority Queues,7.7,10,77.0,18.4,2026-06-06 07:24:00.124086+00:00,High,2026-06-06 12:54:15 IST
DB_1142_48,4DM24CS018,Ananya Venkatesh,DSC,Data Science,Data Science Fundamentals Quiz,4.3,5,86.0,17.6,2026-06-06 07:24:00.124086+00:00,High,2026-06-06 12:54:15 IST
DB_1142_37,4DM24CS018,Ananya Venkatesh,CN,Computer Networks,CN – TCP/IP Deep Dive,9.3,10,93.0,23.3,2026-06-06 07:24:00.124086+00:00,High,2026-06-06 12:54:15 IST
DB_1142_18,4DM24CS018,Ananya Venkatesh,CN,Computer Networks,CN – OSI & TCP/IP Models,8.6,10,86.0,13.8,2026-06-06 07:24:00.124086+00:00,High,2026-06-06 12:54:15 IST
DB_1142_36,4DM24CS018,Ananya Venkatesh,WD,Web Development,WD – React & Modern Frontend,8.3,10,83.0,17.4,2026-06-06 07:24:00.124086+00:00,High,2026-06-06 12:54:14 IST
DB_1142_41,4DM24CS018,Ananya Venkatesh,DSC,Data Science,DSC – SQL & Data Querying,7.8,10,78.0,14.9,2026-06-06 07:24:00.124086+00:00,High,2026-06-06 12:54:15 IST
DB_1142_40,4DM24CS018,Ananya Venkatesh,DSC,Data Science,DSC – Feature Engineering & Pipelines,8.2,10,82.0,16.5,2026-06-06 07:24:00.124086+00:00,High,2026-06-06 12:54:15 IST
DB_1142_47,4DM24CS018,Ananya Venkatesh,CN,Computer Networks,Computer Networks Quiz,4.1,5,82.0,12.6,2026-06-06 07:24:00.124086+00:00,High,2026-06-06 12:54:15 IST
DB_1142_23,4DM24CS018,Ananya Venkatesh,DSC,Data Science,DSC – EDA & Feature Engineering,9.0,10,90.0,21.8,2026-06-06 07:24:00.124086+00:00,High,2026-06-06 12:54:15 IST
DB_1142_44,4DM24CS018,Ananya Venkatesh,AI,Artificial Intelligence & Machine Learning,AI – Advanced Training Techniques,8.4,10,84.0,17.8,2026-06-06 07:24:00.124086+00:00,High,2026-06-06 12:54:15 IST
DB_1142_1,4DM24CS018,Ananya Venkatesh,DS,Data Structures,Data Structures Quiz 1,8.0,10,80.0,12.4,2026-06-06 07:24:00.124086+00:00,High,2026-06-06 12:54:15 IST
DB_1142_6,4DM24CS018,Ananya Venkatesh,AI,Artificial Intelligence & Machine Learning,ML Basics Quiz,7.8,10,78.0,15.1,2026-06-06 07:24:00.124086+00:00,High,2026-06-06 12:54:15 IST
DB_1142_35,4DM24CS018,Ananya Venkatesh,WD,Web Development,WD – Authentication & Security,9.3,10,93.0,11.0,2026-06-06 07:24:00.124086+00:00,High,2026-06-06 12:54:15 IST
DB_1142_8,4DM24CS018,Ananya Venkatesh,DS,Data Structures,DS – Stacks & Queues,8.3,10,83.0,18.5,2026-06-06 07:24:00.124086+00:00,High,2026-06-06 12:54:15 IST
DB_1142_42,4DM24CS018,Ananya Venkatesh,DSC,Data Science,DSC – Big Data & Dashboards,9.7,10,97.0,14.7,2026-06-06 07:24:00.124086+00:00,High,2026-06-06 12:54:15 IST
DB_1142_15,4DM24CS018,Ananya Venkatesh,WD,Web Development,WD – HTML & CSS,8.4,10,84.0,18.4,2026-06-06 07:24:00.124086+00:00,High,2026-06-06 12:54:14 IST
DB_1142_13,4DM24CS018,Ananya Venkatesh,PY,Python Programming,Python – OOP Concepts,7.2,10,72.0,15.0,2026-06-06 07:24:00.124086+00:00,Medium,2026-06-06 12:54:15 IST
DB_1142_11,4DM24CS018,Ananya Venkatesh,PY,Python Programming,Python – Basics & Control Flow,8.8,10,88.0,15.8,2026-06-06 07:24:00.124086+00:00,High,2026-06-06 12:54:15 IST
DB_1142_39,4DM24CS018,Ananya Venkatesh,CN,Computer Networks,CN – Network Security & VPN,7.9,10,79.0,15.2,2026-06-06 07:24:00.124086+00:00,High,2026-06-06 12:54:15 IST
DB_1142_31,4DM24CS018,Ananya Venkatesh,PY,Python Programming,Python – Concurrency & Async,7.1,10,71.0,13.5,2026-06-06 07:24:00.124086+00:00,Medium,2026-06-06 12:54:15 IST
DB_1142_33,4DM24CS018,Ananya Venkatesh,PY,Python Programming,Python – Type Hints & Data Classes,8.3,10,83.0,11.0,2026-06-06 07:24:00.124086+00:00,High,2026-06-06 12:54:15 IST
DB_1142_2,4DM24CS018,Ananya Venkatesh,PY,Python Programming,Python Fundamentals Quiz,7.5,10,75.0,12.9,2026-06-06 07:24:00.124086+00:00,High,2026-06-06 12:54:14 IST
DB_1142_7,4DM24CS018,Ananya Venkatesh,DS,Data Structures,DS – Arrays & Linked Lists,8.5,10,85.0,12.2,2026-06-06 07:24:00.124086+00:00,High,2026-06-06 12:54:15 IST
DB_1142_14,4DM24CS018,Ananya Venkatesh,PY,Python Programming,Python – Advanced Topics,8.9,10,89.0,12.6,2026-06-06 07:24:00.124086+00:00,High,2026-06-06 12:54:15 IST
DB_1142_34,4DM24CS018,Ananya Venkatesh,WD,Web Development,WD – Backend & APIs,7.1,10,71.0,18.0,2026-06-06 07:24:00.124086+00:00,Medium,2026-06-06 12:54:15 IST
DB_1142_24,4DM24CS018,Ananya Venkatesh,AI,Artificial Intelligence & Machine Learning,AI – ML Fundamentals,8.2,10,82.0,16.1,2026-06-06 07:24:00.124086+00:00,High,2026-06-06 12:54:15 IST
DB_1142_17,4DM24CS018,Ananya Venkatesh,WD,Web Development,WD – Bootstrap & Responsive Design,7.8,10,78.0,12.3,2026-06-06 07:24:00.124086+00:00,High,2026-06-06 12:54:15 IST
DB_1142_46,4DM24CS018,Ananya Venkatesh,WD,Web Development,Web Development Basics Quiz,3.7,5,74.0,14.8,2026-06-06 07:24:00.124086+00:00,Medium,2026-06-06 12:54:15 IST
DB_1142_30,4DM24CS018,Ananya Venkatesh,DS,Data Structures,DS – Graph Algorithms,8.7,10,87.0,20.8,2026-06-06 07:24:00.124086+00:00,High,2026-06-06 12:54:15 IST
DB_1142_5,4DM24CS018,Ananya Venkatesh,DSC,Data Science,Data Science Quiz,8.6,10,86.0,16.7,2026-06-06 07:24:00.124086+00:00,High,2026-06-06 12:54:15 IST
DB_1142_38,4DM24CS018,Ananya Venkatesh,CN,Computer Networks,CN – IPv6 & NAT,7.6,10,76.0,15.5,2026-06-06 07:24:00.124086+00:00,High,2026-06-06 12:54:14 IST
DB_1142_4,4DM24CS018,Ananya Venkatesh,CN,Computer Networks,Networking Concepts Quiz,7.7,10,77.0,15.8,2026-06-06 07:24:00.124086+00:00,High,2026-06-06 12:54:15 IST
DB_1142_12,4DM24CS018,Ananya Venkatesh,PY,Python Programming,Python – Functions & Collections,8.8,10,88.0,16.0,2026-06-06 07:24:00.124086+00:00,High,2026-06-06 12:54:14 IST
DB_1142_20,4DM24CS018,Ananya Venkatesh,CN,Computer Networks,CN – Routing & Protocols,9.4,10,94.0,10.0,2026-06-06 07:24:00.124086+00:00,High,2026-06-06 12:54:15 IST
DB_1142_3,4DM24CS018,Ananya Venkatesh,WD,Web Development,Web Dev Basics Quiz,7.5,10,75.0,17.4,2026-06-06 07:24:00.124086+00:00,High,2026-06-06 12:54:15 IST
DB_1142_22,4DM24CS018,Ananya Venkatesh,DSC,Data Science,DSC – Statistics & Visualization,7.9,10,79.0,15.9,2026-06-06 07:24:00.124086+00:00,High,2026-06-06 12:54:15 IST
DB_1142_9,4DM24CS018,Ananya Venkatesh,DS,Data Structures,DS – Trees & Graphs,8.4,10,84.0,13.2,2026-06-06 07:24:00.124086+00:00,High,2026-06-06 12:54:15 IST
DB_1142_26,4DM24CS018,Ananya Venkatesh,AI,Artificial Intelligence & Machine Learning,AI – Decision Trees & Clustering,8.4,10,84.0,15.8,2026-06-06 07:24:00.124086+00:00,High,2026-06-06 12:54:15 IST
DB_1142_27,4DM24CS018,Ananya Venkatesh,AI,Artificial Intelligence & Machine Learning,AI – Model Evaluation & Neural Networks,8.2,10,82.0,23.6,2026-06-06 07:24:00.124086+00:00,High,2026-06-06 12:54:15 IST
DB_1142_21,4DM24CS018,Ananya Venkatesh,DSC,Data Science,DSC – NumPy & Pandas,8.6,10,86.0,17.9,2026-06-06 07:24:00.124086+00:00,High,2026-06-06 12:54:15 IST
DB_1142_16,4DM24CS018,Ananya Venkatesh,WD,Web Development,WD – JavaScript,9.4,10,94.0,11.0,2026-06-06 07:24:00.124086+00:00,High,2026-06-06 12:54:15 IST
DB_1142_32,4DM24CS018,Ananya Venkatesh,PY,Python Programming,Python – Testing & Best Practices,8.7,10,87.0,18.5,2026-06-06 07:24:00.124086+00:00,High,2026-06-06 12:54:15 IST
DB_1142_19,4DM24CS018,Ananya Venkatesh,CN,Computer Networks,CN – IP Addressing & Subnetting,8.3,10,83.0,17.9,2026-06-06 07:24:00.124086+00:00,High,2026-06-06 12:54:15 IST
DB_1142_45,4DM24CS018,Ananya Venkatesh,AI,Artificial Intelligence & Machine Learning,AI – Model Deployment & XAI,8.1,10,81.0,18.0,2026-06-06 07:24:00.124086+00:00,High,2026-06-06 12:54:15 IST
DB_1142_10,4DM24CS018,Ananya Venkatesh,DS,Data Structures,DS – Sorting & Hashing,8.2,10,82.0,13.5,2026-06-06 07:24:00.124086+00:00,High,2026-06-06 12:54:15 IST
DB_1142_43,4DM24CS018,Ananya Venkatesh,AI,Artificial Intelligence & Machine Learning,AI – Deep Learning Architectures,8.6,10,86.0,16.9,2026-06-06 07:24:00.124086+00:00,High,2026-06-06 12:54:15 IST
DB_1126_30,4DM24CS002,Karthik Reddy,DS,Data Structures,DS – Graph Algorithms,7.4,10,74.0,17.4,2026-06-06 07:24:00.122508+00:00,Medium,2026-06-06 12:54:03 IST
DB_1126_20,4DM24CS002,Karthik Reddy,CN,Computer Networks,CN – Routing & Protocols,5.0,10,50.0,14.0,2026-06-06 07:24:00.122508+00:00,Medium,2026-06-06 12:54:04 IST
DB_1126_38,4DM24CS002,Karthik Reddy,CN,Computer Networks,CN – IPv6 & NAT,7.1,10,71.0,10.3,2026-06-06 07:24:00.122508+00:00,Medium,2026-06-06 12:54:04 IST
DB_1126_7,4DM24CS002,Karthik Reddy,DS,Data Structures,DS – Arrays & Linked Lists,5.2,10,52.0,13.9,2026-06-06 07:24:00.122508+00:00,Medium,2026-06-06 12:54:04 IST
DB_1128_29,4DM24CS004,Vikram Patel,DS,Data Structures,DS – Dynamic Programming,6.2,10,62.0,21.9,2026-06-06 07:24:00.122508+00:00,Medium,2026-06-06 12:54:05 IST
DB_1128_14,4DM24CS004,Vikram Patel,PY,Python Programming,Python – Advanced Topics,7.6,10,76.0,19.3,2026-06-06 07:24:00.122508+00:00,High,2026-06-06 12:54:05 IST
DB_1128_36,4DM24CS004,Vikram Patel,WD,Web Development,WD – React & Modern Frontend,6.4,10,64.0,18.6,2026-06-06 07:24:00.122508+00:00,Medium,2026-06-06 12:54:05 IST
DB_1128_9,4DM24CS004,Vikram Patel,DS,Data Structures,DS – Trees & Graphs,6.4,10,64.0,18.1,2026-06-06 07:24:00.122508+00:00,Medium,2026-06-06 12:54:05 IST
DB_1128_28,4DM24CS004,Vikram Patel,DS,Data Structures,DS – Heaps & Priority Queues,7.1,10,71.0,13.3,2026-06-06 07:24:00.122508+00:00,Medium,2026-06-06 12:54:05 IST
DB_1128_40,4DM24CS004,Vikram Patel,DSC,Data Science,DSC – Feature Engineering & Pipelines,7.2,10,72.0,22.5,2026-06-06 07:24:00.122508+00:00,Medium,2026-06-06 12:54:05 IST
DB_1128_21,4DM24CS004,Vikram Patel,DSC,Data Science,DSC – NumPy & Pandas,5.8,10,58.0,17.5,2026-06-06 07:24:00.122508+00:00,Medium,2026-06-06 12:54:05 IST
DB_1130_5,4DM24CS006,Nikhil Joshi,DSC,Data Science,Data Science Quiz,4.1,10,41.0,15.3,2026-06-06 07:24:00.124086+00:00,Low,2026-06-06 12:54:06 IST
DB_1130_48,4DM24CS006,Nikhil Joshi,DSC,Data Science,Data Science Fundamentals Quiz,2.0,5,40.0,17.3,2026-06-06 07:24:00.124086+00:00,Low,2026-06-06 12:54:06 IST
DB_1130_25,4DM24CS006,Nikhil Joshi,AI,Artificial Intelligence & Machine Learning,AI – Regression & Classification,5.3,10,53.0,17.3,2026-06-06 07:24:00.124086+00:00,Medium,2026-06-06 12:54:06 IST
DB_1130_9,4DM24CS006,Nikhil Joshi,DS,Data Structures,DS – Trees & Graphs,4.5,10,45.0,10.4,2026-06-06 07:24:00.124086+00:00,Low,2026-06-06 12:54:06 IST
DB_1130_26,4DM24CS006,Nikhil Joshi,AI,Artificial Intelligence & Machine Learning,AI – Decision Trees & Clustering,5.1,10,51.0,15.5,2026-06-06 07:24:00.124086+00:00,Medium,2026-06-06 12:54:07 IST
DB_1130_40,4DM24CS006,Nikhil Joshi,DSC,Data Science,DSC – Feature Engineering & Pipelines,4.4,10,44.0,15.9,2026-06-06 07:24:00.124086+00:00,Low,2026-06-06 12:54:07 IST
DB_1130_41,4DM24CS006,Nikhil Joshi,DSC,Data Science,DSC – SQL & Data Querying,5.8,10,58.0,16.3,2026-06-06 07:24:00.124086+00:00,Medium,2026-06-06 12:54:07 IST
DB_1130_18,4DM24CS006,Nikhil Joshi,CN,Computer Networks,CN – OSI & TCP/IP Models,5.3,10,53.0,10.9,2026-06-06 07:24:00.124086+00:00,Medium,2026-06-06 12:54:07 IST
DB_1130_7,4DM24CS006,Nikhil Joshi,DS,Data Structures,DS – Arrays & Linked Lists,7.2,10,72.0,13.7,2026-06-06 07:24:00.124086+00:00,Medium,2026-06-06 12:54:07 IST
DB_1130_46,4DM24CS006,Nikhil Joshi,WD,Web Development,Web Development Basics Quiz,2.8,5,56.0,11.0,2026-06-06 07:24:00.124086+00:00,Medium,2026-06-06 12:54:07 IST
DB_1132_33,4DM24CS008,Rahul Desai,PY,Python Programming,Python – Type Hints & Data Classes,6.5,10,65.0,12.4,2026-06-06 07:24:00.124086+00:00,Medium,2026-06-06 12:54:08 IST
DB_1132_39,4DM24CS008,Rahul Desai,CN,Computer Networks,CN – Network Security & VPN,7.0,10,70.0,15.3,2026-06-06 07:24:00.124086+00:00,Medium,2026-06-06 12:54:08 IST
DB_1132_15,4DM24CS008,Rahul Desai,WD,Web Development,WD – HTML & CSS,7.3,10,73.0,16.2,2026-06-06 07:24:00.124086+00:00,Medium,2026-06-06 12:54:08 IST
DB_1132_13,4DM24CS008,Rahul Desai,PY,Python Programming,Python – OOP Concepts,7.7,10,77.0,11.5,2026-06-06 07:24:00.124086+00:00,High,2026-06-06 12:54:08 IST
DB_1132_14,4DM24CS008,Rahul Desai,PY,Python Programming,Python – Advanced Topics,7.8,10,78.0,19.9,2026-06-06 07:24:00.124086+00:00,High,2026-06-06 12:54:08 IST
DB_1132_46,4DM24CS008,Rahul Desai,WD,Web Development,Web Development Basics Quiz,3.5,5,70.0,17.3,2026-06-06 07:24:00.124086+00:00,Medium,2026-06-06 12:54:08 IST
DB_1132_5,4DM24CS008,Rahul Desai,DSC,Data Science,Data Science Quiz,7.3,10,73.0,11.9,2026-06-06 07:24:00.124086+00:00,Medium,2026-06-06 12:54:08 IST
DB_1134_43,4DM24CS010,Pranav Hegde,AI,Artificial Intelligence & Machine Learning,AI – Deep Learning Architectures,7.2,10,72.0,13.1,2026-06-06 07:24:00.124086+00:00,Medium,2026-06-06 12:54:09 IST
DB_1134_4,4DM24CS010,Pranav Hegde,CN,Computer Networks,Networking Concepts Quiz,5.0,10,50.0,18.0,2026-06-06 07:24:00.124086+00:00,Medium,2026-06-06 12:54:09 IST
DB_1134_21,4DM24CS010,Pranav Hegde,DSC,Data Science,DSC – NumPy & Pandas,7.1,10,71.0,13.9,2026-06-06 07:24:00.124086+00:00,Medium,2026-06-06 12:54:09 IST
DB_1134_32,4DM24CS010,Pranav Hegde,PY,Python Programming,Python – Testing & Best Practices,5.2,10,52.0,14.2,2026-06-06 07:24:00.124086+00:00,Medium,2026-06-06 12:54:09 IST
DB_1134_37,4DM24CS010,Pranav Hegde,CN,Computer Networks,CN – TCP/IP Deep Dive,6.4,10,64.0,22.5,2026-06-06 07:24:00.124086+00:00,Medium,2026-06-06 12:54:09 IST
DB_1134_17,4DM24CS010,Pranav Hegde,WD,Web Development,WD – Bootstrap & Responsive Design,5.7,10,57.0,14.1,2026-06-06 07:24:00.124086+00:00,Medium,2026-06-06 12:54:09 IST
DB_1134_14,4DM24CS010,Pranav Hegde,PY,Python Programming,Python – Advanced Topics,6.0,10,60.0,17.8,2026-06-06 07:24:00.124086+00:00,Medium,2026-06-06 12:54:10 IST
DB_1137_27,4DM24CS013,Akash Pillai,AI,Artificial Intelligence & Machine Learning,AI – Model Evaluation & Neural Networks,2.7,10,27.0,13.6,2026-06-06 07:24:00.124086+00:00,At-Risk,2026-06-06 12:54:11 IST
DB_1137_7,4DM24CS013,Akash Pillai,DS,Data Structures,DS – Arrays & Linked Lists,3.2,10,32.0,15.5,2026-06-06 07:24:00.124086+00:00,At-Risk,2026-06-06 12:54:11 IST
DB_1137_10,4DM24CS013,Akash Pillai,DS,Data Structures,DS – Sorting & Hashing,4.0,10,40.0,19.7,2026-06-06 07:24:00.124086+00:00,Low,2026-06-06 12:54:11 IST
DB_1137_12,4DM24CS013,Akash Pillai,PY,Python Programming,Python – Functions & Collections,2.0,10,20.0,14.7,2026-06-06 07:24:00.124086+00:00,At-Risk,2026-06-06 12:54:11 IST
DB_1137_22,4DM24CS013,Akash Pillai,DSC,Data Science,DSC – Statistics & Visualization,2.1,10,21.0,17.7,2026-06-06 07:24:00.124086+00:00,At-Risk,2026-06-06 12:54:11 IST
DB_1137_6,4DM24CS013,Akash Pillai,AI,Artificial Intelligence & Machine Learning,ML Basics Quiz,2.9,10,29.0,12.3,2026-06-06 07:24:00.124086+00:00,At-Risk,2026-06-06 12:54:11 IST
DB_1137_3,4DM24CS013,Akash Pillai,WD,Web Development,Web Dev Basics Quiz,2.2,10,22.0,15.3,2026-06-06 07:24:00.124086+00:00,At-Risk,2026-06-06 12:54:11 IST
DB_1137_43,4DM24CS013,Akash Pillai,AI,Artificial Intelligence & Machine Learning,AI – Deep Learning Architectures,1.8,10,18.0,14.3,2026-06-06 07:24:00.124086+00:00,At-Risk,2026-06-06 12:54:11 IST
DB_1137_25,4DM24CS013,Akash Pillai,AI,Artificial Intelligence & Machine Learning,AI – Regression & Classification,1.4,10,14.0,14.4,2026-06-06 07:24:00.124086+00:00,At-Risk,2026-06-06 12:54:12 IST
DB_1137_37,4DM24CS013,Akash Pillai,CN,Computer Networks,CN – TCP/IP Deep Dive,2.9,10,29.0,13.4,2026-06-06 07:24:00.124086+00:00,At-Risk,2026-06-06 12:54:12 IST
DB_1138_16,4DM24CS014,Harsha Gowda,WD,Web Development,WD – JavaScript,6.7,10,67.0,18.7,2026-06-06 07:24:00.124086+00:00,Medium,2026-06-06 12:54:12 IST
DB_1138_23,4DM24CS014,Harsha Gowda,DSC,Data Science,DSC – EDA & Feature Engineering,7.3,10,73.0,16.7,2026-06-06 07:24:00.124086+00:00,Medium,2026-06-06 12:54:12 IST
DB_1138_19,4DM24CS014,Harsha Gowda,CN,Computer Networks,CN – IP Addressing & Subnetting,6.4,10,64.0,18.7,2026-06-06 07:24:00.124086+00:00,Medium,2026-06-06 12:54:12 IST
DB_1138_21,4DM24CS014,Harsha Gowda,DSC,Data Science,DSC – NumPy & Pandas,7.7,10,77.0,17.1,2026-06-06 07:24:00.124086+00:00,High,2026-06-06 12:54:12 IST
DB_1138_2,4DM24CS014,Harsha Gowda,PY,Python Programming,Python Fundamentals Quiz,2.9,10,29.0,9.5,2026-06-06 07:24:00.124086+00:00,At-Risk,2026-06-06 12:54:12 IST
DB_1143_20,4DM24CS019,Shreya Narayanan,CN,Computer Networks,CN – Routing & Protocols,5.2,10,52.0,12.6,2026-06-06 07:24:00.124086+00:00,Medium,2026-06-06 12:54:15 IST
DB_1143_7,4DM24CS019,Shreya Narayanan,DS,Data Structures,DS – Arrays & Linked Lists,5.6,10,56.0,11.0,2026-06-06 07:24:00.124086+00:00,Medium,2026-06-06 12:54:15 IST
DB_1143_14,4DM24CS019,Shreya Narayanan,PY,Python Programming,Python – Advanced Topics,7.0,10,70.0,16.5,2026-06-06 07:24:00.124086+00:00,Medium,2026-06-06 12:54:15 IST
DB_1143_43,4DM24CS019,Shreya Narayanan,AI,Artificial Intelligence & Machine Learning,AI – Deep Learning Architectures,6.7,10,67.0,12.5,2026-06-06 07:24:00.124086+00:00,Medium,2026-06-06 12:54:15 IST
DB_1143_2,4DM24CS019,Shreya Narayanan,PY,Python Programming,Python Fundamentals Quiz,6.6,10,66.0,8.0,2026-06-06 07:24:00.124086+00:00,Medium,2026-06-06 12:54:15 IST
DB_1143_26,4DM24CS019,Shreya Narayanan,AI,Artificial Intelligence & Machine Learning,AI – Decision Trees & Clustering,7.1,10,71.0,16.6,2026-06-06 07:24:00.124086+00:00,Medium,2026-06-06 12:54:15 IST
DB_1143_18,4DM24CS019,Shreya Narayanan,CN,Computer Networks,CN – OSI & TCP/IP Models,6.1,10,61.0,11.1,2026-06-06 07:24:00.124086+00:00,Medium,2026-06-06 12:54:15 IST
DB_1143_13,4DM24CS019,Shreya Narayanan,PY,Python Programming,Python – OOP Concepts,5.7,10,57.0,10.7,2026-06-06 07:24:00.124086+00:00,Medium,2026-06-06 12:54:15 IST
DB_1143_6,4DM24CS019,Shreya Narayanan,AI,Artificial Intelligence & Machine Learning,ML Basics Quiz,6.2,10,62.0,11.8,2026-06-06 07:24:00.124086+00:00,Medium,2026-06-06 12:54:15 IST
DB_1143_9,4DM24CS019,Shreya Narayanan,DS,Data Structures,DS – Trees & Graphs,6.9,10,69.0,13.0,2026-06-06 07:24:00.124086+00:00,Medium,2026-06-06 12:54:15 IST
DB_1143_47,4DM24CS019,Shreya Narayanan,CN,Computer Networks,Computer Networks Quiz,2.8,5,56.0,15.1,2026-06-06 07:24:00.124086+00:00,Medium,2026-06-06 12:54:15 IST
DB_1143_24,4DM24CS019,Shreya Narayanan,AI,Artificial Intelligence & Machine Learning,AI – ML Fundamentals,7.1,10,71.0,15.9,2026-06-06 07:24:00.124086+00:00,Medium,2026-06-06 12:54:15 IST
DB_1143_33,4DM24CS019,Shreya Narayanan,PY,Python Programming,Python – Type Hints & Data Classes,5.9,10,59.0,10.5,2026-06-06 07:24:00.124086+00:00,Medium,2026-06-06 12:54:15 IST
DB_1143_45,4DM24CS019,Shreya Narayanan,AI,Artificial Intelligence & Machine Learning,AI – Model Deployment & XAI,5.6,10,56.0,13.2,2026-06-06 07:24:00.124086+00:00,Medium,2026-06-06 12:54:15 IST
DB_1143_39,4DM24CS019,Shreya Narayanan,CN,Computer Networks,CN – Network Security & VPN,7.5,10,75.0,15.5,2026-06-06 07:24:00.124086+00:00,High,2026-06-06 12:54:16 IST
DB_1143_15,4DM24CS019,Shreya Narayanan,WD,Web Development,WD – HTML & CSS,7.4,10,74.0,13.6,2026-06-06 07:24:00.124086+00:00,Medium,2026-06-06 12:54:16 IST
DB_1143_11,4DM24CS019,Shreya Narayanan,PY,Python Programming,Python – Basics & Control Flow,5.7,10,57.0,12.6,2026-06-06 07:24:00.124086+00:00,Medium,2026-06-06 12:54:16 IST
DB_1143_35,4DM24CS019,Shreya Narayanan,WD,Web Development,WD – Authentication & Security,5.3,10,53.0,18.5,2026-06-06 07:24:00.124086+00:00,Medium,2026-06-06 12:54:16 IST
DB_1143_28,4DM24CS019,Shreya Narayanan,DS,Data Structures,DS – Heaps & Priority Queues,5.0,10,50.0,14.7,2026-06-06 07:24:00.124086+00:00,Medium,2026-06-06 12:54:16 IST
DB_1143_19,4DM24CS019,Shreya Narayanan,CN,Computer Networks,CN – IP Addressing & Subnetting,6.0,10,60.0,23.4,2026-06-06 07:24:00.124086+00:00,Medium,2026-06-06 12:54:16 IST
DB_1143_8,4DM24CS019,Shreya Narayanan,DS,Data Structures,DS – Stacks & Queues,8.6,10,86.0,15.8,2026-06-06 07:24:00.124086+00:00,High,2026-06-06 12:54:16 IST
DB_1143_22,4DM24CS019,Shreya Narayanan,DSC,Data Science,DSC – Statistics & Visualization,5.8,10,58.0,16.3,2026-06-06 07:24:00.124086+00:00,Medium,2026-06-06 12:54:16 IST
DB_1143_40,4DM24CS019,Shreya Narayanan,DSC,Data Science,DSC – Feature Engineering & Pipelines,6.4,10,64.0,15.1,2026-06-06 07:24:00.124086+00:00,Medium,2026-06-06 12:54:16 IST
DB_1143_38,4DM24CS019,Shreya Narayanan,CN,Computer Networks,CN – IPv6 & NAT,6.5,10,65.0,17.7,2026-06-06 07:24:00.124086+00:00,Medium,2026-06-06 12:54:16 IST
DB_1143_48,4DM24CS019,Shreya Narayanan,DSC,Data Science,Data Science Fundamentals Quiz,4.1,5,82.0,13.2,2026-06-06 07:24:00.124086+00:00,High,2026-06-06 12:54:16 IST
DB_1143_12,4DM24CS019,Shreya Narayanan,PY,Python Programming,Python – Functions & Collections,7.2,10,72.0,14.3,2026-06-06 07:24:00.124086+00:00,Medium,2026-06-06 12:54:16 IST
DB_1143_5,4DM24CS019,Shreya Narayanan,DSC,Data Science,Data Science Quiz,4.1,10,41.0,12.2,2026-06-06 07:24:00.124086+00:00,Low,2026-06-06 12:54:16 IST
DB_1143_32,4DM24CS019,Shreya Narayanan,PY,Python Programming,Python – Testing & Best Practices,7.2,10,72.0,18.5,2026-06-06 07:24:00.124086+00:00,Medium,2026-06-06 12:54:16 IST
DB_1143_27,4DM24CS019,Shreya Narayanan,AI,Artificial Intelligence & Machine Learning,AI – Model Evaluation & Neural Networks,6.2,10,62.0,16.5,2026-06-06 07:24:00.124086+00:00,Medium,2026-06-06 12:54:16 IST
DB_1143_25,4DM24CS019,Shreya Narayanan,AI,Artificial Intelligence & Machine Learning,AI – Regression & Classification,6.3,10,63.0,11.4,2026-06-06 07:24:00.124086+00:00,Medium,2026-06-06 12:54:16 IST
DB_1143_34,4DM24CS019,Shreya Narayanan,WD,Web Development,WD – Backend & APIs,4.9,10,49.0,11.0,2026-06-06 07:24:00.124086+00:00,Low,2026-06-06 12:54:16 IST
DB_1143_30,4DM24CS019,Shreya Narayanan,DS,Data Structures,DS – Graph Algorithms,5.4,10,54.0,14.8,2026-06-06 07:24:00.124086+00:00,Medium,2026-06-06 12:54:16 IST
DB_1143_37,4DM24CS019,Shreya Narayanan,CN,Computer Networks,CN – TCP/IP Deep Dive,6.1,10,61.0,20.2,2026-06-06 07:24:00.124086+00:00,Medium,2026-06-06 12:54:16 IST
DB_1143_29,4DM24CS019,Shreya Narayanan,DS,Data Structures,DS – Dynamic Programming,5.3,10,53.0,22.3,2026-06-06 07:24:00.124086+00:00,Medium,2026-06-06 12:54:16 IST
DB_1143_3,4DM24CS019,Shreya Narayanan,WD,Web Development,Web Dev Basics Quiz,6.3,10,63.0,11.7,2026-06-06 07:24:00.124086+00:00,Medium,2026-06-06 12:54:16 IST
DB_1143_1,4DM24CS019,Shreya Narayanan,DS,Data Structures,Data Structures Quiz 1,5.6,10,56.0,17.3,2026-06-06 07:24:00.124086+00:00,Medium,2026-06-06 12:54:16 IST
DB_1143_17,4DM24CS019,Shreya Narayanan,WD,Web Development,WD – Bootstrap & Responsive Design,6.6,10,66.0,12.2,2026-06-06 07:24:00.124086+00:00,Medium,2026-06-06 12:54:16 IST
DB_1143_36,4DM24CS019,Shreya Narayanan,WD,Web Development,WD – React & Modern Frontend,6.9,10,69.0,13.3,2026-06-06 07:24:00.124086+00:00,Medium,2026-06-06 12:54:16 IST
DB_1143_23,4DM24CS019,Shreya Narayanan,DSC,Data Science,DSC – EDA & Feature Engineering,6.9,10,69.0,14.4,2026-06-06 07:24:00.124086+00:00,Medium,2026-06-06 12:54:16 IST
DB_1143_10,4DM24CS019,Shreya Narayanan,DS,Data Structures,DS – Sorting & Hashing,7.2,10,72.0,12.5,2026-06-06 07:24:00.124086+00:00,Medium,2026-06-06 12:54:16 IST
DB_1143_41,4DM24CS019,Shreya Narayanan,DSC,Data Science,DSC – SQL & Data Querying,5.9,10,59.0,12.3,2026-06-06 07:24:00.124086+00:00,Medium,2026-06-06 12:54:16 IST
DB_1144_2,4DM24CS020,Meghna Chatterjee,PY,Python Programming,Python Fundamentals Quiz,5.1,10,51.0,14.1,2026-06-06 07:24:00.124086+00:00,Medium,2026-06-06 12:54:16 IST
DB_1144_25,4DM24CS020,Meghna Chatterjee,AI,Artificial Intelligence & Machine Learning,AI – Regression & Classification,8.4,10,84.0,15.2,2026-06-06 07:24:00.124086+00:00,High,2026-06-06 12:54:16 IST
DB_1144_13,4DM24CS020,Meghna Chatterjee,PY,Python Programming,Python – OOP Concepts,6.0,10,60.0,15.0,2026-06-06 07:24:00.124086+00:00,Medium,2026-06-06 12:54:16 IST
DB_1144_24,4DM24CS020,Meghna Chatterjee,AI,Artificial Intelligence & Machine Learning,AI – ML Fundamentals,5.7,10,57.0,15.3,2026-06-06 07:24:00.124086+00:00,Medium,2026-06-06 12:54:16 IST
DB_1144_40,4DM24CS020,Meghna Chatterjee,DSC,Data Science,DSC – Feature Engineering & Pipelines,8.7,10,87.0,12.6,2026-06-06 07:24:00.124086+00:00,High,2026-06-06 12:54:16 IST
DB_1144_16,4DM24CS020,Meghna Chatterjee,WD,Web Development,WD – JavaScript,7.4,10,74.0,11.5,2026-06-06 07:24:00.124086+00:00,Medium,2026-06-06 12:54:16 IST
DB_1144_1,4DM24CS020,Meghna Chatterjee,DS,Data Structures,Data Structures Quiz 1,7.9,10,79.0,10.1,2026-06-06 07:24:00.124086+00:00,High,2026-06-06 12:54:16 IST
DB_1144_45,4DM24CS020,Meghna Chatterjee,AI,Artificial Intelligence & Machine Learning,AI – Model Deployment & XAI,7.0,10,70.0,14.3,2026-06-06 07:24:00.124086+00:00,Medium,2026-06-06 12:54:16 IST
DB_1144_46,4DM24CS020,Meghna Chatterjee,WD,Web Development,Web Development Basics Quiz,3.4,5,68.0,17.0,2026-06-06 07:24:00.124086+00:00,Medium,2026-06-06 12:54:16 IST
DB_1144_22,4DM24CS020,Meghna Chatterjee,DSC,Data Science,DSC – Statistics & Visualization,6.9,10,69.0,16.8,2026-06-06 07:24:00.124086+00:00,Medium,2026-06-06 12:54:16 IST
DB_1144_31,4DM24CS020,Meghna Chatterjee,PY,Python Programming,Python – Concurrency & Async,5.9,10,59.0,15.0,2026-06-06 07:24:00.124086+00:00,Medium,2026-06-06 12:54:16 IST
DB_1144_18,4DM24CS020,Meghna Chatterjee,CN,Computer Networks,CN – OSI & TCP/IP Models,6.3,10,63.0,12.4,2026-06-06 07:24:00.124086+00:00,Medium,2026-06-06 12:54:16 IST
DB_1144_32,4DM24CS020,Meghna Chatterjee,PY,Python Programming,Python – Testing & Best Practices,5.5,10,55.0,10.7,2026-06-06 07:24:00.124086+00:00,Medium,2026-06-06 12:54:16 IST
DB_1144_23,4DM24CS020,Meghna Chatterjee,DSC,Data Science,DSC – EDA & Feature Engineering,4.7,10,47.0,15.2,2026-06-06 07:24:00.124086+00:00,Low,2026-06-06 12:54:16 IST
DB_1144_38,4DM24CS020,Meghna Chatterjee,CN,Computer Networks,CN – IPv6 & NAT,7.0,10,70.0,10.6,2026-06-06 07:24:00.124086+00:00,Medium,2026-06-06 12:54:16 IST
DB_1144_44,4DM24CS020,Meghna Chatterjee,AI,Artificial Intelligence & Machine Learning,AI – Advanced Training Techniques,7.4,10,74.0,16.8,2026-06-06 07:24:00.124086+00:00,Medium,2026-06-06 12:54:16 IST
DB_1144_5,4DM24CS020,Meghna Chatterjee,DSC,Data Science,Data Science Quiz,5.7,10,57.0,10.2,2026-06-06 07:24:00.124086+00:00,Medium,2026-06-06 12:54:16 IST
DB_1144_35,4DM24CS020,Meghna Chatterjee,WD,Web Development,WD – Authentication & Security,8.6,10,86.0,11.1,2026-06-06 07:24:00.124086+00:00,High,2026-06-06 12:54:16 IST
DB_1144_8,4DM24CS020,Meghna Chatterjee,DS,Data Structures,DS – Stacks & Queues,6.3,10,63.0,11.5,2026-06-06 07:24:00.124086+00:00,Medium,2026-06-06 12:54:16 IST
DB_1144_29,4DM24CS020,Meghna Chatterjee,DS,Data Structures,DS – Dynamic Programming,5.9,10,59.0,14.0,2026-06-06 07:24:00.124086+00:00,Medium,2026-06-06 12:54:16 IST
DB_1144_41,4DM24CS020,Meghna Chatterjee,DSC,Data Science,DSC – SQL & Data Querying,8.3,10,83.0,13.9,2026-06-06 07:24:00.124086+00:00,High,2026-06-06 12:54:16 IST
DB_1144_37,4DM24CS020,Meghna Chatterjee,CN,Computer Networks,CN – TCP/IP Deep Dive,6.5,10,65.0,20.7,2026-06-06 07:24:00.124086+00:00,Medium,2026-06-06 12:54:16 IST
DB_1144_34,4DM24CS020,Meghna Chatterjee,WD,Web Development,WD – Backend & APIs,5.4,10,54.0,13.7,2026-06-06 07:24:00.124086+00:00,Medium,2026-06-06 12:54:17 IST
DB_1144_9,4DM24CS020,Meghna Chatterjee,DS,Data Structures,DS – Trees & Graphs,7.2,10,72.0,15.3,2026-06-06 07:24:00.124086+00:00,Medium,2026-06-06 12:54:17 IST
DB_1144_12,4DM24CS020,Meghna Chatterjee,PY,Python Programming,Python – Functions & Collections,6.2,10,62.0,13.9,2026-06-06 07:24:00.124086+00:00,Medium,2026-06-06 12:54:17 IST
DB_1144_27,4DM24CS020,Meghna Chatterjee,AI,Artificial Intelligence & Machine Learning,AI – Model Evaluation & Neural Networks,8.9,10,89.0,13.7,2026-06-06 07:24:00.124086+00:00,High,2026-06-06 12:54:17 IST
DB_1144_48,4DM24CS020,Meghna Chatterjee,DSC,Data Science,Data Science Fundamentals Quiz,3.1,5,62.0,12.8,2026-06-06 07:24:00.124086+00:00,Medium,2026-06-06 12:54:17 IST
DB_1144_10,4DM24CS020,Meghna Chatterjee,DS,Data Structures,DS – Sorting & Hashing,7.0,10,70.0,18.1,2026-06-06 07:24:00.124086+00:00,Medium,2026-06-06 12:54:17 IST
DB_1144_14,4DM24CS020,Meghna Chatterjee,PY,Python Programming,Python – Advanced Topics,5.7,10,57.0,22.1,2026-06-06 07:24:00.124086+00:00,Medium,2026-06-06 12:54:17 IST
DB_1144_26,4DM24CS020,Meghna Chatterjee,AI,Artificial Intelligence & Machine Learning,AI – Decision Trees & Clustering,4.8,10,48.0,12.6,2026-06-06 07:24:00.124086+00:00,Low,2026-06-06 12:54:17 IST
DB_1144_20,4DM24CS020,Meghna Chatterjee,CN,Computer Networks,CN – Routing & Protocols,7.2,10,72.0,13.2,2026-06-06 07:24:00.124086+00:00,Medium,2026-06-06 12:54:17 IST
DB_1144_7,4DM24CS020,Meghna Chatterjee,DS,Data Structures,DS – Arrays & Linked Lists,6.4,10,64.0,11.5,2026-06-06 07:24:00.124086+00:00,Medium,2026-06-06 12:54:17 IST
DB_1144_28,4DM24CS020,Meghna Chatterjee,DS,Data Structures,DS – Heaps & Priority Queues,6.6,10,66.0,17.1,2026-06-06 07:24:00.124086+00:00,Medium,2026-06-06 12:54:17 IST
DB_1144_42,4DM24CS020,Meghna Chatterjee,DSC,Data Science,DSC – Big Data & Dashboards,5.8,10,58.0,13.4,2026-06-06 07:24:00.124086+00:00,Medium,2026-06-06 12:54:17 IST
DB_1144_39,4DM24CS020,Meghna Chatterjee,CN,Computer Networks,CN – Network Security & VPN,5.4,10,54.0,14.2,2026-06-06 07:24:00.124086+00:00,Medium,2026-06-06 12:54:17 IST
DB_1144_47,4DM24CS020,Meghna Chatterjee,CN,Computer Networks,Computer Networks Quiz,2.8,5,56.0,10.6,2026-06-06 07:24:00.124086+00:00,Medium,2026-06-06 12:54:17 IST
DB_1144_30,4DM24CS020,Meghna Chatterjee,DS,Data Structures,DS – Graph Algorithms,5.9,10,59.0,22.1,2026-06-06 07:24:00.124086+00:00,Medium,2026-06-06 12:54:17 IST
DB_1144_19,4DM24CS020,Meghna Chatterjee,CN,Computer Networks,CN – IP Addressing & Subnetting,6.5,10,65.0,13.8,2026-06-06 07:24:00.124086+00:00,Medium,2026-06-06 12:54:17 IST
DB_1144_17,4DM24CS020,Meghna Chatterjee,WD,Web Development,WD – Bootstrap & Responsive Design,6.1,10,61.0,16.0,2026-06-06 07:24:00.124086+00:00,Medium,2026-06-06 12:54:17 IST
DB_1144_4,4DM24CS020,Meghna Chatterjee,CN,Computer Networks,Networking Concepts Quiz,6.2,10,62.0,17.2,2026-06-06 07:24:00.124086+00:00,Medium,2026-06-06 12:54:17 IST
DB_1144_11,4DM24CS020,Meghna Chatterjee,PY,Python Programming,Python – Basics & Control Flow,5.9,10,59.0,10.7,2026-06-06 07:24:00.124086+00:00,Medium,2026-06-06 12:54:17 IST
DB_1145_10,4DM24CS021,Kavya Nambiar,DS,Data Structures,DS – Sorting & Hashing,9.3,10,93.0,15.9,2026-06-06 07:24:00.124086+00:00,High,2026-06-06 12:54:17 IST
DB_1145_15,4DM24CS021,Kavya Nambiar,WD,Web Development,WD – HTML & CSS,8.3,10,83.0,12.5,2026-06-06 07:24:00.124086+00:00,High,2026-06-06 12:54:17 IST
DB_1145_17,4DM24CS021,Kavya Nambiar,WD,Web Development,WD – Bootstrap & Responsive Design,7.0,10,70.0,10.3,2026-06-06 07:24:00.124086+00:00,Medium,2026-06-06 12:54:17 IST
DB_1145_38,4DM24CS021,Kavya Nambiar,CN,Computer Networks,CN – IPv6 & NAT,8.8,10,88.0,18.5,2026-06-06 07:24:00.124086+00:00,High,2026-06-06 12:54:17 IST
DB_1145_45,4DM24CS021,Kavya Nambiar,AI,Artificial Intelligence & Machine Learning,AI – Model Deployment & XAI,7.5,10,75.0,12.0,2026-06-06 07:24:00.124086+00:00,High,2026-06-06 12:54:17 IST
DB_1145_22,4DM24CS021,Kavya Nambiar,DSC,Data Science,DSC – Statistics & Visualization,8.5,10,85.0,13.7,2026-06-06 07:24:00.124086+00:00,High,2026-06-06 12:54:17 IST
DB_1145_42,4DM24CS021,Kavya Nambiar,DSC,Data Science,DSC – Big Data & Dashboards,7.9,10,79.0,10.8,2026-06-06 07:24:00.124086+00:00,High,2026-06-06 12:54:17 IST
DB_1145_11,4DM24CS021,Kavya Nambiar,PY,Python Programming,Python – Basics & Control Flow,8.5,10,85.0,11.2,2026-06-06 07:24:00.124086+00:00,High,2026-06-06 12:54:17 IST
DB_1145_19,4DM24CS021,Kavya Nambiar,CN,Computer Networks,CN – IP Addressing & Subnetting,8.3,10,83.0,21.7,2026-06-06 07:24:00.124086+00:00,High,2026-06-06 12:54:17 IST
DB_1145_14,4DM24CS021,Kavya Nambiar,PY,Python Programming,Python – Advanced Topics,8.5,10,85.0,19.0,2026-06-06 07:24:00.124086+00:00,High,2026-06-06 12:54:17 IST
DB_1145_46,4DM24CS021,Kavya Nambiar,WD,Web Development,Web Development Basics Quiz,3.8,5,76.0,16.9,2026-06-06 07:24:00.124086+00:00,High,2026-06-06 12:54:17 IST
DB_1145_7,4DM24CS021,Kavya Nambiar,DS,Data Structures,DS – Arrays & Linked Lists,8.1,10,81.0,14.9,2026-06-06 07:24:00.124086+00:00,High,2026-06-06 12:54:17 IST
DB_1145_30,4DM24CS021,Kavya Nambiar,DS,Data Structures,DS – Graph Algorithms,9.2,10,92.0,21.8,2026-06-06 07:24:00.124086+00:00,High,2026-06-06 12:54:17 IST
DB_1145_36,4DM24CS021,Kavya Nambiar,WD,Web Development,WD – React & Modern Frontend,7.2,10,72.0,10.1,2026-06-06 07:24:00.124086+00:00,Medium,2026-06-06 12:54:17 IST
DB_1145_43,4DM24CS021,Kavya Nambiar,AI,Artificial Intelligence & Machine Learning,AI – Deep Learning Architectures,9.0,10,90.0,18.4,2026-06-06 07:24:00.124086+00:00,High,2026-06-06 12:54:17 IST
DB_1145_5,4DM24CS021,Kavya Nambiar,DSC,Data Science,Data Science Quiz,8.6,10,86.0,15.4,2026-06-06 07:24:00.124086+00:00,High,2026-06-06 12:54:17 IST
DB_1145_3,4DM24CS021,Kavya Nambiar,WD,Web Development,Web Dev Basics Quiz,6.3,10,63.0,15.1,2026-06-06 07:24:00.127185+00:00,Medium,2026-06-06 12:54:17 IST
DB_1145_2,4DM24CS021,Kavya Nambiar,PY,Python Programming,Python Fundamentals Quiz,9.0,10,90.0,11.2,2026-06-06 07:24:00.127185+00:00,High,2026-06-06 12:54:17 IST
DB_1145_18,4DM24CS021,Kavya Nambiar,CN,Computer Networks,CN – OSI & TCP/IP Models,7.6,10,76.0,13.5,2026-06-06 07:24:00.127185+00:00,High,2026-06-06 12:54:17 IST
DB_1145_41,4DM24CS021,Kavya Nambiar,DSC,Data Science,DSC – SQL & Data Querying,7.4,10,74.0,16.2,2026-06-06 07:24:00.127185+00:00,Medium,2026-06-06 12:54:17 IST
DB_1145_32,4DM24CS021,Kavya Nambiar,PY,Python Programming,Python – Testing & Best Practices,8.5,10,85.0,10.7,2026-06-06 07:24:00.127185+00:00,High,2026-06-06 12:54:17 IST
DB_1145_8,4DM24CS021,Kavya Nambiar,DS,Data Structures,DS – Stacks & Queues,9.3,10,93.0,13.2,2026-06-06 07:24:00.127185+00:00,High,2026-06-06 12:54:17 IST
DB_1145_23,4DM24CS021,Kavya Nambiar,DSC,Data Science,DSC – EDA & Feature Engineering,8.1,10,81.0,17.5,2026-06-06 07:24:00.127185+00:00,High,2026-06-06 12:54:17 IST
DB_1145_4,4DM24CS021,Kavya Nambiar,CN,Computer Networks,Networking Concepts Quiz,8.1,10,81.0,12.8,2026-06-06 07:24:00.127185+00:00,High,2026-06-06 12:54:17 IST
DB_1145_20,4DM24CS021,Kavya Nambiar,CN,Computer Networks,CN – Routing & Protocols,7.2,10,72.0,17.8,2026-06-06 07:24:00.127185+00:00,Medium,2026-06-06 12:54:17 IST
DB_1145_48,4DM24CS021,Kavya Nambiar,DSC,Data Science,Data Science Fundamentals Quiz,4.2,5,84.0,11.0,2026-06-06 07:24:00.127185+00:00,High,2026-06-06 12:54:17 IST
DB_1145_28,4DM24CS021,Kavya Nambiar,DS,Data Structures,DS – Heaps & Priority Queues,9.1,10,91.0,14.7,2026-06-06 07:24:00.127185+00:00,High,2026-06-06 12:54:17 IST
DB_1145_27,4DM24CS021,Kavya Nambiar,AI,Artificial Intelligence & Machine Learning,AI – Model Evaluation & Neural Networks,7.8,10,78.0,17.2,2026-06-06 07:24:00.127185+00:00,High,2026-06-06 12:54:17 IST
DB_1145_34,4DM24CS021,Kavya Nambiar,WD,Web Development,WD – Backend & APIs,8.2,10,82.0,12.6,2026-06-06 07:24:00.127185+00:00,High,2026-06-06 12:54:17 IST
DB_1145_24,4DM24CS021,Kavya Nambiar,AI,Artificial Intelligence & Machine Learning,AI – ML Fundamentals,8.2,10,82.0,15.8,2026-06-06 07:24:00.127185+00:00,High,2026-06-06 12:54:17 IST
DB_1145_29,4DM24CS021,Kavya Nambiar,DS,Data Structures,DS – Dynamic Programming,7.9,10,79.0,18.0,2026-06-06 07:24:00.127185+00:00,High,2026-06-06 12:54:17 IST
DB_1145_6,4DM24CS021,Kavya Nambiar,AI,Artificial Intelligence & Machine Learning,ML Basics Quiz,8.2,10,82.0,17.0,2026-06-06 07:24:00.127185+00:00,High,2026-06-06 12:54:17 IST
DB_1145_13,4DM24CS021,Kavya Nambiar,PY,Python Programming,Python – OOP Concepts,7.7,10,77.0,18.5,2026-06-06 07:24:00.127185+00:00,High,2026-06-06 12:54:17 IST
DB_1145_25,4DM24CS021,Kavya Nambiar,AI,Artificial Intelligence & Machine Learning,AI – Regression & Classification,7.5,10,75.0,12.7,2026-06-06 07:24:00.127185+00:00,High,2026-06-06 12:54:17 IST
DB_1145_37,4DM24CS021,Kavya Nambiar,CN,Computer Networks,CN – TCP/IP Deep Dive,8.1,10,81.0,21.5,2026-06-06 07:24:00.127185+00:00,High,2026-06-06 12:54:17 IST
DB_1145_26,4DM24CS021,Kavya Nambiar,AI,Artificial Intelligence & Machine Learning,AI – Decision Trees & Clustering,7.6,10,76.0,10.4,2026-06-06 07:24:00.127185+00:00,High,2026-06-06 12:54:17 IST
DB_1145_9,4DM24CS021,Kavya Nambiar,DS,Data Structures,DS – Trees & Graphs,8.5,10,85.0,10.7,2026-06-06 07:24:00.127185+00:00,High,2026-06-06 12:54:17 IST
DB_1145_21,4DM24CS021,Kavya Nambiar,DSC,Data Science,DSC – NumPy & Pandas,9.8,10,98.0,17.9,2026-06-06 07:24:00.127185+00:00,High,2026-06-06 12:54:17 IST
DB_1145_40,4DM24CS021,Kavya Nambiar,DSC,Data Science,DSC – Feature Engineering & Pipelines,8.0,10,80.0,18.9,2026-06-06 07:24:00.127185+00:00,High,2026-06-06 12:54:17 IST
DB_1145_16,4DM24CS021,Kavya Nambiar,WD,Web Development,WD – JavaScript,7.6,10,76.0,15.8,2026-06-06 07:24:00.127185+00:00,High,2026-06-06 12:54:17 IST
DB_1145_33,4DM24CS021,Kavya Nambiar,PY,Python Programming,Python – Type Hints & Data Classes,8.0,10,80.0,12.6,2026-06-06 07:24:00.127185+00:00,High,2026-06-06 12:54:17 IST
DB_1145_47,4DM24CS021,Kavya Nambiar,CN,Computer Networks,Computer Networks Quiz,4.2,5,84.0,10.9,2026-06-06 07:24:00.127185+00:00,High,2026-06-06 12:54:17 IST
DB_1145_12,4DM24CS021,Kavya Nambiar,PY,Python Programming,Python – Functions & Collections,8.3,10,83.0,11.3,2026-06-06 07:24:00.127185+00:00,High,2026-06-06 12:54:18 IST
DB_1145_35,4DM24CS021,Kavya Nambiar,WD,Web Development,WD – Authentication & Security,7.1,10,71.0,14.4,2026-06-06 07:24:00.127185+00:00,Medium,2026-06-06 12:54:18 IST
DB_1145_1,4DM24CS021,Kavya Nambiar,DS,Data Structures,Data Structures Quiz 1,7.8,10,78.0,14.3,2026-06-06 07:24:00.127185+00:00,High,2026-06-06 12:54:18 IST
DB_1145_31,4DM24CS021,Kavya Nambiar,PY,Python Programming,Python – Concurrency & Async,7.4,10,74.0,18.4,2026-06-06 07:24:00.127185+00:00,Medium,2026-06-06 12:54:18 IST
DB_1145_39,4DM24CS021,Kavya Nambiar,CN,Computer Networks,CN – Network Security & VPN,10.0,10,100.0,12.6,2026-06-06 07:24:00.127185+00:00,High,2026-06-06 12:54:18 IST
DB_1145_44,4DM24CS021,Kavya Nambiar,AI,Artificial Intelligence & Machine Learning,AI – Advanced Training Techniques,10.0,10,100.0,13.6,2026-06-06 07:24:00.127185+00:00,High,2026-06-06 12:54:18 IST
DB_1146_16,4DM24CS022,Lakshmi Rajan,WD,Web Development,WD – JavaScript,7.1,10,71.0,14.7,2026-06-06 07:24:00.127185+00:00,Medium,2026-06-06 12:54:18 IST
DB_1146_31,4DM24CS022,Lakshmi Rajan,PY,Python Programming,Python – Concurrency & Async,6.6,10,66.0,18.0,2026-06-06 07:24:00.127185+00:00,Medium,2026-06-06 12:54:18 IST
DB_1146_40,4DM24CS022,Lakshmi Rajan,DSC,Data Science,DSC – Feature Engineering & Pipelines,9.0,10,90.0,14.8,2026-06-06 07:24:00.127185+00:00,High,2026-06-06 12:54:18 IST
DB_1146_46,4DM24CS022,Lakshmi Rajan,WD,Web Development,Web Development Basics Quiz,4.1,5,82.0,10.9,2026-06-06 07:24:00.127185+00:00,High,2026-06-06 12:54:18 IST
DB_1146_33,4DM24CS022,Lakshmi Rajan,PY,Python Programming,Python – Type Hints & Data Classes,9.0,10,90.0,13.4,2026-06-06 07:24:00.127185+00:00,High,2026-06-06 12:54:18 IST
DB_1146_13,4DM24CS022,Lakshmi Rajan,PY,Python Programming,Python – OOP Concepts,7.9,10,79.0,18.2,2026-06-06 07:24:00.127185+00:00,High,2026-06-06 12:54:18 IST
DB_1146_44,4DM24CS022,Lakshmi Rajan,AI,Artificial Intelligence & Machine Learning,AI – Advanced Training Techniques,8.3,10,83.0,18.9,2026-06-06 07:24:00.127185+00:00,High,2026-06-06 12:54:18 IST
DB_1146_36,4DM24CS022,Lakshmi Rajan,WD,Web Development,WD – React & Modern Frontend,6.4,10,64.0,15.5,2026-06-06 07:24:00.127185+00:00,Medium,2026-06-06 12:54:18 IST
DB_1146_3,4DM24CS022,Lakshmi Rajan,WD,Web Development,Web Dev Basics Quiz,10.0,10,100.0,16.6,2026-06-06 07:24:00.127185+00:00,High,2026-06-06 12:54:18 IST
DB_1146_1,4DM24CS022,Lakshmi Rajan,DS,Data Structures,Data Structures Quiz 1,8.7,10,87.0,10.2,2026-06-06 07:24:00.127185+00:00,High,2026-06-06 12:54:18 IST
DB_1146_20,4DM24CS022,Lakshmi Rajan,CN,Computer Networks,CN – Routing & Protocols,7.4,10,74.0,14.7,2026-06-06 07:24:00.127185+00:00,Medium,2026-06-06 12:54:18 IST
DB_1146_9,4DM24CS022,Lakshmi Rajan,DS,Data Structures,DS – Trees & Graphs,8.6,10,86.0,13.9,2026-06-06 07:24:00.127185+00:00,High,2026-06-06 12:54:18 IST
DB_1146_32,4DM24CS022,Lakshmi Rajan,PY,Python Programming,Python – Testing & Best Practices,8.9,10,89.0,11.5,2026-06-06 07:24:00.127185+00:00,High,2026-06-06 12:54:18 IST
DB_1146_15,4DM24CS022,Lakshmi Rajan,WD,Web Development,WD – HTML & CSS,6.8,10,68.0,12.3,2026-06-06 07:24:00.127185+00:00,Medium,2026-06-06 12:54:18 IST
DB_1146_28,4DM24CS022,Lakshmi Rajan,DS,Data Structures,DS – Heaps & Priority Queues,8.0,10,80.0,15.5,2026-06-06 07:24:00.127185+00:00,High,2026-06-06 12:54:18 IST
DB_1146_19,4DM24CS022,Lakshmi Rajan,CN,Computer Networks,CN – IP Addressing & Subnetting,8.7,10,87.0,15.9,2026-06-06 07:24:00.127185+00:00,High,2026-06-06 12:54:18 IST
DB_1146_22,4DM24CS022,Lakshmi Rajan,DSC,Data Science,DSC – Statistics & Visualization,8.2,10,82.0,15.2,2026-06-06 07:24:00.127185+00:00,High,2026-06-06 12:54:18 IST
DB_1146_21,4DM24CS022,Lakshmi Rajan,DSC,Data Science,DSC – NumPy & Pandas,6.9,10,69.0,14.4,2026-06-06 07:24:00.127185+00:00,Medium,2026-06-06 12:54:18 IST
DB_1146_8,4DM24CS022,Lakshmi Rajan,DS,Data Structures,DS – Stacks & Queues,7.9,10,79.0,15.2,2026-06-06 07:24:00.127185+00:00,High,2026-06-06 12:54:18 IST
DB_1146_6,4DM24CS022,Lakshmi Rajan,AI,Artificial Intelligence & Machine Learning,ML Basics Quiz,9.1,10,91.0,16.3,2026-06-06 07:24:00.127185+00:00,High,2026-06-06 12:54:18 IST
DB_1146_39,4DM24CS022,Lakshmi Rajan,CN,Computer Networks,CN – Network Security & VPN,8.1,10,81.0,11.7,2026-06-06 07:24:00.127185+00:00,High,2026-06-06 12:54:18 IST
DB_1146_5,4DM24CS022,Lakshmi Rajan,DSC,Data Science,Data Science Quiz,9.2,10,92.0,13.1,2026-06-06 07:24:00.127185+00:00,High,2026-06-06 12:54:18 IST
DB_1146_11,4DM24CS022,Lakshmi Rajan,PY,Python Programming,Python – Basics & Control Flow,8.0,10,80.0,12.1,2026-06-06 07:24:00.127185+00:00,High,2026-06-06 12:54:18 IST
DB_1146_14,4DM24CS022,Lakshmi Rajan,PY,Python Programming,Python – Advanced Topics,8.1,10,81.0,22.6,2026-06-06 07:24:00.127185+00:00,High,2026-06-06 12:54:18 IST
DB_1146_2,4DM24CS022,Lakshmi Rajan,PY,Python Programming,Python Fundamentals Quiz,8.1,10,81.0,10.8,2026-06-06 07:24:00.127185+00:00,High,2026-06-06 12:54:18 IST
DB_1146_30,4DM24CS022,Lakshmi Rajan,DS,Data Structures,DS – Graph Algorithms,8.5,10,85.0,18.1,2026-06-06 07:24:00.127185+00:00,High,2026-06-06 12:54:18 IST
DB_1146_41,4DM24CS022,Lakshmi Rajan,DSC,Data Science,DSC – SQL & Data Querying,9.2,10,92.0,18.8,2026-06-06 07:24:00.127185+00:00,High,2026-06-06 12:54:18 IST
DB_1146_35,4DM24CS022,Lakshmi Rajan,WD,Web Development,WD – Authentication & Security,9.8,10,98.0,12.8,2026-06-06 07:24:00.127185+00:00,High,2026-06-06 12:54:18 IST
DB_1146_12,4DM24CS022,Lakshmi Rajan,PY,Python Programming,Python – Functions & Collections,8.6,10,86.0,13.7,2026-06-06 07:24:00.127185+00:00,High,2026-06-06 12:54:18 IST
DB_1146_23,4DM24CS022,Lakshmi Rajan,DSC,Data Science,DSC – EDA & Feature Engineering,6.4,10,64.0,16.7,2026-06-06 07:24:00.127185+00:00,Medium,2026-06-06 12:54:18 IST
DB_1146_45,4DM24CS022,Lakshmi Rajan,AI,Artificial Intelligence & Machine Learning,AI – Model Deployment & XAI,7.4,10,74.0,15.0,2026-06-06 07:24:00.127185+00:00,Medium,2026-06-06 12:54:18 IST
DB_1146_7,4DM24CS022,Lakshmi Rajan,DS,Data Structures,DS – Arrays & Linked Lists,9.6,10,96.0,17.9,2026-06-06 07:24:00.127185+00:00,High,2026-06-06 12:54:18 IST
DB_1146_47,4DM24CS022,Lakshmi Rajan,CN,Computer Networks,Computer Networks Quiz,4.0,5,80.0,18.7,2026-06-06 07:24:00.127185+00:00,High,2026-06-06 12:54:18 IST
DB_1146_48,4DM24CS022,Lakshmi Rajan,DSC,Data Science,Data Science Fundamentals Quiz,4.0,5,80.0,10.6,2026-06-06 07:24:00.127185+00:00,High,2026-06-06 12:54:18 IST
DB_1146_18,4DM24CS022,Lakshmi Rajan,CN,Computer Networks,CN – OSI & TCP/IP Models,8.4,10,84.0,11.0,2026-06-06 07:24:00.127185+00:00,High,2026-06-06 12:54:18 IST
DB_1146_24,4DM24CS022,Lakshmi Rajan,AI,Artificial Intelligence & Machine Learning,AI – ML Fundamentals,7.6,10,76.0,12.8,2026-06-06 07:24:00.127185+00:00,High,2026-06-06 12:54:18 IST
DB_1146_25,4DM24CS022,Lakshmi Rajan,AI,Artificial Intelligence & Machine Learning,AI – Regression & Classification,7.7,10,77.0,11.8,2026-06-06 07:24:00.127185+00:00,High,2026-06-06 12:54:18 IST
DB_1146_26,4DM24CS022,Lakshmi Rajan,AI,Artificial Intelligence & Machine Learning,AI – Decision Trees & Clustering,7.8,10,78.0,14.2,2026-06-06 07:24:00.127185+00:00,High,2026-06-06 12:54:18 IST
DB_1146_38,4DM24CS022,Lakshmi Rajan,CN,Computer Networks,CN – IPv6 & NAT,7.5,10,75.0,18.3,2026-06-06 07:24:00.127185+00:00,High,2026-06-06 12:54:18 IST
DB_1146_29,4DM24CS022,Lakshmi Rajan,DS,Data Structures,DS – Dynamic Programming,7.5,10,75.0,19.9,2026-06-06 07:24:00.127185+00:00,High,2026-06-06 12:54:18 IST
DB_1146_34,4DM24CS022,Lakshmi Rajan,WD,Web Development,WD – Backend & APIs,8.3,10,83.0,16.0,2026-06-06 07:24:00.127185+00:00,High,2026-06-06 12:54:18 IST
DB_1146_4,4DM24CS022,Lakshmi Rajan,CN,Computer Networks,Networking Concepts Quiz,9.5,10,95.0,10.3,2026-06-06 07:24:00.127185+00:00,High,2026-06-06 12:54:18 IST
DB_1146_42,4DM24CS022,Lakshmi Rajan,DSC,Data Science,DSC – Big Data & Dashboards,7.6,10,76.0,12.1,2026-06-06 07:24:00.127185+00:00,High,2026-06-06 12:54:18 IST
DB_1146_10,4DM24CS022,Lakshmi Rajan,DS,Data Structures,DS – Sorting & Hashing,9.3,10,93.0,21.3,2026-06-06 07:24:00.127185+00:00,High,2026-06-06 12:54:18 IST
DB_1146_43,4DM24CS022,Lakshmi Rajan,AI,Artificial Intelligence & Machine Learning,AI – Deep Learning Architectures,7.8,10,78.0,15.3,2026-06-06 07:24:00.127185+00:00,High,2026-06-06 12:54:18 IST
DB_1146_27,4DM24CS022,Lakshmi Rajan,AI,Artificial Intelligence & Machine Learning,AI – Model Evaluation & Neural Networks,7.5,10,75.0,21.5,2026-06-06 07:24:00.127185+00:00,High,2026-06-06 12:54:18 IST
DB_1146_17,4DM24CS022,Lakshmi Rajan,WD,Web Development,WD – Bootstrap & Responsive Design,9.0,10,90.0,15.9,2026-06-06 07:24:00.127185+00:00,High,2026-06-06 12:54:18 IST
DB_1146_37,4DM24CS022,Lakshmi Rajan,CN,Computer Networks,CN – TCP/IP Deep Dive,8.3,10,83.0,16.6,2026-06-06 07:24:00.127185+00:00,High,2026-06-06 12:54:18 IST
DB_1147_9,4DM24CS023,Pooja Shetty,DS,Data Structures,DS – Trees & Graphs,6.0,10,60.0,14.2,2026-06-06 07:24:00.127185+00:00,Medium,2026-06-06 12:54:18 IST
DB_1147_40,4DM24CS023,Pooja Shetty,DSC,Data Science,DSC – Feature Engineering & Pipelines,5.2,10,52.0,17.5,2026-06-06 07:24:00.127185+00:00,Medium,2026-06-06 12:54:18 IST
DB_1147_22,4DM24CS023,Pooja Shetty,DSC,Data Science,DSC – Statistics & Visualization,4.4,10,44.0,18.7,2026-06-06 07:24:00.127185+00:00,Low,2026-06-06 12:54:18 IST
DB_1147_27,4DM24CS023,Pooja Shetty,AI,Artificial Intelligence & Machine Learning,AI – Model Evaluation & Neural Networks,4.6,10,46.0,20.8,2026-06-06 07:24:00.127185+00:00,Low,2026-06-06 12:54:18 IST
DB_1147_17,4DM24CS023,Pooja Shetty,WD,Web Development,WD – Bootstrap & Responsive Design,4.8,10,48.0,11.6,2026-06-06 07:24:00.127185+00:00,Low,2026-06-06 12:54:18 IST
DB_1147_32,4DM24CS023,Pooja Shetty,PY,Python Programming,Python – Testing & Best Practices,4.5,10,45.0,16.1,2026-06-06 07:24:00.127185+00:00,Low,2026-06-06 12:54:18 IST
DB_1147_48,4DM24CS023,Pooja Shetty,DSC,Data Science,Data Science Fundamentals Quiz,1.7,5,34.0,18.9,2026-06-06 07:24:00.127185+00:00,At-Risk,2026-06-06 12:54:19 IST
DB_1147_1,4DM24CS023,Pooja Shetty,DS,Data Structures,Data Structures Quiz 1,5.1,10,51.0,11.1,2026-06-06 07:24:00.127185+00:00,Medium,2026-06-06 12:54:19 IST
DB_1147_14,4DM24CS023,Pooja Shetty,PY,Python Programming,Python – Advanced Topics,5.1,10,51.0,22.4,2026-06-06 07:24:00.127185+00:00,Medium,2026-06-06 12:54:19 IST
DB_1147_43,4DM24CS023,Pooja Shetty,AI,Artificial Intelligence & Machine Learning,AI – Deep Learning Architectures,5.6,10,56.0,19.0,2026-06-06 07:24:00.127185+00:00,Medium,2026-06-06 12:54:19 IST
DB_1147_21,4DM24CS023,Pooja Shetty,DSC,Data Science,DSC – NumPy & Pandas,3.7,10,37.0,12.1,2026-06-06 07:24:00.127185+00:00,Low,2026-06-06 12:54:19 IST
DB_1147_25,4DM24CS023,Pooja Shetty,AI,Artificial Intelligence & Machine Learning,AI – Regression & Classification,6.2,10,62.0,12.7,2026-06-06 07:24:00.127185+00:00,Medium,2026-06-06 12:54:19 IST
DB_1147_44,4DM24CS023,Pooja Shetty,AI,Artificial Intelligence & Machine Learning,AI – Advanced Training Techniques,4.6,10,46.0,10.1,2026-06-06 07:24:00.127185+00:00,Low,2026-06-06 12:54:19 IST
DB_1147_30,4DM24CS023,Pooja Shetty,DS,Data Structures,DS – Graph Algorithms,2.4,10,24.0,16.0,2026-06-06 07:24:00.127185+00:00,At-Risk,2026-06-06 12:54:19 IST
DB_1147_2,4DM24CS023,Pooja Shetty,PY,Python Programming,Python Fundamentals Quiz,5.5,10,55.0,8.3,2026-06-06 07:24:00.127185+00:00,Medium,2026-06-06 12:54:19 IST
DB_1147_5,4DM24CS023,Pooja Shetty,DSC,Data Science,Data Science Quiz,6.4,10,64.0,16.0,2026-06-06 07:24:00.127185+00:00,Medium,2026-06-06 12:54:19 IST
DB_1147_35,4DM24CS023,Pooja Shetty,WD,Web Development,WD – Authentication & Security,5.7,10,57.0,14.9,2026-06-06 07:24:00.127185+00:00,Medium,2026-06-06 12:54:19 IST
DB_1147_4,4DM24CS023,Pooja Shetty,CN,Computer Networks,Networking Concepts Quiz,3.0,10,30.0,13.5,2026-06-06 07:24:00.127185+00:00,At-Risk,2026-06-06 12:54:19 IST
DB_1147_38,4DM24CS023,Pooja Shetty,CN,Computer Networks,CN – IPv6 & NAT,6.2,10,62.0,10.7,2026-06-06 07:24:00.127185+00:00,Medium,2026-06-06 12:54:19 IST
DB_1147_6,4DM24CS023,Pooja Shetty,AI,Artificial Intelligence & Machine Learning,ML Basics Quiz,5.5,10,55.0,17.0,2026-06-06 07:24:00.127185+00:00,Medium,2026-06-06 12:54:19 IST
DB_1147_20,4DM24CS023,Pooja Shetty,CN,Computer Networks,CN – Routing & Protocols,4.4,10,44.0,17.2,2026-06-06 07:24:00.127185+00:00,Low,2026-06-06 12:54:19 IST
DB_1147_12,4DM24CS023,Pooja Shetty,PY,Python Programming,Python – Functions & Collections,4.8,10,48.0,18.3,2026-06-06 07:24:00.127185+00:00,Low,2026-06-06 12:54:19 IST
DB_1147_26,4DM24CS023,Pooja Shetty,AI,Artificial Intelligence & Machine Learning,AI – Decision Trees & Clustering,7.9,10,79.0,14.1,2026-06-06 07:24:00.127185+00:00,High,2026-06-06 12:54:19 IST
DB_1147_31,4DM24CS023,Pooja Shetty,PY,Python Programming,Python – Concurrency & Async,2.9,10,29.0,11.0,2026-06-06 07:24:00.127185+00:00,At-Risk,2026-06-06 12:54:19 IST
DB_1147_46,4DM24CS023,Pooja Shetty,WD,Web Development,Web Development Basics Quiz,2.7,5,54.0,10.7,2026-06-06 07:24:00.127185+00:00,Medium,2026-06-06 12:54:19 IST
DB_1147_10,4DM24CS023,Pooja Shetty,DS,Data Structures,DS – Sorting & Hashing,5.0,10,50.0,13.7,2026-06-06 07:24:00.127185+00:00,Medium,2026-06-06 12:54:19 IST
DB_1147_47,4DM24CS023,Pooja Shetty,CN,Computer Networks,Computer Networks Quiz,1.9,5,38.0,13.4,2026-06-06 07:24:00.127185+00:00,Low,2026-06-06 12:54:19 IST
DB_1147_24,4DM24CS023,Pooja Shetty,AI,Artificial Intelligence & Machine Learning,AI – ML Fundamentals,6.1,10,61.0,15.1,2026-06-06 07:24:00.127185+00:00,Medium,2026-06-06 12:54:19 IST
DB_1147_39,4DM24CS023,Pooja Shetty,CN,Computer Networks,CN – Network Security & VPN,4.9,10,49.0,12.2,2026-06-06 07:24:00.127185+00:00,Low,2026-06-06 12:54:19 IST
DB_1147_34,4DM24CS023,Pooja Shetty,WD,Web Development,WD – Backend & APIs,5.8,10,58.0,11.5,2026-06-06 07:24:00.127185+00:00,Medium,2026-06-06 12:54:19 IST
DB_1147_37,4DM24CS023,Pooja Shetty,CN,Computer Networks,CN – TCP/IP Deep Dive,6.0,10,60.0,15.3,2026-06-06 07:24:00.127185+00:00,Medium,2026-06-06 12:54:19 IST
DB_1147_8,4DM24CS023,Pooja Shetty,DS,Data Structures,DS – Stacks & Queues,2.7,10,27.0,13.0,2026-06-06 07:24:00.127185+00:00,At-Risk,2026-06-06 12:54:19 IST
DB_1147_45,4DM24CS023,Pooja Shetty,AI,Artificial Intelligence & Machine Learning,AI – Model Deployment & XAI,5.8,10,58.0,14.6,2026-06-06 07:24:00.127185+00:00,Medium,2026-06-06 12:54:19 IST
DB_1148_33,4DM24CS024,Sneha Acharya,PY,Python Programming,Python – Type Hints & Data Classes,7.3,10,73.0,18.6,2026-06-06 07:24:00.127185+00:00,Medium,2026-06-06 12:54:19 IST
DB_1148_40,4DM24CS024,Sneha Acharya,DSC,Data Science,DSC – Feature Engineering & Pipelines,9.4,10,94.0,14.1,2026-06-06 07:24:00.127185+00:00,High,2026-06-06 12:54:19 IST
DB_1148_41,4DM24CS024,Sneha Acharya,DSC,Data Science,DSC – SQL & Data Querying,8.4,10,84.0,17.6,2026-06-06 07:24:00.127185+00:00,High,2026-06-06 12:54:19 IST
DB_1148_44,4DM24CS024,Sneha Acharya,AI,Artificial Intelligence & Machine Learning,AI – Advanced Training Techniques,8.2,10,82.0,15.9,2026-06-06 07:24:00.127185+00:00,High,2026-06-06 12:54:19 IST
DB_1148_35,4DM24CS024,Sneha Acharya,WD,Web Development,WD – Authentication & Security,7.8,10,78.0,11.2,2026-06-06 07:24:00.127185+00:00,High,2026-06-06 12:54:19 IST
DB_1148_11,4DM24CS024,Sneha Acharya,PY,Python Programming,Python – Basics & Control Flow,7.2,10,72.0,11.4,2026-06-06 07:24:00.127185+00:00,Medium,2026-06-06 12:54:19 IST
DB_1148_20,4DM24CS024,Sneha Acharya,CN,Computer Networks,CN – Routing & Protocols,8.5,10,85.0,11.6,2026-06-06 07:24:00.127185+00:00,High,2026-06-06 12:54:19 IST
DB_1148_42,4DM24CS024,Sneha Acharya,DSC,Data Science,DSC – Big Data & Dashboards,7.4,10,74.0,12.7,2026-06-06 07:24:00.127185+00:00,Medium,2026-06-06 12:54:19 IST
DB_1148_38,4DM24CS024,Sneha Acharya,CN,Computer Networks,CN – IPv6 & NAT,8.3,10,83.0,15.5,2026-06-06 07:24:00.127185+00:00,High,2026-06-06 12:54:19 IST
DB_1148_15,4DM24CS024,Sneha Acharya,WD,Web Development,WD – HTML & CSS,9.0,10,90.0,12.5,2026-06-06 07:24:00.127185+00:00,High,2026-06-06 12:54:19 IST
DB_1148_46,4DM24CS024,Sneha Acharya,WD,Web Development,Web Development Basics Quiz,4.4,5,88.0,14.4,2026-06-06 07:24:00.127185+00:00,High,2026-06-06 12:54:19 IST
DB_1148_43,4DM24CS024,Sneha Acharya,AI,Artificial Intelligence & Machine Learning,AI – Deep Learning Architectures,7.5,10,75.0,14.9,2026-06-06 07:24:00.127185+00:00,High,2026-06-06 12:54:19 IST
DB_1148_25,4DM24CS024,Sneha Acharya,AI,Artificial Intelligence & Machine Learning,AI – Regression & Classification,9.2,10,92.0,15.8,2026-06-06 07:24:00.127185+00:00,High,2026-06-06 12:54:19 IST
DB_1148_48,4DM24CS024,Sneha Acharya,DSC,Data Science,Data Science Fundamentals Quiz,3.5,5,70.0,17.9,2026-06-06 07:24:00.127185+00:00,Medium,2026-06-06 12:54:19 IST
DB_1148_21,4DM24CS024,Sneha Acharya,DSC,Data Science,DSC – NumPy & Pandas,9.5,10,95.0,16.1,2026-06-06 07:24:00.127185+00:00,High,2026-06-06 12:54:19 IST
DB_1148_37,4DM24CS024,Sneha Acharya,CN,Computer Networks,CN – TCP/IP Deep Dive,7.0,10,70.0,12.9,2026-06-06 07:24:00.127185+00:00,Medium,2026-06-06 12:54:19 IST
DB_1148_1,4DM24CS024,Sneha Acharya,DS,Data Structures,Data Structures Quiz 1,8.4,10,84.0,15.6,2026-06-06 07:24:00.127185+00:00,High,2026-06-06 12:54:19 IST
DB_1148_24,4DM24CS024,Sneha Acharya,AI,Artificial Intelligence & Machine Learning,AI – ML Fundamentals,7.8,10,78.0,17.3,2026-06-06 07:24:00.127185+00:00,High,2026-06-06 12:54:19 IST
DB_1148_32,4DM24CS024,Sneha Acharya,PY,Python Programming,Python – Testing & Best Practices,7.9,10,79.0,12.2,2026-06-06 07:24:00.127185+00:00,High,2026-06-06 12:54:19 IST
DB_1148_8,4DM24CS024,Sneha Acharya,DS,Data Structures,DS – Stacks & Queues,8.1,10,81.0,16.6,2026-06-06 07:24:00.127185+00:00,High,2026-06-06 12:54:19 IST
DB_1148_4,4DM24CS024,Sneha Acharya,CN,Computer Networks,Networking Concepts Quiz,9.7,10,97.0,13.9,2026-06-06 07:24:00.127185+00:00,High,2026-06-06 12:54:19 IST
DB_1148_3,4DM24CS024,Sneha Acharya,WD,Web Development,Web Dev Basics Quiz,7.8,10,78.0,14.2,2026-06-06 07:24:00.127185+00:00,High,2026-06-06 12:54:19 IST
DB_1148_45,4DM24CS024,Sneha Acharya,AI,Artificial Intelligence & Machine Learning,AI – Model Deployment & XAI,8.4,10,84.0,15.5,2026-06-06 07:24:00.127185+00:00,High,2026-06-06 12:54:19 IST
DB_1148_29,4DM24CS024,Sneha Acharya,DS,Data Structures,DS – Dynamic Programming,8.3,10,83.0,16.9,2026-06-06 07:24:00.127185+00:00,High,2026-06-06 12:54:19 IST
DB_1148_28,4DM24CS024,Sneha Acharya,DS,Data Structures,DS – Heaps & Priority Queues,8.5,10,85.0,19.0,2026-06-06 07:24:00.127185+00:00,High,2026-06-06 12:54:19 IST
DB_1148_26,4DM24CS024,Sneha Acharya,AI,Artificial Intelligence & Machine Learning,AI – Decision Trees & Clustering,8.7,10,87.0,13.7,2026-06-06 07:24:00.127185+00:00,High,2026-06-06 12:54:19 IST
DB_1148_22,4DM24CS024,Sneha Acharya,DSC,Data Science,DSC – Statistics & Visualization,8.2,10,82.0,17.5,2026-06-06 07:24:00.127185+00:00,High,2026-06-06 12:54:19 IST
DB_1148_2,4DM24CS024,Sneha Acharya,PY,Python Programming,Python Fundamentals Quiz,9.5,10,95.0,8.6,2026-06-06 07:24:00.127185+00:00,High,2026-06-06 12:54:19 IST
DB_1148_10,4DM24CS024,Sneha Acharya,DS,Data Structures,DS – Sorting & Hashing,8.8,10,88.0,20.1,2026-06-06 07:24:00.127185+00:00,High,2026-06-06 12:54:19 IST
DB_1148_31,4DM24CS024,Sneha Acharya,PY,Python Programming,Python – Concurrency & Async,8.0,10,80.0,10.1,2026-06-06 07:24:00.127185+00:00,High,2026-06-06 12:54:19 IST
DB_1148_14,4DM24CS024,Sneha Acharya,PY,Python Programming,Python – Advanced Topics,7.6,10,76.0,18.3,2026-06-06 07:24:00.127185+00:00,High,2026-06-06 12:54:20 IST
DB_1148_17,4DM24CS024,Sneha Acharya,WD,Web Development,WD – Bootstrap & Responsive Design,7.8,10,78.0,15.9,2026-06-06 07:24:00.127185+00:00,High,2026-06-06 12:54:20 IST
DB_1148_9,4DM24CS024,Sneha Acharya,DS,Data Structures,DS – Trees & Graphs,7.2,10,72.0,10.2,2026-06-06 07:24:00.127185+00:00,Medium,2026-06-06 12:54:20 IST
DB_1148_5,4DM24CS024,Sneha Acharya,DSC,Data Science,Data Science Quiz,8.7,10,87.0,10.2,2026-06-06 07:24:00.127185+00:00,High,2026-06-06 12:54:20 IST
DB_1148_18,4DM24CS024,Sneha Acharya,CN,Computer Networks,CN – OSI & TCP/IP Models,8.0,10,80.0,12.4,2026-06-06 07:24:00.127185+00:00,High,2026-06-06 12:54:20 IST
DB_1148_30,4DM24CS024,Sneha Acharya,DS,Data Structures,DS – Graph Algorithms,7.8,10,78.0,13.3,2026-06-06 07:24:00.127185+00:00,High,2026-06-06 12:54:20 IST
DB_1148_36,4DM24CS024,Sneha Acharya,WD,Web Development,WD – React & Modern Frontend,9.0,10,90.0,10.3,2026-06-06 07:24:00.127185+00:00,High,2026-06-06 12:54:20 IST
DB_1148_13,4DM24CS024,Sneha Acharya,PY,Python Programming,Python – OOP Concepts,9.1,10,91.0,12.0,2026-06-06 07:24:00.127185+00:00,High,2026-06-06 12:54:20 IST
DB_1148_12,4DM24CS024,Sneha Acharya,PY,Python Programming,Python – Functions & Collections,7.6,10,76.0,11.3,2026-06-06 07:24:00.127185+00:00,High,2026-06-06 12:54:20 IST
DB_1148_34,4DM24CS024,Sneha Acharya,WD,Web Development,WD – Backend & APIs,7.8,10,78.0,16.7,2026-06-06 07:24:00.127185+00:00,High,2026-06-06 12:54:20 IST
DB_1148_16,4DM24CS024,Sneha Acharya,WD,Web Development,WD – JavaScript,8.2,10,82.0,12.3,2026-06-06 07:24:00.127185+00:00,High,2026-06-06 12:54:20 IST
DB_1148_39,4DM24CS024,Sneha Acharya,CN,Computer Networks,CN – Network Security & VPN,8.5,10,85.0,18.3,2026-06-06 07:24:00.127185+00:00,High,2026-06-06 12:54:20 IST
DB_1148_7,4DM24CS024,Sneha Acharya,DS,Data Structures,DS – Arrays & Linked Lists,9.1,10,91.0,14.2,2026-06-06 07:24:00.127185+00:00,High,2026-06-06 12:54:20 IST
DB_1148_19,4DM24CS024,Sneha Acharya,CN,Computer Networks,CN – IP Addressing & Subnetting,9.6,10,96.0,15.2,2026-06-06 07:24:00.127185+00:00,High,2026-06-06 12:54:20 IST
DB_1148_27,4DM24CS024,Sneha Acharya,AI,Artificial Intelligence & Machine Learning,AI – Model Evaluation & Neural Networks,7.4,10,74.0,22.3,2026-06-06 07:24:00.127185+00:00,Medium,2026-06-06 12:54:20 IST
DB_1148_6,4DM24CS024,Sneha Acharya,AI,Artificial Intelligence & Machine Learning,ML Basics Quiz,8.7,10,87.0,18.3,2026-06-06 07:24:00.127185+00:00,High,2026-06-06 12:54:20 IST
DB_1148_23,4DM24CS024,Sneha Acharya,DSC,Data Science,DSC – EDA & Feature Engineering,5.9,10,59.0,13.0,2026-06-06 07:24:00.127185+00:00,Medium,2026-06-06 12:54:20 IST
DB_1148_47,4DM24CS024,Sneha Acharya,CN,Computer Networks,Computer Networks Quiz,4.1,5,82.0,15.8,2026-06-06 07:24:00.127185+00:00,High,2026-06-06 12:54:20 IST
DB_1149_2,4DM24CS025,Ishita Ghosh,PY,Python Programming,Python Fundamentals Quiz,5.1,10,51.0,10.2,2026-06-06 07:24:00.127185+00:00,Medium,2026-06-06 12:54:20 IST
DB_1149_11,4DM24CS025,Ishita Ghosh,PY,Python Programming,Python – Basics & Control Flow,7.8,10,78.0,17.5,2026-06-06 07:24:00.127185+00:00,High,2026-06-06 12:54:20 IST
DB_1149_6,4DM24CS025,Ishita Ghosh,AI,Artificial Intelligence & Machine Learning,ML Basics Quiz,6.4,10,64.0,12.8,2026-06-06 07:24:00.127185+00:00,Medium,2026-06-06 12:54:20 IST
DB_1149_37,4DM24CS025,Ishita Ghosh,CN,Computer Networks,CN – TCP/IP Deep Dive,6.0,10,60.0,18.7,2026-06-06 07:24:00.127185+00:00,Medium,2026-06-06 12:54:20 IST
DB_1149_13,4DM24CS025,Ishita Ghosh,PY,Python Programming,Python – OOP Concepts,5.5,10,55.0,14.1,2026-06-06 07:24:00.127185+00:00,Medium,2026-06-06 12:54:20 IST
DB_1149_30,4DM24CS025,Ishita Ghosh,DS,Data Structures,DS – Graph Algorithms,6.0,10,60.0,14.0,2026-06-06 07:24:00.127185+00:00,Medium,2026-06-06 12:54:20 IST
DB_1149_29,4DM24CS025,Ishita Ghosh,DS,Data Structures,DS – Dynamic Programming,7.9,10,79.0,15.7,2026-06-06 07:24:00.127185+00:00,High,2026-06-06 12:54:20 IST
DB_1149_16,4DM24CS025,Ishita Ghosh,WD,Web Development,WD – JavaScript,6.0,10,60.0,18.6,2026-06-06 07:24:00.127185+00:00,Medium,2026-06-06 12:54:20 IST
DB_1149_5,4DM24CS025,Ishita Ghosh,DSC,Data Science,Data Science Quiz,6.7,10,67.0,18.0,2026-06-06 07:24:00.127185+00:00,Medium,2026-06-06 12:54:20 IST
DB_1149_3,4DM24CS025,Ishita Ghosh,WD,Web Development,Web Dev Basics Quiz,5.4,10,54.0,18.2,2026-06-06 07:24:00.127185+00:00,Medium,2026-06-06 12:54:20 IST
DB_1149_19,4DM24CS025,Ishita Ghosh,CN,Computer Networks,CN – IP Addressing & Subnetting,7.2,10,72.0,13.8,2026-06-06 07:24:00.127185+00:00,Medium,2026-06-06 12:54:20 IST
DB_1149_31,4DM24CS025,Ishita Ghosh,PY,Python Programming,Python – Concurrency & Async,6.4,10,64.0,13.0,2026-06-06 07:24:00.127185+00:00,Medium,2026-06-06 12:54:20 IST
DB_1149_20,4DM24CS025,Ishita Ghosh,CN,Computer Networks,CN – Routing & Protocols,7.2,10,72.0,17.7,2026-06-06 07:24:00.127185+00:00,Medium,2026-06-06 12:54:20 IST
DB_1149_44,4DM24CS025,Ishita Ghosh,AI,Artificial Intelligence & Machine Learning,AI – Advanced Training Techniques,8.0,10,80.0,12.7,2026-06-06 07:24:00.127185+00:00,High,2026-06-06 12:54:20 IST
DB_1149_4,4DM24CS025,Ishita Ghosh,CN,Computer Networks,Networking Concepts Quiz,7.2,10,72.0,13.9,2026-06-06 07:24:00.127185+00:00,Medium,2026-06-06 12:54:20 IST
DB_1149_18,4DM24CS025,Ishita Ghosh,CN,Computer Networks,CN – OSI & TCP/IP Models,6.6,10,66.0,17.4,2026-06-06 07:24:00.127185+00:00,Medium,2026-06-06 12:54:20 IST
DB_1149_40,4DM24CS025,Ishita Ghosh,DSC,Data Science,DSC – Feature Engineering & Pipelines,6.6,10,66.0,20.6,2026-06-06 07:24:00.127185+00:00,Medium,2026-06-06 12:54:20 IST
DB_1149_22,4DM24CS025,Ishita Ghosh,DSC,Data Science,DSC – Statistics & Visualization,7.3,10,73.0,10.9,2026-06-06 07:24:00.127185+00:00,Medium,2026-06-06 12:54:20 IST
DB_1149_28,4DM24CS025,Ishita Ghosh,DS,Data Structures,DS – Heaps & Priority Queues,5.5,10,55.0,11.6,2026-06-06 07:24:00.127185+00:00,Medium,2026-06-06 12:54:20 IST
DB_1149_23,4DM24CS025,Ishita Ghosh,DSC,Data Science,DSC – EDA & Feature Engineering,6.9,10,69.0,14.9,2026-06-06 07:24:00.127185+00:00,Medium,2026-06-06 12:54:20 IST
DB_1149_26,4DM24CS025,Ishita Ghosh,AI,Artificial Intelligence & Machine Learning,AI – Decision Trees & Clustering,5.8,10,58.0,11.9,2026-06-06 07:24:00.127185+00:00,Medium,2026-06-06 12:54:20 IST
DB_1149_10,4DM24CS025,Ishita Ghosh,DS,Data Structures,DS – Sorting & Hashing,8.1,10,81.0,13.0,2026-06-06 07:24:00.127185+00:00,High,2026-06-06 12:54:20 IST
DB_1149_9,4DM24CS025,Ishita Ghosh,DS,Data Structures,DS – Trees & Graphs,5.5,10,55.0,17.0,2026-06-06 07:24:00.127185+00:00,Medium,2026-06-06 12:54:20 IST
DB_1149_7,4DM24CS025,Ishita Ghosh,DS,Data Structures,DS – Arrays & Linked Lists,7.1,10,71.0,11.4,2026-06-06 07:24:00.127185+00:00,Medium,2026-06-06 12:54:20 IST
DB_1149_24,4DM24CS025,Ishita Ghosh,AI,Artificial Intelligence & Machine Learning,AI – ML Fundamentals,6.8,10,68.0,16.8,2026-06-06 07:24:00.127185+00:00,Medium,2026-06-06 12:54:20 IST
DB_1149_25,4DM24CS025,Ishita Ghosh,AI,Artificial Intelligence & Machine Learning,AI – Regression & Classification,7.5,10,75.0,13.6,2026-06-06 07:24:00.127185+00:00,High,2026-06-06 12:54:20 IST
DB_1149_27,4DM24CS025,Ishita Ghosh,AI,Artificial Intelligence & Machine Learning,AI – Model Evaluation & Neural Networks,5.7,10,57.0,21.6,2026-06-06 07:24:00.127185+00:00,Medium,2026-06-06 12:54:20 IST
DB_1149_21,4DM24CS025,Ishita Ghosh,DSC,Data Science,DSC – NumPy & Pandas,6.0,10,60.0,11.3,2026-06-06 07:24:00.127185+00:00,Medium,2026-06-06 12:54:20 IST
DB_1149_39,4DM24CS025,Ishita Ghosh,CN,Computer Networks,CN – Network Security & VPN,7.8,10,78.0,16.9,2026-06-06 07:24:00.127185+00:00,High,2026-06-06 12:54:20 IST
DB_1149_36,4DM24CS025,Ishita Ghosh,WD,Web Development,WD – React & Modern Frontend,6.2,10,62.0,14.0,2026-06-06 07:24:00.127185+00:00,Medium,2026-06-06 12:54:20 IST
DB_1149_41,4DM24CS025,Ishita Ghosh,DSC,Data Science,DSC – SQL & Data Querying,8.2,10,82.0,17.1,2026-06-06 07:24:00.127185+00:00,High,2026-06-06 12:54:20 IST
DB_1149_17,4DM24CS025,Ishita Ghosh,WD,Web Development,WD – Bootstrap & Responsive Design,6.4,10,64.0,14.7,2026-06-06 07:24:00.127185+00:00,Medium,2026-06-06 12:54:20 IST
DB_1149_47,4DM24CS025,Ishita Ghosh,CN,Computer Networks,Computer Networks Quiz,2.9,5,58.0,15.0,2026-06-06 07:24:00.127185+00:00,Medium,2026-06-06 12:54:20 IST
DB_1149_45,4DM24CS025,Ishita Ghosh,AI,Artificial Intelligence & Machine Learning,AI – Model Deployment & XAI,5.0,10,50.0,15.4,2026-06-06 07:24:00.127185+00:00,Medium,2026-06-06 12:54:20 IST
DB_1149_42,4DM24CS025,Ishita Ghosh,DSC,Data Science,DSC – Big Data & Dashboards,5.5,10,55.0,11.0,2026-06-06 07:24:00.127185+00:00,Medium,2026-06-06 12:54:20 IST
DB_1149_43,4DM24CS025,Ishita Ghosh,AI,Artificial Intelligence & Machine Learning,AI – Deep Learning Architectures,4.6,10,46.0,17.0,2026-06-06 07:24:00.127185+00:00,Low,2026-06-06 12:54:20 IST
DB_1149_32,4DM24CS025,Ishita Ghosh,PY,Python Programming,Python – Testing & Best Practices,6.5,10,65.0,16.5,2026-06-06 07:24:00.127185+00:00,Medium,2026-06-06 12:54:21 IST
DB_1149_14,4DM24CS025,Ishita Ghosh,PY,Python Programming,Python – Advanced Topics,7.6,10,76.0,22.1,2026-06-06 07:24:00.127185+00:00,High,2026-06-06 12:54:21 IST
DB_1149_8,4DM24CS025,Ishita Ghosh,DS,Data Structures,DS – Stacks & Queues,8.3,10,83.0,17.7,2026-06-06 07:24:00.127185+00:00,High,2026-06-06 12:54:21 IST
DB_1149_1,4DM24CS025,Ishita Ghosh,DS,Data Structures,Data Structures Quiz 1,6.4,10,64.0,13.8,2026-06-06 07:24:00.127185+00:00,Medium,2026-06-06 12:54:21 IST
DB_1149_48,4DM24CS025,Ishita Ghosh,DSC,Data Science,Data Science Fundamentals Quiz,3.0,5,60.0,12.9,2026-06-06 07:24:00.127185+00:00,Medium,2026-06-06 12:54:21 IST
DB_1150_23,4DM24CS026,Riya Pandey,DSC,Data Science,DSC – EDA & Feature Engineering,8.0,10,80.0,21.9,2026-06-06 07:24:00.127185+00:00,High,2026-06-06 12:54:21 IST
DB_1150_31,4DM24CS026,Riya Pandey,PY,Python Programming,Python – Concurrency & Async,7.3,10,73.0,14.7,2026-06-06 07:24:00.127185+00:00,Medium,2026-06-06 12:54:21 IST
DB_1150_30,4DM24CS026,Riya Pandey,DS,Data Structures,DS – Graph Algorithms,7.2,10,72.0,18.3,2026-06-06 07:24:00.127185+00:00,Medium,2026-06-06 12:54:21 IST
DB_1150_46,4DM24CS026,Riya Pandey,WD,Web Development,Web Development Basics Quiz,4.0,5,80.0,14.0,2026-06-06 07:24:00.127185+00:00,High,2026-06-06 12:54:21 IST
DB_1150_32,4DM24CS026,Riya Pandey,PY,Python Programming,Python – Testing & Best Practices,9.7,10,97.0,16.2,2026-06-06 07:24:00.127185+00:00,High,2026-06-06 12:54:21 IST
DB_1150_5,4DM24CS026,Riya Pandey,DSC,Data Science,Data Science Quiz,9.7,10,97.0,13.8,2026-06-06 07:24:00.127185+00:00,High,2026-06-06 12:54:21 IST
DB_1150_11,4DM24CS026,Riya Pandey,PY,Python Programming,Python – Basics & Control Flow,7.8,10,78.0,15.5,2026-06-06 07:24:00.127185+00:00,High,2026-06-06 12:54:21 IST
DB_1150_20,4DM24CS026,Riya Pandey,CN,Computer Networks,CN – Routing & Protocols,8.8,10,88.0,13.5,2026-06-06 07:24:00.127185+00:00,High,2026-06-06 12:54:21 IST
DB_1150_3,4DM24CS026,Riya Pandey,WD,Web Development,Web Dev Basics Quiz,8.5,10,85.0,17.6,2026-06-06 07:24:00.127185+00:00,High,2026-06-06 12:54:21 IST
DB_1150_10,4DM24CS026,Riya Pandey,DS,Data Structures,DS – Sorting & Hashing,7.7,10,77.0,15.0,2026-06-06 07:24:00.127185+00:00,High,2026-06-06 12:54:21 IST
DB_1150_13,4DM24CS026,Riya Pandey,PY,Python Programming,Python – OOP Concepts,8.9,10,89.0,14.3,2026-06-06 07:24:00.127185+00:00,High,2026-06-06 12:54:21 IST
DB_1150_19,4DM24CS026,Riya Pandey,CN,Computer Networks,CN – IP Addressing & Subnetting,9.8,10,98.0,16.7,2026-06-06 07:24:00.127185+00:00,High,2026-06-06 12:54:21 IST
DB_1150_8,4DM24CS026,Riya Pandey,DS,Data Structures,DS – Stacks & Queues,7.6,10,76.0,15.4,2026-06-06 07:24:00.127185+00:00,High,2026-06-06 12:54:21 IST
DB_1150_43,4DM24CS026,Riya Pandey,AI,Artificial Intelligence & Machine Learning,AI – Deep Learning Architectures,8.7,10,87.0,20.9,2026-06-06 07:24:00.127185+00:00,High,2026-06-06 12:54:21 IST
DB_1150_44,4DM24CS026,Riya Pandey,AI,Artificial Intelligence & Machine Learning,AI – Advanced Training Techniques,7.6,10,76.0,11.7,2026-06-06 07:24:00.127185+00:00,High,2026-06-06 12:54:21 IST
DB_1150_1,4DM24CS026,Riya Pandey,DS,Data Structures,Data Structures Quiz 1,8.7,10,87.0,11.3,2026-06-06 07:24:00.127185+00:00,High,2026-06-06 12:54:21 IST
DB_1150_2,4DM24CS026,Riya Pandey,PY,Python Programming,Python Fundamentals Quiz,8.9,10,89.0,11.1,2026-06-06 07:24:00.127185+00:00,High,2026-06-06 12:54:21 IST
DB_1150_16,4DM24CS026,Riya Pandey,WD,Web Development,WD – JavaScript,7.7,10,77.0,11.7,2026-06-06 07:24:00.127185+00:00,High,2026-06-06 12:54:21 IST
DB_1150_24,4DM24CS026,Riya Pandey,AI,Artificial Intelligence & Machine Learning,AI – ML Fundamentals,9.0,10,90.0,16.6,2026-06-06 07:24:00.127185+00:00,High,2026-06-06 12:54:21 IST
DB_1150_36,4DM24CS026,Riya Pandey,WD,Web Development,WD – React & Modern Frontend,9.5,10,95.0,18.6,2026-06-06 07:24:00.127185+00:00,High,2026-06-06 12:54:21 IST
DB_1150_6,4DM24CS026,Riya Pandey,AI,Artificial Intelligence & Machine Learning,ML Basics Quiz,8.9,10,89.0,13.2,2026-06-06 07:24:00.127185+00:00,High,2026-06-06 12:54:21 IST
DB_1150_40,4DM24CS026,Riya Pandey,DSC,Data Science,DSC – Feature Engineering & Pipelines,8.8,10,88.0,18.3,2026-06-06 07:24:00.127185+00:00,High,2026-06-06 12:54:21 IST
DB_1150_42,4DM24CS026,Riya Pandey,DSC,Data Science,DSC – Big Data & Dashboards,8.9,10,89.0,13.2,2026-06-06 07:24:00.128428+00:00,High,2026-06-06 12:54:21 IST
DB_1150_38,4DM24CS026,Riya Pandey,CN,Computer Networks,CN – IPv6 & NAT,5.5,10,55.0,11.1,2026-06-06 07:24:00.128428+00:00,Medium,2026-06-06 12:54:21 IST
DB_1150_22,4DM24CS026,Riya Pandey,DSC,Data Science,DSC – Statistics & Visualization,8.3,10,83.0,14.3,2026-06-06 07:24:00.128428+00:00,High,2026-06-06 12:54:21 IST
DB_1150_9,4DM24CS026,Riya Pandey,DS,Data Structures,DS – Trees & Graphs,9.2,10,92.0,12.3,2026-06-06 07:24:00.128428+00:00,High,2026-06-06 12:54:21 IST
DB_1150_33,4DM24CS026,Riya Pandey,PY,Python Programming,Python – Type Hints & Data Classes,8.7,10,87.0,14.9,2026-06-06 07:24:00.128428+00:00,High,2026-06-06 12:54:21 IST
DB_1150_37,4DM24CS026,Riya Pandey,CN,Computer Networks,CN – TCP/IP Deep Dive,7.6,10,76.0,23.3,2026-06-06 07:24:00.128428+00:00,High,2026-06-06 12:54:21 IST
DB_1150_15,4DM24CS026,Riya Pandey,WD,Web Development,WD – HTML & CSS,8.4,10,84.0,10.5,2026-06-06 07:24:00.128428+00:00,High,2026-06-06 12:54:21 IST
DB_1150_17,4DM24CS026,Riya Pandey,WD,Web Development,WD – Bootstrap & Responsive Design,8.5,10,85.0,14.9,2026-06-06 07:24:00.128428+00:00,High,2026-06-06 12:54:21 IST
DB_1150_25,4DM24CS026,Riya Pandey,AI,Artificial Intelligence & Machine Learning,AI – Regression & Classification,8.1,10,81.0,12.6,2026-06-06 07:24:00.128428+00:00,High,2026-06-06 12:54:21 IST
DB_1150_28,4DM24CS026,Riya Pandey,DS,Data Structures,DS – Heaps & Priority Queues,9.2,10,92.0,13.8,2026-06-06 07:24:00.128428+00:00,High,2026-06-06 12:54:21 IST
DB_1150_29,4DM24CS026,Riya Pandey,DS,Data Structures,DS – Dynamic Programming,6.9,10,69.0,19.9,2026-06-06 07:24:00.128428+00:00,Medium,2026-06-06 12:54:21 IST
DB_1150_26,4DM24CS026,Riya Pandey,AI,Artificial Intelligence & Machine Learning,AI – Decision Trees & Clustering,7.0,10,70.0,10.9,2026-06-06 07:24:00.128428+00:00,Medium,2026-06-06 12:54:21 IST
DB_1150_47,4DM24CS026,Riya Pandey,CN,Computer Networks,Computer Networks Quiz,4.2,5,84.0,18.9,2026-06-06 07:24:00.128428+00:00,High,2026-06-06 12:54:21 IST
DB_1150_48,4DM24CS026,Riya Pandey,DSC,Data Science,Data Science Fundamentals Quiz,4.0,5,80.0,14.2,2026-06-06 07:24:00.128428+00:00,High,2026-06-06 12:54:21 IST
DB_1150_4,4DM24CS026,Riya Pandey,CN,Computer Networks,Networking Concepts Quiz,8.1,10,81.0,14.3,2026-06-06 07:24:00.128428+00:00,High,2026-06-06 12:54:21 IST
DB_1150_45,4DM24CS026,Riya Pandey,AI,Artificial Intelligence & Machine Learning,AI – Model Deployment & XAI,8.1,10,81.0,17.8,2026-06-06 07:24:00.128428+00:00,High,2026-06-06 12:54:21 IST
DB_1150_41,4DM24CS026,Riya Pandey,DSC,Data Science,DSC – SQL & Data Querying,8.3,10,83.0,10.9,2026-06-06 07:24:00.128428+00:00,High,2026-06-06 12:54:21 IST
DB_1150_14,4DM24CS026,Riya Pandey,PY,Python Programming,Python – Advanced Topics,7.4,10,74.0,17.3,2026-06-06 07:24:00.128428+00:00,Medium,2026-06-06 12:54:21 IST
DB_1150_21,4DM24CS026,Riya Pandey,DSC,Data Science,DSC – NumPy & Pandas,7.0,10,70.0,15.9,2026-06-06 07:24:00.128428+00:00,Medium,2026-06-06 12:54:21 IST
DB_1150_18,4DM24CS026,Riya Pandey,CN,Computer Networks,CN – OSI & TCP/IP Models,7.2,10,72.0,13.9,2026-06-06 07:24:00.128428+00:00,Medium,2026-06-06 12:54:21 IST
DB_1150_34,4DM24CS026,Riya Pandey,WD,Web Development,WD – Backend & APIs,8.0,10,80.0,11.2,2026-06-06 07:24:00.128428+00:00,High,2026-06-06 12:54:21 IST
DB_1150_39,4DM24CS026,Riya Pandey,CN,Computer Networks,CN – Network Security & VPN,7.8,10,78.0,17.6,2026-06-06 07:24:00.128428+00:00,High,2026-06-06 12:54:21 IST
DB_1150_35,4DM24CS026,Riya Pandey,WD,Web Development,WD – Authentication & Security,7.0,10,70.0,15.4,2026-06-06 07:24:00.128428+00:00,Medium,2026-06-06 12:54:21 IST
DB_1150_27,4DM24CS026,Riya Pandey,AI,Artificial Intelligence & Machine Learning,AI – Model Evaluation & Neural Networks,8.5,10,85.0,19.3,2026-06-06 07:24:00.128428+00:00,High,2026-06-06 12:54:22 IST
DB_1150_7,4DM24CS026,Riya Pandey,DS,Data Structures,DS – Arrays & Linked Lists,8.6,10,86.0,16.4,2026-06-06 07:24:00.128428+00:00,High,2026-06-06 12:54:22 IST
DB_1150_12,4DM24CS026,Riya Pandey,PY,Python Programming,Python – Functions & Collections,9.2,10,92.0,14.9,2026-06-06 07:24:00.128428+00:00,High,2026-06-06 12:54:22 IST
DB_1151_4,4DM24CS027,Tanvi Deshmukh,CN,Computer Networks,Networking Concepts Quiz,5.1,10,51.0,14.1,2026-06-06 07:24:00.128428+00:00,Medium,2026-06-06 12:54:22 IST
DB_1151_35,4DM24CS027,Tanvi Deshmukh,WD,Web Development,WD – Authentication & Security,2.2,10,22.0,18.0,2026-06-06 07:24:00.128428+00:00,At-Risk,2026-06-06 12:54:22 IST
DB_1151_45,4DM24CS027,Tanvi Deshmukh,AI,Artificial Intelligence & Machine Learning,AI – Model Deployment & XAI,3.3,10,33.0,15.7,2026-06-06 07:24:00.128428+00:00,At-Risk,2026-06-06 12:54:22 IST
DB_1151_43,4DM24CS027,Tanvi Deshmukh,AI,Artificial Intelligence & Machine Learning,AI – Deep Learning Architectures,4.0,10,40.0,20.2,2026-06-06 07:24:00.128428+00:00,Low,2026-06-06 12:54:22 IST
DB_1151_23,4DM24CS027,Tanvi Deshmukh,DSC,Data Science,DSC – EDA & Feature Engineering,2.6,10,26.0,18.3,2026-06-06 07:24:00.128428+00:00,At-Risk,2026-06-06 12:54:22 IST
DB_1151_14,4DM24CS027,Tanvi Deshmukh,PY,Python Programming,Python – Advanced Topics,3.3,10,33.0,17.9,2026-06-06 07:24:00.128428+00:00,At-Risk,2026-06-06 12:54:22 IST
DB_1151_32,4DM24CS027,Tanvi Deshmukh,PY,Python Programming,Python – Testing & Best Practices,2.0,10,20.0,13.1,2026-06-06 07:24:00.128428+00:00,At-Risk,2026-06-06 12:54:22 IST
DB_1151_47,4DM24CS027,Tanvi Deshmukh,CN,Computer Networks,Computer Networks Quiz,0.9,5,18.0,13.5,2026-06-06 07:24:00.128428+00:00,At-Risk,2026-06-06 12:54:22 IST
DB_1151_33,4DM24CS027,Tanvi Deshmukh,PY,Python Programming,Python – Type Hints & Data Classes,4.3,10,43.0,11.0,2026-06-06 07:24:00.128428+00:00,Low,2026-06-06 12:54:22 IST
DB_1151_17,4DM24CS027,Tanvi Deshmukh,WD,Web Development,WD – Bootstrap & Responsive Design,3.5,10,35.0,13.4,2026-06-06 07:24:00.128428+00:00,Low,2026-06-06 12:54:22 IST
DB_1151_44,4DM24CS027,Tanvi Deshmukh,AI,Artificial Intelligence & Machine Learning,AI – Advanced Training Techniques,2.2,10,22.0,18.2,2026-06-06 07:24:00.128428+00:00,At-Risk,2026-06-06 12:54:22 IST
DB_1151_39,4DM24CS027,Tanvi Deshmukh,CN,Computer Networks,CN – Network Security & VPN,3.4,10,34.0,14.7,2026-06-06 07:24:00.128428+00:00,At-Risk,2026-06-06 12:54:22 IST
DB_1151_13,4DM24CS027,Tanvi Deshmukh,PY,Python Programming,Python – OOP Concepts,2.9,10,29.0,17.0,2026-06-06 07:24:00.128428+00:00,At-Risk,2026-06-06 12:54:22 IST
DB_1151_15,4DM24CS027,Tanvi Deshmukh,WD,Web Development,WD – HTML & CSS,2.8,10,28.0,16.0,2026-06-06 07:24:00.128428+00:00,At-Risk,2026-06-06 12:54:22 IST
DB_1151_21,4DM24CS027,Tanvi Deshmukh,DSC,Data Science,DSC – NumPy & Pandas,3.7,10,37.0,15.0,2026-06-06 07:24:00.128428+00:00,Low,2026-06-06 12:54:22 IST
DB_1151_24,4DM24CS027,Tanvi Deshmukh,AI,Artificial Intelligence & Machine Learning,AI – ML Fundamentals,3.3,10,33.0,10.3,2026-06-06 07:24:00.128428+00:00,At-Risk,2026-06-06 12:54:22 IST
DB_1151_8,4DM24CS027,Tanvi Deshmukh,DS,Data Structures,DS – Stacks & Queues,3.4,10,34.0,15.6,2026-06-06 07:24:00.128428+00:00,At-Risk,2026-06-06 12:54:22 IST
DB_1151_16,4DM24CS027,Tanvi Deshmukh,WD,Web Development,WD – JavaScript,3.7,10,37.0,10.1,2026-06-06 07:24:00.128428+00:00,Low,2026-06-06 12:54:22 IST
DB_1151_18,4DM24CS027,Tanvi Deshmukh,CN,Computer Networks,CN – OSI & TCP/IP Models,1.6,10,16.0,13.2,2026-06-06 07:24:00.128428+00:00,At-Risk,2026-06-06 12:54:22 IST
DB_1151_22,4DM24CS027,Tanvi Deshmukh,DSC,Data Science,DSC – Statistics & Visualization,1.2,10,12.0,13.5,2026-06-06 07:24:00.128428+00:00,At-Risk,2026-06-06 12:54:22 IST
DB_1151_25,4DM24CS027,Tanvi Deshmukh,AI,Artificial Intelligence & Machine Learning,AI – Regression & Classification,4.4,10,44.0,15.9,2026-06-06 07:24:00.128428+00:00,Low,2026-06-06 12:54:22 IST
DB_1151_41,4DM24CS027,Tanvi Deshmukh,DSC,Data Science,DSC – SQL & Data Querying,3.5,10,35.0,17.2,2026-06-06 07:24:00.128428+00:00,Low,2026-06-06 12:54:22 IST
DB_1151_19,4DM24CS027,Tanvi Deshmukh,CN,Computer Networks,CN – IP Addressing & Subnetting,2.6,10,26.0,20.4,2026-06-06 07:24:00.128428+00:00,At-Risk,2026-06-06 12:54:22 IST
DB_1151_6,4DM24CS027,Tanvi Deshmukh,AI,Artificial Intelligence & Machine Learning,ML Basics Quiz,2.6,10,26.0,15.1,2026-06-06 07:24:00.128428+00:00,At-Risk,2026-06-06 12:54:22 IST
DB_1152_43,4DM24CS028,Nandini Murthy,AI,Artificial Intelligence & Machine Learning,AI – Deep Learning Architectures,7.5,10,75.0,17.1,2026-06-06 07:24:00.128428+00:00,High,2026-06-06 12:54:22 IST
DB_1152_7,4DM24CS028,Nandini Murthy,DS,Data Structures,DS – Arrays & Linked Lists,7.8,10,78.0,14.9,2026-06-06 07:24:00.128428+00:00,High,2026-06-06 12:54:22 IST
DB_1152_21,4DM24CS028,Nandini Murthy,DSC,Data Science,DSC – NumPy & Pandas,7.4,10,74.0,11.9,2026-06-06 07:24:00.128428+00:00,Medium,2026-06-06 12:54:22 IST
DB_1152_3,4DM24CS028,Nandini Murthy,WD,Web Development,Web Dev Basics Quiz,8.4,10,84.0,11.1,2026-06-06 07:24:00.128428+00:00,High,2026-06-06 12:54:22 IST
DB_1152_23,4DM24CS028,Nandini Murthy,DSC,Data Science,DSC – EDA & Feature Engineering,9.8,10,98.0,13.1,2026-06-06 07:24:00.128428+00:00,High,2026-06-06 12:54:22 IST
DB_1152_10,4DM24CS028,Nandini Murthy,DS,Data Structures,DS – Sorting & Hashing,8.7,10,87.0,18.0,2026-06-06 07:24:00.128428+00:00,High,2026-06-06 12:54:22 IST
DB_1152_12,4DM24CS028,Nandini Murthy,PY,Python Programming,Python – Functions & Collections,8.8,10,88.0,10.8,2026-06-06 07:24:00.128428+00:00,High,2026-06-06 12:54:22 IST
DB_1152_41,4DM24CS028,Nandini Murthy,DSC,Data Science,DSC – SQL & Data Querying,8.5,10,85.0,16.9,2026-06-06 07:24:00.128428+00:00,High,2026-06-06 12:54:22 IST
DB_1152_24,4DM24CS028,Nandini Murthy,AI,Artificial Intelligence & Machine Learning,AI – ML Fundamentals,7.7,10,77.0,18.0,2026-06-06 07:24:00.128428+00:00,High,2026-06-06 12:54:22 IST
DB_1152_39,4DM24CS028,Nandini Murthy,CN,Computer Networks,CN – Network Security & VPN,7.0,10,70.0,17.2,2026-06-06 07:24:00.128428+00:00,Medium,2026-06-06 12:54:22 IST
DB_1152_34,4DM24CS028,Nandini Murthy,WD,Web Development,WD – Backend & APIs,8.5,10,85.0,15.2,2026-06-06 07:24:00.128428+00:00,High,2026-06-06 12:54:22 IST
DB_1152_1,4DM24CS028,Nandini Murthy,DS,Data Structures,Data Structures Quiz 1,8.3,10,83.0,15.3,2026-06-06 07:24:00.128428+00:00,High,2026-06-06 12:54:22 IST
DB_1152_40,4DM24CS028,Nandini Murthy,DSC,Data Science,DSC – Feature Engineering & Pipelines,8.3,10,83.0,19.5,2026-06-06 07:24:00.128428+00:00,High,2026-06-06 12:54:22 IST
DB_1152_25,4DM24CS028,Nandini Murthy,AI,Artificial Intelligence & Machine Learning,AI – Regression & Classification,7.2,10,72.0,18.9,2026-06-06 07:24:00.128428+00:00,Medium,2026-06-06 12:54:22 IST
DB_1152_45,4DM24CS028,Nandini Murthy,AI,Artificial Intelligence & Machine Learning,AI – Model Deployment & XAI,8.6,10,86.0,18.1,2026-06-06 07:24:00.128428+00:00,High,2026-06-06 12:54:22 IST
DB_1152_28,4DM24CS028,Nandini Murthy,DS,Data Structures,DS – Heaps & Priority Queues,7.0,10,70.0,15.9,2026-06-06 07:24:00.128428+00:00,Medium,2026-06-06 12:54:22 IST
DB_1152_36,4DM24CS028,Nandini Murthy,WD,Web Development,WD – React & Modern Frontend,7.9,10,79.0,12.2,2026-06-06 07:24:00.128428+00:00,High,2026-06-06 12:54:22 IST
DB_1152_31,4DM24CS028,Nandini Murthy,PY,Python Programming,Python – Concurrency & Async,8.9,10,89.0,11.2,2026-06-06 07:24:00.128428+00:00,High,2026-06-06 12:54:22 IST
DB_1152_8,4DM24CS028,Nandini Murthy,DS,Data Structures,DS – Stacks & Queues,7.4,10,74.0,12.3,2026-06-06 07:24:00.128428+00:00,Medium,2026-06-06 12:54:22 IST
DB_1152_44,4DM24CS028,Nandini Murthy,AI,Artificial Intelligence & Machine Learning,AI – Advanced Training Techniques,8.7,10,87.0,10.1,2026-06-06 07:24:00.128428+00:00,High,2026-06-06 12:54:22 IST
DB_1152_48,4DM24CS028,Nandini Murthy,DSC,Data Science,Data Science Fundamentals Quiz,4.2,5,84.0,13.9,2026-06-06 07:24:00.128428+00:00,High,2026-06-06 12:54:22 IST
DB_1152_26,4DM24CS028,Nandini Murthy,AI,Artificial Intelligence & Machine Learning,AI – Decision Trees & Clustering,8.7,10,87.0,17.1,2026-06-06 07:24:00.128428+00:00,High,2026-06-06 12:54:23 IST
DB_1152_35,4DM24CS028,Nandini Murthy,WD,Web Development,WD – Authentication & Security,6.8,10,68.0,12.9,2026-06-06 07:24:00.128428+00:00,Medium,2026-06-06 12:54:23 IST
DB_1152_33,4DM24CS028,Nandini Murthy,PY,Python Programming,Python – Type Hints & Data Classes,8.7,10,87.0,12.8,2026-06-06 07:24:00.128428+00:00,High,2026-06-06 12:54:23 IST
DB_1152_2,4DM24CS028,Nandini Murthy,PY,Python Programming,Python Fundamentals Quiz,7.5,10,75.0,10.1,2026-06-06 07:24:00.128428+00:00,High,2026-06-06 12:54:23 IST
DB_1152_18,4DM24CS028,Nandini Murthy,CN,Computer Networks,CN – OSI & TCP/IP Models,7.7,10,77.0,11.5,2026-06-06 07:24:00.128428+00:00,High,2026-06-06 12:54:23 IST
DB_1152_32,4DM24CS028,Nandini Murthy,PY,Python Programming,Python – Testing & Best Practices,8.0,10,80.0,13.9,2026-06-06 07:24:00.128428+00:00,High,2026-06-06 12:54:23 IST
DB_1152_22,4DM24CS028,Nandini Murthy,DSC,Data Science,DSC – Statistics & Visualization,8.0,10,80.0,18.4,2026-06-06 07:24:00.128428+00:00,High,2026-06-06 12:54:23 IST
DB_1152_42,4DM24CS028,Nandini Murthy,DSC,Data Science,DSC – Big Data & Dashboards,8.4,10,84.0,17.7,2026-06-06 07:24:00.128428+00:00,High,2026-06-06 12:54:23 IST
DB_1152_37,4DM24CS028,Nandini Murthy,CN,Computer Networks,CN – TCP/IP Deep Dive,9.1,10,91.0,17.5,2026-06-06 07:24:00.128428+00:00,High,2026-06-06 12:54:23 IST
DB_1152_13,4DM24CS028,Nandini Murthy,PY,Python Programming,Python – OOP Concepts,8.6,10,86.0,16.0,2026-06-06 07:24:00.128428+00:00,High,2026-06-06 12:54:23 IST
DB_1152_9,4DM24CS028,Nandini Murthy,DS,Data Structures,DS – Trees & Graphs,7.8,10,78.0,12.8,2026-06-06 07:24:00.128428+00:00,High,2026-06-06 12:54:23 IST
DB_1152_6,4DM24CS028,Nandini Murthy,AI,Artificial Intelligence & Machine Learning,ML Basics Quiz,9.1,10,91.0,12.0,2026-06-06 07:24:00.128428+00:00,High,2026-06-06 12:54:23 IST
DB_1152_5,4DM24CS028,Nandini Murthy,DSC,Data Science,Data Science Quiz,8.3,10,83.0,11.0,2026-06-06 07:24:00.128428+00:00,High,2026-06-06 12:54:23 IST
DB_1152_11,4DM24CS028,Nandini Murthy,PY,Python Programming,Python – Basics & Control Flow,9.4,10,94.0,17.7,2026-06-06 07:24:00.128428+00:00,High,2026-06-06 12:54:23 IST
DB_1152_14,4DM24CS028,Nandini Murthy,PY,Python Programming,Python – Advanced Topics,7.1,10,71.0,19.0,2026-06-06 07:24:00.128428+00:00,Medium,2026-06-06 12:54:23 IST
DB_1152_29,4DM24CS028,Nandini Murthy,DS,Data Structures,DS – Dynamic Programming,8.3,10,83.0,13.4,2026-06-06 07:24:00.128428+00:00,High,2026-06-06 12:54:23 IST
DB_1152_4,4DM24CS028,Nandini Murthy,CN,Computer Networks,Networking Concepts Quiz,7.2,10,72.0,10.1,2026-06-06 07:24:00.128428+00:00,Medium,2026-06-06 12:54:23 IST
DB_1152_38,4DM24CS028,Nandini Murthy,CN,Computer Networks,CN – IPv6 & NAT,8.4,10,84.0,11.5,2026-06-06 07:24:00.128428+00:00,High,2026-06-06 12:54:23 IST
DB_1152_47,4DM24CS028,Nandini Murthy,CN,Computer Networks,Computer Networks Quiz,4.0,5,80.0,12.8,2026-06-06 07:24:00.128428+00:00,High,2026-06-06 12:54:23 IST
DB_1152_16,4DM24CS028,Nandini Murthy,WD,Web Development,WD – JavaScript,7.9,10,79.0,12.6,2026-06-06 07:24:00.128428+00:00,High,2026-06-06 12:54:23 IST
DB_1152_19,4DM24CS028,Nandini Murthy,CN,Computer Networks,CN – IP Addressing & Subnetting,6.9,10,69.0,20.1,2026-06-06 07:24:00.128428+00:00,Medium,2026-06-06 12:54:23 IST
DB_1152_46,4DM24CS028,Nandini Murthy,WD,Web Development,Web Development Basics Quiz,3.9,5,78.0,13.8,2026-06-06 07:24:00.128428+00:00,High,2026-06-06 12:54:23 IST
DB_1152_20,4DM24CS028,Nandini Murthy,CN,Computer Networks,CN – Routing & Protocols,6.3,10,63.0,14.5,2026-06-06 07:24:00.128428+00:00,Medium,2026-06-06 12:54:23 IST
DB_1152_27,4DM24CS028,Nandini Murthy,AI,Artificial Intelligence & Machine Learning,AI – Model Evaluation & Neural Networks,7.2,10,72.0,15.8,2026-06-06 07:24:00.128428+00:00,Medium,2026-06-06 12:54:23 IST
DB_1152_15,4DM24CS028,Nandini Murthy,WD,Web Development,WD – HTML & CSS,8.0,10,80.0,12.0,2026-06-06 07:24:00.128428+00:00,High,2026-06-06 12:54:23 IST
DB_1152_17,4DM24CS028,Nandini Murthy,WD,Web Development,WD – Bootstrap & Responsive Design,8.6,10,86.0,16.4,2026-06-06 07:24:00.128428+00:00,High,2026-06-06 12:54:23 IST
DB_1152_30,4DM24CS028,Nandini Murthy,DS,Data Structures,DS – Graph Algorithms,8.6,10,86.0,16.1,2026-06-06 07:24:00.128428+00:00,High,2026-06-06 12:54:23 IST
DB_1153_8,4DM24CS029,Swati Balasubramaniam,DS,Data Structures,DS – Stacks & Queues,6.4,10,64.0,15.5,2026-06-06 07:24:00.128428+00:00,Medium,2026-06-06 12:54:23 IST
DB_1153_27,4DM24CS029,Swati Balasubramaniam,AI,Artificial Intelligence & Machine Learning,AI – Model Evaluation & Neural Networks,5.6,10,56.0,17.8,2026-06-06 07:24:00.128428+00:00,Medium,2026-06-06 12:54:23 IST
DB_1153_24,4DM24CS029,Swati Balasubramaniam,AI,Artificial Intelligence & Machine Learning,AI – ML Fundamentals,4.7,10,47.0,13.6,2026-06-06 07:24:00.128428+00:00,Low,2026-06-06 12:54:23 IST
DB_1153_19,4DM24CS029,Swati Balasubramaniam,CN,Computer Networks,CN – IP Addressing & Subnetting,6.3,10,63.0,19.2,2026-06-06 07:24:00.128428+00:00,Medium,2026-06-06 12:54:23 IST
DB_1153_10,4DM24CS029,Swati Balasubramaniam,DS,Data Structures,DS – Sorting & Hashing,6.6,10,66.0,12.6,2026-06-06 07:24:00.128428+00:00,Medium,2026-06-06 12:54:23 IST
DB_1153_9,4DM24CS029,Swati Balasubramaniam,DS,Data Structures,DS – Trees & Graphs,6.6,10,66.0,15.1,2026-06-06 07:24:00.128428+00:00,Medium,2026-06-06 12:54:23 IST
DB_1153_37,4DM24CS029,Swati Balasubramaniam,CN,Computer Networks,CN – TCP/IP Deep Dive,6.5,10,65.0,20.5,2026-06-06 07:24:00.128428+00:00,Medium,2026-06-06 12:54:23 IST
DB_1153_23,4DM24CS029,Swati Balasubramaniam,DSC,Data Science,DSC – EDA & Feature Engineering,8.9,10,89.0,12.6,2026-06-06 07:24:00.128428+00:00,High,2026-06-06 12:54:23 IST
DB_1153_34,4DM24CS029,Swati Balasubramaniam,WD,Web Development,WD – Backend & APIs,5.1,10,51.0,15.2,2026-06-06 07:24:00.128428+00:00,Medium,2026-06-06 12:54:23 IST
DB_1153_21,4DM24CS029,Swati Balasubramaniam,DSC,Data Science,DSC – NumPy & Pandas,6.7,10,67.0,16.9,2026-06-06 07:24:00.128428+00:00,Medium,2026-06-06 12:54:23 IST
DB_1153_40,4DM24CS029,Swati Balasubramaniam,DSC,Data Science,DSC – Feature Engineering & Pipelines,7.2,10,72.0,14.1,2026-06-06 07:24:00.128428+00:00,Medium,2026-06-06 12:54:23 IST
DB_1153_29,4DM24CS029,Swati Balasubramaniam,DS,Data Structures,DS – Dynamic Programming,8.4,10,84.0,17.9,2026-06-06 07:24:00.128428+00:00,High,2026-06-06 12:54:23 IST
DB_1153_31,4DM24CS029,Swati Balasubramaniam,PY,Python Programming,Python – Concurrency & Async,8.0,10,80.0,14.3,2026-06-06 07:24:00.128428+00:00,High,2026-06-06 12:54:23 IST
DB_1153_14,4DM24CS029,Swati Balasubramaniam,PY,Python Programming,Python – Advanced Topics,7.2,10,72.0,13.0,2026-06-06 07:24:00.128428+00:00,Medium,2026-06-06 12:54:23 IST
DB_1153_35,4DM24CS029,Swati Balasubramaniam,WD,Web Development,WD – Authentication & Security,7.5,10,75.0,12.0,2026-06-06 07:24:00.128428+00:00,High,2026-06-06 12:54:23 IST
DB_1153_1,4DM24CS029,Swati Balasubramaniam,DS,Data Structures,Data Structures Quiz 1,6.2,10,62.0,10.9,2026-06-06 07:24:00.128428+00:00,Medium,2026-06-06 12:54:23 IST
DB_1153_7,4DM24CS029,Swati Balasubramaniam,DS,Data Structures,DS – Arrays & Linked Lists,6.8,10,68.0,12.7,2026-06-06 07:24:00.128428+00:00,Medium,2026-06-06 12:54:23 IST
DB_1153_41,4DM24CS029,Swati Balasubramaniam,DSC,Data Science,DSC – SQL & Data Querying,6.4,10,64.0,10.4,2026-06-06 07:24:00.128428+00:00,Medium,2026-06-06 12:54:23 IST
DB_1153_28,4DM24CS029,Swati Balasubramaniam,DS,Data Structures,DS – Heaps & Priority Queues,5.8,10,58.0,16.4,2026-06-06 07:24:00.128428+00:00,Medium,2026-06-06 12:54:23 IST
DB_1153_15,4DM24CS029,Swati Balasubramaniam,WD,Web Development,WD – HTML & CSS,5.2,10,52.0,10.6,2026-06-06 07:24:00.128428+00:00,Medium,2026-06-06 12:54:23 IST
DB_1153_16,4DM24CS029,Swati Balasubramaniam,WD,Web Development,WD – JavaScript,9.1,10,91.0,14.6,2026-06-06 07:24:00.128428+00:00,High,2026-06-06 12:54:23 IST
DB_1153_5,4DM24CS029,Swati Balasubramaniam,DSC,Data Science,Data Science Quiz,7.1,10,71.0,18.3,2026-06-06 07:24:00.128428+00:00,Medium,2026-06-06 12:54:23 IST
DB_1153_30,4DM24CS029,Swati Balasubramaniam,DS,Data Structures,DS – Graph Algorithms,6.5,10,65.0,18.5,2026-06-06 07:24:00.128428+00:00,Medium,2026-06-06 12:54:24 IST
DB_1153_2,4DM24CS029,Swati Balasubramaniam,PY,Python Programming,Python Fundamentals Quiz,8.0,10,80.0,7.9,2026-06-06 07:24:00.128428+00:00,High,2026-06-06 12:54:24 IST
DB_1153_44,4DM24CS029,Swati Balasubramaniam,AI,Artificial Intelligence & Machine Learning,AI – Advanced Training Techniques,6.3,10,63.0,13.3,2026-06-06 07:24:00.128428+00:00,Medium,2026-06-06 12:54:24 IST
DB_1153_45,4DM24CS029,Swati Balasubramaniam,AI,Artificial Intelligence & Machine Learning,AI – Model Deployment & XAI,6.8,10,68.0,12.4,2026-06-06 07:24:00.128428+00:00,Medium,2026-06-06 12:54:24 IST
DB_1153_20,4DM24CS029,Swati Balasubramaniam,CN,Computer Networks,CN – Routing & Protocols,5.5,10,55.0,16.6,2026-06-06 07:24:00.128428+00:00,Medium,2026-06-06 12:54:24 IST
DB_1153_26,4DM24CS029,Swati Balasubramaniam,AI,Artificial Intelligence & Machine Learning,AI – Decision Trees & Clustering,7.0,10,70.0,15.6,2026-06-06 07:24:00.128428+00:00,Medium,2026-06-06 12:54:24 IST
DB_1153_39,4DM24CS029,Swati Balasubramaniam,CN,Computer Networks,CN – Network Security & VPN,5.9,10,59.0,13.9,2026-06-06 07:24:00.128428+00:00,Medium,2026-06-06 12:54:24 IST
DB_1153_33,4DM24CS029,Swati Balasubramaniam,PY,Python Programming,Python – Type Hints & Data Classes,9.1,10,91.0,11.4,2026-06-06 07:24:00.128428+00:00,High,2026-06-06 12:54:24 IST
DB_1153_43,4DM24CS029,Swati Balasubramaniam,AI,Artificial Intelligence & Machine Learning,AI – Deep Learning Architectures,7.8,10,78.0,20.1,2026-06-06 07:24:00.128428+00:00,High,2026-06-06 12:54:24 IST
DB_1153_13,4DM24CS029,Swati Balasubramaniam,PY,Python Programming,Python – OOP Concepts,7.8,10,78.0,15.2,2026-06-06 07:24:00.128428+00:00,High,2026-06-06 12:54:24 IST
DB_1153_38,4DM24CS029,Swati Balasubramaniam,CN,Computer Networks,CN – IPv6 & NAT,7.0,10,70.0,10.7,2026-06-06 07:24:00.128428+00:00,Medium,2026-06-06 12:54:24 IST
DB_1153_46,4DM24CS029,Swati Balasubramaniam,WD,Web Development,Web Development Basics Quiz,3.5,5,70.0,16.9,2026-06-06 07:24:00.128428+00:00,Medium,2026-06-06 12:54:24 IST
DB_1153_36,4DM24CS029,Swati Balasubramaniam,WD,Web Development,WD – React & Modern Frontend,7.8,10,78.0,12.5,2026-06-06 07:24:00.128428+00:00,High,2026-06-06 12:54:24 IST
DB_1153_47,4DM24CS029,Swati Balasubramaniam,CN,Computer Networks,Computer Networks Quiz,3.6,5,72.0,11.8,2026-06-06 07:24:00.128428+00:00,Medium,2026-06-06 12:54:24 IST
DB_1153_25,4DM24CS029,Swati Balasubramaniam,AI,Artificial Intelligence & Machine Learning,AI – Regression & Classification,7.5,10,75.0,10.6,2026-06-06 07:24:00.128428+00:00,High,2026-06-06 12:54:24 IST
DB_1153_32,4DM24CS029,Swati Balasubramaniam,PY,Python Programming,Python – Testing & Best Practices,5.4,10,54.0,10.8,2026-06-06 07:24:00.128428+00:00,Medium,2026-06-06 12:54:24 IST
DB_1153_12,4DM24CS029,Swati Balasubramaniam,PY,Python Programming,Python – Functions & Collections,8.1,10,81.0,11.2,2026-06-06 07:24:00.128428+00:00,High,2026-06-06 12:54:24 IST
DB_1153_18,4DM24CS029,Swati Balasubramaniam,CN,Computer Networks,CN – OSI & TCP/IP Models,6.4,10,64.0,16.9,2026-06-06 07:24:00.128428+00:00,Medium,2026-06-06 12:54:24 IST
DB_1153_11,4DM24CS029,Swati Balasubramaniam,PY,Python Programming,Python – Basics & Control Flow,6.3,10,63.0,16.1,2026-06-06 07:24:00.128428+00:00,Medium,2026-06-06 12:54:24 IST
DB_1154_22,4DM24CS030,Bhavana Krishnaswamy,DSC,Data Science,DSC – Statistics & Visualization,7.5,10,75.0,15.0,2026-06-06 07:24:00.128428+00:00,High,2026-06-06 12:54:24 IST
DB_1154_3,4DM24CS030,Bhavana Krishnaswamy,WD,Web Development,Web Dev Basics Quiz,7.8,10,78.0,11.8,2026-06-06 07:24:00.128428+00:00,High,2026-06-06 12:54:24 IST
DB_1154_32,4DM24CS030,Bhavana Krishnaswamy,PY,Python Programming,Python – Testing & Best Practices,6.8,10,68.0,17.7,2026-06-06 07:24:00.128428+00:00,Medium,2026-06-06 12:54:24 IST
DB_1154_17,4DM24CS030,Bhavana Krishnaswamy,WD,Web Development,WD – Bootstrap & Responsive Design,8.0,10,80.0,15.6,2026-06-06 07:24:00.128428+00:00,High,2026-06-06 12:54:24 IST
DB_1154_47,4DM24CS030,Bhavana Krishnaswamy,CN,Computer Networks,Computer Networks Quiz,3.1,5,62.0,17.5,2026-06-06 07:24:00.128428+00:00,Medium,2026-06-06 12:54:24 IST
DB_1154_6,4DM24CS030,Bhavana Krishnaswamy,AI,Artificial Intelligence & Machine Learning,ML Basics Quiz,8.3,10,83.0,11.2,2026-06-06 07:24:00.128428+00:00,High,2026-06-06 12:54:24 IST
DB_1154_2,4DM24CS030,Bhavana Krishnaswamy,PY,Python Programming,Python Fundamentals Quiz,6.8,10,68.0,8.2,2026-06-06 07:24:00.128428+00:00,Medium,2026-06-06 12:54:24 IST
DB_1154_23,4DM24CS030,Bhavana Krishnaswamy,DSC,Data Science,DSC – EDA & Feature Engineering,7.2,10,72.0,16.4,2026-06-06 07:24:00.128428+00:00,Medium,2026-06-06 12:54:24 IST
DB_1154_31,4DM24CS030,Bhavana Krishnaswamy,PY,Python Programming,Python – Concurrency & Async,6.4,10,64.0,13.8,2026-06-06 07:24:00.128428+00:00,Medium,2026-06-06 12:54:24 IST
DB_1154_11,4DM24CS030,Bhavana Krishnaswamy,PY,Python Programming,Python – Basics & Control Flow,5.5,10,55.0,16.0,2026-06-06 07:24:00.128428+00:00,Medium,2026-06-06 12:54:24 IST
DB_1154_7,4DM24CS030,Bhavana Krishnaswamy,DS,Data Structures,DS – Arrays & Linked Lists,7.6,10,76.0,15.8,2026-06-06 07:24:00.128428+00:00,High,2026-06-06 12:54:24 IST
DB_1154_14,4DM24CS030,Bhavana Krishnaswamy,PY,Python Programming,Python – Advanced Topics,5.7,10,57.0,23.5,2026-06-06 07:24:00.128428+00:00,Medium,2026-06-06 12:54:24 IST
DB_1154_15,4DM24CS030,Bhavana Krishnaswamy,WD,Web Development,WD – HTML & CSS,6.3,10,63.0,17.9,2026-06-06 07:24:00.128428+00:00,Medium,2026-06-06 12:54:24 IST
DB_1154_30,4DM24CS030,Bhavana Krishnaswamy,DS,Data Structures,DS – Graph Algorithms,7.3,10,73.0,17.3,2026-06-06 07:24:00.128428+00:00,Medium,2026-06-06 12:54:24 IST
DB_1154_20,4DM24CS030,Bhavana Krishnaswamy,CN,Computer Networks,CN – Routing & Protocols,8.5,10,85.0,18.4,2026-06-06 07:24:00.128428+00:00,High,2026-06-06 12:54:24 IST
DB_1154_36,4DM24CS030,Bhavana Krishnaswamy,WD,Web Development,WD – React & Modern Frontend,8.3,10,83.0,16.2,2026-06-06 07:24:00.128428+00:00,High,2026-06-06 12:54:24 IST
DB_1154_43,4DM24CS030,Bhavana Krishnaswamy,AI,Artificial Intelligence & Machine Learning,AI – Deep Learning Architectures,6.9,10,69.0,13.7,2026-06-06 07:24:00.128428+00:00,Medium,2026-06-06 12:54:24 IST
DB_1154_35,4DM24CS030,Bhavana Krishnaswamy,WD,Web Development,WD – Authentication & Security,7.0,10,70.0,15.0,2026-06-06 07:24:00.128428+00:00,Medium,2026-06-06 12:54:24 IST
DB_1154_13,4DM24CS030,Bhavana Krishnaswamy,PY,Python Programming,Python – OOP Concepts,4.6,10,46.0,14.5,2026-06-06 07:24:00.128428+00:00,Low,2026-06-06 12:54:24 IST
DB_1154_38,4DM24CS030,Bhavana Krishnaswamy,CN,Computer Networks,CN – IPv6 & NAT,8.6,10,86.0,16.7,2026-06-06 07:24:00.128428+00:00,High,2026-06-06 12:54:24 IST
DB_1154_21,4DM24CS030,Bhavana Krishnaswamy,DSC,Data Science,DSC – NumPy & Pandas,7.4,10,74.0,15.3,2026-06-06 07:24:00.128428+00:00,Medium,2026-06-06 12:54:24 IST
DB_1154_39,4DM24CS030,Bhavana Krishnaswamy,CN,Computer Networks,CN – Network Security & VPN,6.5,10,65.0,13.0,2026-06-06 07:24:00.128428+00:00,Medium,2026-06-06 12:54:24 IST
DB_1154_42,4DM24CS030,Bhavana Krishnaswamy,DSC,Data Science,DSC – Big Data & Dashboards,7.1,10,71.0,15.4,2026-06-06 07:24:00.128428+00:00,Medium,2026-06-06 12:54:24 IST
DB_1154_5,4DM24CS030,Bhavana Krishnaswamy,DSC,Data Science,Data Science Quiz,5.9,10,59.0,12.3,2026-06-06 07:24:00.128428+00:00,Medium,2026-06-06 12:54:24 IST
DB_1154_34,4DM24CS030,Bhavana Krishnaswamy,WD,Web Development,WD – Backend & APIs,6.0,10,60.0,10.3,2026-06-06 07:24:00.128428+00:00,Medium,2026-06-06 12:54:24 IST
DB_1154_33,4DM24CS030,Bhavana Krishnaswamy,PY,Python Programming,Python – Type Hints & Data Classes,6.6,10,66.0,12.5,2026-06-06 07:24:00.128428+00:00,Medium,2026-06-06 12:54:24 IST
DB_1154_9,4DM24CS030,Bhavana Krishnaswamy,DS,Data Structures,DS – Trees & Graphs,7.0,10,70.0,14.9,2026-06-06 07:24:00.128428+00:00,Medium,2026-06-06 12:54:24 IST
DB_1154_24,4DM24CS030,Bhavana Krishnaswamy,AI,Artificial Intelligence & Machine Learning,AI – ML Fundamentals,5.5,10,55.0,12.6,2026-06-06 07:24:00.128428+00:00,Medium,2026-06-06 12:54:24 IST
DB_1154_25,4DM24CS030,Bhavana Krishnaswamy,AI,Artificial Intelligence & Machine Learning,AI – Regression & Classification,5.7,10,57.0,18.8,2026-06-06 07:24:00.128428+00:00,Medium,2026-06-06 12:54:24 IST
DB_1154_19,4DM24CS030,Bhavana Krishnaswamy,CN,Computer Networks,CN – IP Addressing & Subnetting,7.4,10,74.0,13.8,2026-06-06 07:24:00.128428+00:00,Medium,2026-06-06 12:54:25 IST
DB_1154_40,4DM24CS030,Bhavana Krishnaswamy,DSC,Data Science,DSC – Feature Engineering & Pipelines,7.0,10,70.0,12.6,2026-06-06 07:24:00.128428+00:00,Medium,2026-06-06 12:54:25 IST
DB_1154_48,4DM24CS030,Bhavana Krishnaswamy,DSC,Data Science,Data Science Fundamentals Quiz,2.7,5,54.0,17.0,2026-06-06 07:24:00.128428+00:00,Medium,2026-06-06 12:54:25 IST
DB_1154_26,4DM24CS030,Bhavana Krishnaswamy,AI,Artificial Intelligence & Machine Learning,AI – Decision Trees & Clustering,7.2,10,72.0,10.3,2026-06-06 07:24:00.128428+00:00,Medium,2026-06-06 12:54:25 IST
DB_1154_45,4DM24CS030,Bhavana Krishnaswamy,AI,Artificial Intelligence & Machine Learning,AI – Model Deployment & XAI,5.4,10,54.0,11.8,2026-06-06 07:24:00.128428+00:00,Medium,2026-06-06 12:54:25 IST
DB_1154_16,4DM24CS030,Bhavana Krishnaswamy,WD,Web Development,WD – JavaScript,6.2,10,62.0,16.4,2026-06-06 07:24:00.128428+00:00,Medium,2026-06-06 12:54:25 IST
DB_1154_29,4DM24CS030,Bhavana Krishnaswamy,DS,Data Structures,DS – Dynamic Programming,4.4,10,44.0,13.7,2026-06-06 07:24:00.128428+00:00,Low,2026-06-06 12:54:25 IST
DB_1154_28,4DM24CS030,Bhavana Krishnaswamy,DS,Data Structures,DS – Heaps & Priority Queues,8.5,10,85.0,13.0,2026-06-06 07:24:00.128428+00:00,High,2026-06-06 12:54:25 IST
DB_1154_27,4DM24CS030,Bhavana Krishnaswamy,AI,Artificial Intelligence & Machine Learning,AI – Model Evaluation & Neural Networks,7.3,10,73.0,22.0,2026-06-06 07:24:00.128428+00:00,Medium,2026-06-06 12:54:25 IST
DB_1154_8,4DM24CS030,Bhavana Krishnaswamy,DS,Data Structures,DS – Stacks & Queues,7.0,10,70.0,17.1,2026-06-06 07:24:00.128428+00:00,Medium,2026-06-06 12:54:25 IST
DB_1154_1,4DM24CS030,Bhavana Krishnaswamy,DS,Data Structures,Data Structures Quiz 1,6.5,10,65.0,18.3,2026-06-06 07:24:00.128428+00:00,Medium,2026-06-06 12:54:25 IST
DB_1154_4,4DM24CS030,Bhavana Krishnaswamy,CN,Computer Networks,Networking Concepts Quiz,6.2,10,62.0,14.8,2026-06-06 07:24:00.128428+00:00,Medium,2026-06-06 12:54:25 IST
DB_2_7,R_qz_stu,qz_stu,QS,Quiz Subject,Test Quiz,0.0,10,0.0,0.0,2026-08-26 15:18:43.313829+00:00,At-Risk,2026-08-26 20:48:43 IST
